{
  "fold": "2026",
  "variant": {
    "variant": "stocks_h126_s15_top3_reb63_z10",
    "candidate_universe": "stocks",
    "horizon_bars": 126,
    "sleeve_fraction": 0.15,
    "top_k": 3,
    "max_name_weight": 0.05,
    "rebalance_every": 63,
    "min_score_z": 1.0,
    "max_candidate_vol": 0.0,
    "max_benchmark_vol": 0.0,
    "high_vol_scale": 1.0,
    "max_benchmark_drawdown": 0.0,
    "drawdown_scale": 1.0
  },
  "summary": {
    "benchmark": "VOO",
    "start_equity": 100000.0,
    "final_equity": 113341.48578698988,
    "total_return": 0.13341485786989882,
    "benchmark_return": 0.11332340967682053,
    "excess_return_vs_benchmark": 0.020091448193078287,
    "annualized_return": 0.36261316356093864,
    "benchmark_annualized_return": 0.3037134217092985,
    "volatility": 0.13789794339469647,
    "benchmark_volatility": 0.13334875605011126,
    "sharpe": 2.629576298488036,
    "benchmark_sharpe": 2.277587213450763,
    "sortino": 4.245354548634333,
    "benchmark_sortino": 3.477985850868561,
    "max_drawdown": 0.08900459567555807,
    "benchmark_max_drawdown": 0.08900459567555807,
    "total_cost": 3.1254752085604656,
    "turnover": 0.15627376042802327,
    "num_rebalances": 1,
    "num_orders": 4,
    "num_alpha_symbols_traded": 3,
    "average_active_weight": 0.03413627989542479,
    "max_active_weight": 0.1016062592987046,
    "execution_mode": "next_open",
    "cost_model": {
      "mode": "next_open",
      "spread_bps": 2.0,
      "slippage_bps": 1.0,
      "commission_per_share": 0.0,
      "min_commission": 0.0,
      "sec_fees_bps_sell": 0.0
    },
    "selection_dates": 2,
    "selection_rows": 6,
    "mean_selected_forward_excess": 0.0,
    "min_score_z": 1.0,
    "max_candidate_vol": 0.0,
    "max_benchmark_vol": 0.0,
    "high_vol_scale": 1.0,
    "max_benchmark_drawdown": 0.0,
    "drawdown_scale": 1.0,
    "average_sleeve_scale": 1.0
  },
  "training": {
    "objective": "lambdarank",
    "train_rows": 146412,
    "validation_rows": 52248,
    "train_dates": 1743,
    "validation_dates": 622,
    "purged_dates": 126,
    "best_iteration": 5,
    "best_score": {
      "valid": {
        "ndcg@1": 0.5190782422293676,
        "ndcg@3": 0.48592954139741806,
        "ndcg@5": 0.4803487916945005
      }
    },
    "train_metrics": {
      "mean_top_excess": 0.17839969323208102,
      "mean_universe_excess": 0.01177525243612922,
      "mean_top_minus_universe": 0.16662444079595182,
      "top1_hit_rate": 0.8502581755593803,
      "mean_rank_ic": 0.1640349122246683,
      "dates": 1743.0
    },
    "validation_metrics": {
      "mean_top_excess": 0.043007575777786924,
      "mean_universe_excess": -0.021941056685081,
      "mean_top_minus_universe": 0.06494863246286792,
      "top1_hit_rate": 0.5884244372990354,
      "mean_rank_ic": 0.13136905408536184,
      "dates": 622.0
    }
  },
  "status": "research_only_insufficient_breadth",
  "model_file": "reports/batches/2026-06-03_yahoo100_daily_ranker_walkforward_slow_horizons_2018_2026/fold_artifacts/stocks_h126_s15_top3_reb63_z10/2026/model.txt"
}
