{
  "fold": "2026",
  "variant": {
    "variant": "stocks_h63_s10_top3_reb63_z10",
    "candidate_universe": "stocks",
    "horizon_bars": 63,
    "sleeve_fraction": 0.1,
    "top_k": 3,
    "max_name_weight": 0.04,
    "rebalance_every": 63,
    "min_score_z": 1.0,
    "max_candidate_vol": 0.0,
    "max_benchmark_vol": 0.0,
    "high_vol_scale": 1.0,
    "max_benchmark_drawdown": 0.0,
    "drawdown_scale": 1.0
  },
  "summary": {
    "benchmark": "VOO",
    "start_equity": 100000.0,
    "final_equity": 113890.61574204147,
    "total_return": 0.13890615742041468,
    "benchmark_return": 0.11332340967682053,
    "excess_return_vs_benchmark": 0.025582747743594147,
    "annualized_return": 0.3789815078600891,
    "benchmark_annualized_return": 0.3037134217092985,
    "volatility": 0.14181431091270613,
    "benchmark_volatility": 0.13334875605011126,
    "sharpe": 2.672378446300609,
    "benchmark_sharpe": 2.277587213450763,
    "sortino": 4.385317866319506,
    "benchmark_sortino": 3.477985850868561,
    "max_drawdown": 0.08900459567555807,
    "benchmark_max_drawdown": 0.08900459567555807,
    "total_cost": 2.028817240644514,
    "turnover": 0.1014408620322257,
    "num_rebalances": 1,
    "num_orders": 4,
    "num_alpha_symbols_traded": 3,
    "average_active_weight": 0.025863347355570422,
    "max_active_weight": 0.08067892805147747,
    "execution_mode": "next_open",
    "cost_model": {
      "mode": "next_open",
      "spread_bps": 2.0,
      "slippage_bps": 1.0,
      "commission_per_share": 0.0,
      "min_commission": 0.0,
      "sec_fees_bps_sell": 0.0
    },
    "selection_dates": 2,
    "selection_rows": 6,
    "mean_selected_forward_excess": 0.08660526245031021,
    "min_score_z": 1.0,
    "max_candidate_vol": 0.0,
    "max_benchmark_vol": 0.0,
    "high_vol_scale": 1.0,
    "max_benchmark_drawdown": 0.0,
    "drawdown_scale": 1.0,
    "average_sleeve_scale": 1.0
  },
  "training": {
    "objective": "lambdarank",
    "train_rows": 153132,
    "validation_rows": 52752,
    "train_dates": 1823,
    "validation_dates": 628,
    "purged_dates": 63,
    "best_iteration": 19,
    "best_score": {
      "valid": {
        "ndcg@1": 0.4908704883227176,
        "ndcg@3": 0.4927443548252377,
        "ndcg@5": 0.47823553819066494
      }
    },
    "train_metrics": {
      "mean_top_excess": 0.1381480356187749,
      "mean_universe_excess": 0.0053402843428116565,
      "mean_top_minus_universe": 0.13280775127596323,
      "top1_hit_rate": 0.8859023587493143,
      "mean_rank_ic": 0.1267159049842714,
      "dates": 1823.0
    },
    "validation_metrics": {
      "mean_top_excess": 0.03770592537378617,
      "mean_universe_excess": -0.009409317312611853,
      "mean_top_minus_universe": 0.04711524268639802,
      "top1_hit_rate": 0.5732484076433121,
      "mean_rank_ic": 0.07229801280360018,
      "dates": 628.0
    }
  },
  "status": "research_only_insufficient_breadth",
  "model_file": "reports/batches/2026-06-03_yahoo100_daily_ranker_walkforward_slow_horizons_2018_2026/fold_artifacts/stocks_h63_s10_top3_reb63_z10/2026/model.txt"
}
