{
  "fold": "2018",
  "variant": {
    "variant": "stocks_h63_s10_top3_reb63_z10",
    "candidate_universe": "stocks",
    "horizon_bars": 63,
    "sleeve_fraction": 0.1,
    "top_k": 3,
    "max_name_weight": 0.04,
    "rebalance_every": 63,
    "min_score_z": 1.0,
    "max_candidate_vol": 0.0,
    "max_benchmark_vol": 0.0,
    "high_vol_scale": 1.0,
    "max_benchmark_drawdown": 0.0,
    "drawdown_scale": 1.0
  },
  "summary": {
    "benchmark": "VOO",
    "start_equity": 100000.0,
    "final_equity": 94343.55341132708,
    "total_return": -0.05656446588672914,
    "benchmark_return": -0.0519636993578424,
    "excess_return_vs_benchmark": -0.004600766528886746,
    "annualized_return": -0.057003832745829874,
    "benchmark_annualized_return": -0.052368329571262584,
    "volatility": 0.17421603050722,
    "benchmark_volatility": 0.1702055585790504,
    "sharpe": -0.3272019950165692,
    "benchmark_sharpe": -0.3076769643039631,
    "sortino": -0.4060230463932564,
    "benchmark_sortino": -0.3795424465526878,
    "max_drawdown": 0.20488985889548805,
    "benchmark_max_drawdown": 0.19476757151899193,
    "total_cost": 5.542532359949471,
    "turnover": 0.2771266179974735,
    "num_rebalances": 3,
    "num_orders": 16,
    "num_alpha_symbols_traded": 7,
    "average_active_weight": 0.03871814902918312,
    "max_active_weight": 0.06321984170382733,
    "execution_mode": "next_open",
    "cost_model": {
      "mode": "next_open",
      "spread_bps": 2.0,
      "slippage_bps": 1.0,
      "commission_per_share": 0.0,
      "min_commission": 0.0,
      "sec_fees_bps_sell": 0.0
    },
    "selection_dates": 4,
    "selection_rows": 12,
    "mean_selected_forward_excess": 0.0898601527432015,
    "min_score_z": 1.0,
    "max_candidate_vol": 0.0,
    "max_benchmark_vol": 0.0,
    "high_vol_scale": 1.0,
    "max_benchmark_drawdown": 0.0,
    "drawdown_scale": 1.0,
    "average_sleeve_scale": 1.0
  },
  "training": {
    "objective": "lambdarank",
    "train_rows": 26460,
    "validation_rows": 10500,
    "train_dates": 315,
    "validation_dates": 125,
    "purged_dates": 63,
    "best_iteration": 9,
    "best_score": {
      "valid": {
        "ndcg@1": 0.5104000000000001,
        "ndcg@3": 0.5101409322774858,
        "ndcg@5": 0.5111894152033926
      }
    },
    "train_metrics": {
      "mean_top_excess": 0.2237406402748672,
      "mean_universe_excess": 0.012245849189599234,
      "mean_top_minus_universe": 0.21149479108526797,
      "top1_hit_rate": 0.9904761904761905,
      "mean_rank_ic": 0.31561054081476253,
      "dates": 315.0
    },
    "validation_metrics": {
      "mean_top_excess": 0.039388434026159436,
      "mean_universe_excess": 0.00760483680257622,
      "mean_top_minus_universe": 0.03178359722358321,
      "top1_hit_rate": 0.592,
      "mean_rank_ic": 0.19798590162745602,
      "dates": 125.0
    }
  },
  "status": "rejected_under_benchmark",
  "model_file": "reports/batches/2026-06-03_yahoo100_daily_ranker_walkforward_slow_horizons_2018_2026/fold_artifacts/stocks_h63_s10_top3_reb63_z10/2018/model.txt"
}
