date,active_symbols,covered_symbols,missing_symbols,coverage_ratio
2015-01-02,464,77,387,0.16594827586206898
2015-01-05,464,77,387,0.16594827586206898
2015-01-06,464,77,387,0.16594827586206898
2015-01-07,464,77,387,0.16594827586206898
2015-01-08,464,77,387,0.16594827586206898
2015-01-09,464,77,387,0.16594827586206898
2015-01-12,464,77,387,0.16594827586206898
2015-01-13,464,77,387,0.16594827586206898
2015-01-14,464,77,387,0.16594827586206898
2015-01-15,464,77,387,0.16594827586206898
2015-01-16,462,77,385,0.16666666666666666
2015-01-20,462,77,385,0.16666666666666666
2015-01-21,462,77,385,0.16666666666666666
2015-01-22,462,77,385,0.16666666666666666
2015-01-23,462,77,385,0.16666666666666666
2015-01-26,462,77,385,0.16666666666666666
2015-01-27,464,77,387,0.16594827586206898
2015-01-28,464,77,387,0.16594827586206898
2015-01-29,464,77,387,0.16594827586206898
2015-01-30,464,77,387,0.16594827586206898
2015-02-02,464,77,387,0.16594827586206898
2015-02-03,464,77,387,0.16594827586206898
2015-02-04,464,77,387,0.16594827586206898
2015-02-05,464,77,387,0.16594827586206898
2015-02-06,464,77,387,0.16594827586206898
2015-02-09,464,77,387,0.16594827586206898
2015-02-10,464,77,387,0.16594827586206898
2015-02-11,464,77,387,0.16594827586206898
2015-02-12,464,77,387,0.16594827586206898
2015-02-13,464,77,387,0.16594827586206898
2015-02-17,464,77,387,0.16594827586206898
2015-02-18,464,77,387,0.16594827586206898
2015-02-19,464,77,387,0.16594827586206898
2015-02-20,464,77,387,0.16594827586206898
2015-02-23,464,77,387,0.16594827586206898
2015-02-24,464,77,387,0.16594827586206898
2015-02-25,464,77,387,0.16594827586206898
2015-02-26,464,77,387,0.16594827586206898
2015-02-27,464,77,387,0.16594827586206898
2015-03-02,464,77,387,0.16594827586206898
2015-03-03,464,77,387,0.16594827586206898
2015-03-04,464,77,387,0.16594827586206898
2015-03-05,464,77,387,0.16594827586206898
2015-03-06,464,77,387,0.16594827586206898
2015-03-09,464,77,387,0.16594827586206898
2015-03-10,464,77,387,0.16594827586206898
2015-03-11,464,77,387,0.16594827586206898
2015-03-12,464,77,387,0.16594827586206898
2015-03-13,464,77,387,0.16594827586206898
2015-03-16,463,77,386,0.16630669546436286
2015-03-17,463,77,386,0.16630669546436286
2015-03-18,464,77,387,0.16594827586206898
2015-03-19,464,77,387,0.16594827586206898
2015-03-20,461,77,384,0.16702819956616052
2015-03-23,465,77,388,0.16559139784946236
2015-03-24,465,77,388,0.16559139784946236
2015-03-25,465,77,388,0.16559139784946236
2015-03-26,465,77,388,0.16559139784946236
2015-03-27,465,77,388,0.16559139784946236
2015-03-30,465,77,388,0.16559139784946236
2015-03-31,465,77,388,0.16559139784946236
2015-04-01,464,77,387,0.16594827586206898
2015-04-02,464,77,387,0.16594827586206898
2015-04-06,464,77,387,0.16594827586206898
2015-04-07,465,77,388,0.16559139784946236
2015-04-08,465,77,388,0.16559139784946236
2015-04-09,465,77,388,0.16559139784946236
2015-04-10,465,77,388,0.16559139784946236
2015-04-13,465,77,388,0.16559139784946236
2015-04-14,465,77,388,0.16559139784946236
2015-04-15,465,77,388,0.16559139784946236
2015-04-16,465,77,388,0.16559139784946236
2015-04-17,465,77,388,0.16559139784946236
2015-04-20,465,77,388,0.16559139784946236
2015-04-21,465,77,388,0.16559139784946236
2015-04-22,465,77,388,0.16559139784946236
2015-04-23,465,77,388,0.16559139784946236
2015-04-24,465,77,388,0.16559139784946236
2015-04-27,465,77,388,0.16559139784946236
2015-04-28,465,77,388,0.16559139784946236
2015-04-29,465,77,388,0.16559139784946236
2015-04-30,465,77,388,0.16559139784946236
2015-05-01,465,77,388,0.16559139784946236
2015-05-04,465,77,388,0.16559139784946236
2015-05-05,465,77,388,0.16559139784946236
2015-05-06,465,77,388,0.16559139784946236
2015-05-07,465,77,388,0.16559139784946236
2015-05-08,465,77,388,0.16559139784946236
2015-05-11,465,77,388,0.16559139784946236
2015-05-12,465,77,388,0.16559139784946236
2015-05-13,465,77,388,0.16559139784946236
2015-05-14,465,77,388,0.16559139784946236
2015-05-15,465,77,388,0.16559139784946236
2015-05-18,465,77,388,0.16559139784946236
2015-05-19,465,77,388,0.16559139784946236
2015-05-20,465,77,388,0.16559139784946236
2015-05-21,465,77,388,0.16559139784946236
2015-05-22,465,77,388,0.16559139784946236
2015-05-26,465,77,388,0.16559139784946236
2015-05-27,465,77,388,0.16559139784946236
2015-05-28,465,77,388,0.16559139784946236
2015-05-29,465,77,388,0.16559139784946236
2015-06-01,465,77,388,0.16559139784946236
2015-06-02,465,77,388,0.16559139784946236
2015-06-03,465,77,388,0.16559139784946236
2015-06-04,465,77,388,0.16559139784946236
2015-06-05,465,77,388,0.16559139784946236
2015-06-08,465,77,388,0.16559139784946236
2015-06-09,465,77,388,0.16559139784946236
2015-06-10,465,77,388,0.16559139784946236
2015-06-11,465,77,388,0.16559139784946236
2015-06-12,465,77,388,0.16559139784946236
2015-06-15,465,77,388,0.16559139784946236
2015-06-16,465,77,388,0.16559139784946236
2015-06-17,465,77,388,0.16559139784946236
2015-06-18,465,77,388,0.16559139784946236
2015-06-19,465,77,388,0.16559139784946236
2015-06-22,465,77,388,0.16559139784946236
2015-06-23,465,77,388,0.16559139784946236
2015-06-24,465,77,388,0.16559139784946236
2015-06-25,465,77,388,0.16559139784946236
2015-06-26,465,77,388,0.16559139784946236
2015-06-29,465,77,388,0.16559139784946236
2015-06-30,465,77,388,0.16559139784946236
2015-07-01,466,77,389,0.16523605150214593
2015-07-02,466,77,389,0.16523605150214593
2015-07-06,466,77,389,0.16523605150214593
2015-07-07,465,77,388,0.16559139784946236
2015-07-08,465,77,388,0.16559139784946236
2015-07-09,466,77,389,0.16523605150214593
2015-07-10,466,77,389,0.16523605150214593
2015-07-13,466,77,389,0.16523605150214593
2015-07-14,466,77,389,0.16523605150214593
2015-07-15,466,77,389,0.16523605150214593
2015-07-16,466,77,389,0.16523605150214593
2015-07-17,466,77,389,0.16523605150214593
2015-07-20,467,77,390,0.16488222698072805
2015-07-21,467,77,390,0.16488222698072805
2015-07-22,467,77,390,0.16488222698072805
2015-07-23,467,77,390,0.16488222698072805
2015-07-24,467,77,390,0.16488222698072805
2015-07-27,467,77,390,0.16488222698072805
2015-07-28,467,77,390,0.16488222698072805
2015-07-29,467,77,390,0.16488222698072805
2015-07-30,467,77,390,0.16488222698072805
2015-07-31,467,77,390,0.16488222698072805
2015-08-03,467,77,390,0.16488222698072805
2015-08-04,467,77,390,0.16488222698072805
2015-08-05,467,77,390,0.16488222698072805
2015-08-06,467,77,390,0.16488222698072805
2015-08-07,467,77,390,0.16488222698072805
2015-08-10,467,77,390,0.16488222698072805
2015-08-11,467,77,390,0.16488222698072805
2015-08-12,467,77,390,0.16488222698072805
2015-08-13,467,77,390,0.16488222698072805
2015-08-14,467,77,390,0.16488222698072805
2015-08-17,467,77,390,0.16488222698072805
2015-08-18,467,77,390,0.16488222698072805
2015-08-19,467,77,390,0.16488222698072805
2015-08-20,467,77,390,0.16488222698072805
2015-08-21,467,77,390,0.16488222698072805
2015-08-24,467,77,390,0.16488222698072805
2015-08-25,467,77,390,0.16488222698072805
2015-08-26,467,77,390,0.16488222698072805
2015-08-27,467,77,390,0.16488222698072805
2015-08-28,467,77,390,0.16488222698072805
2015-08-31,468,77,391,0.16452991452991453
2015-09-01,468,77,391,0.16452991452991453
2015-09-02,467,77,390,0.16488222698072805
2015-09-03,468,77,391,0.16452991452991453
2015-09-04,468,77,391,0.16452991452991453
2015-09-08,468,77,391,0.16452991452991453
2015-09-09,468,77,391,0.16452991452991453
2015-09-10,468,77,391,0.16452991452991453
2015-09-11,468,77,391,0.16452991452991453
2015-09-14,468,77,391,0.16452991452991453
2015-09-15,468,77,391,0.16452991452991453
2015-09-16,468,77,391,0.16452991452991453
2015-09-17,468,77,391,0.16452991452991453
2015-09-18,468,77,391,0.16452991452991453
2015-09-21,470,77,393,0.16382978723404254
2015-09-22,470,77,393,0.16382978723404254
2015-09-23,470,77,393,0.16382978723404254
2015-09-24,470,77,393,0.16382978723404254
2015-09-25,470,77,393,0.16382978723404254
2015-09-28,470,77,393,0.16382978723404254
2015-09-29,470,77,393,0.16382978723404254
2015-09-30,470,77,393,0.16382978723404254
2015-10-01,470,77,393,0.16382978723404254
2015-10-02,470,77,393,0.16382978723404254
2015-10-05,470,77,393,0.16382978723404254
2015-10-06,469,77,392,0.16417910447761194
2015-10-07,469,77,392,0.16417910447761194
2015-10-08,470,77,393,0.16382978723404254
2015-10-09,470,77,393,0.16382978723404254
2015-10-12,470,77,393,0.16382978723404254
2015-10-13,470,77,393,0.16382978723404254
2015-10-14,470,77,393,0.16382978723404254
2015-10-15,470,77,393,0.16382978723404254
2015-10-16,470,77,393,0.16382978723404254
2015-10-19,470,77,393,0.16382978723404254
2015-10-20,470,77,393,0.16382978723404254
2015-10-21,470,77,393,0.16382978723404254
2015-10-22,470,77,393,0.16382978723404254
2015-10-23,470,77,393,0.16382978723404254
2015-10-26,470,77,393,0.16382978723404254
2015-10-27,470,77,393,0.16382978723404254
2015-10-28,470,77,393,0.16382978723404254
2015-10-29,469,77,392,0.16417910447761194
2015-10-30,469,77,392,0.16417910447761194
2015-11-02,470,77,393,0.16382978723404254
2015-11-03,470,77,393,0.16382978723404254
2015-11-04,470,77,393,0.16382978723404254
2015-11-05,470,77,393,0.16382978723404254
2015-11-06,470,77,393,0.16382978723404254
2015-11-09,470,77,393,0.16382978723404254
2015-11-10,471,77,394,0.16348195329087048
2015-11-11,470,77,393,0.16382978723404254
2015-11-12,470,77,393,0.16382978723404254
2015-11-13,470,77,393,0.16382978723404254
2015-11-16,470,77,393,0.16382978723404254
2015-11-17,470,77,393,0.16382978723404254
2015-11-18,469,77,392,0.16417910447761194
2015-11-19,470,77,393,0.16382978723404254
2015-11-20,470,77,393,0.16382978723404254
2015-11-23,470,77,393,0.16382978723404254
2015-11-24,470,77,393,0.16382978723404254
2015-11-25,470,77,393,0.16382978723404254
2015-11-27,470,77,393,0.16382978723404254
2015-11-30,471,77,394,0.16348195329087048
2015-12-01,470,77,393,0.16382978723404254
2015-12-02,470,77,393,0.16382978723404254
2015-12-03,470,77,393,0.16382978723404254
2015-12-04,470,77,393,0.16382978723404254
2015-12-07,470,77,393,0.16382978723404254
2015-12-08,470,77,393,0.16382978723404254
2015-12-09,470,77,393,0.16382978723404254
2015-12-10,469,77,392,0.16417910447761194
2015-12-11,469,77,392,0.16417910447761194
2015-12-14,469,77,392,0.16417910447761194
2015-12-15,469,77,392,0.16417910447761194
2015-12-16,469,77,392,0.16417910447761194
2015-12-17,469,77,392,0.16417910447761194
2015-12-18,469,77,392,0.16417910447761194
2015-12-21,469,77,392,0.16417910447761194
2015-12-22,469,77,392,0.16417910447761194
2015-12-23,469,77,392,0.16417910447761194
2015-12-24,469,77,392,0.16417910447761194
2015-12-28,469,77,392,0.16417910447761194
2015-12-29,470,77,393,0.16382978723404254
2015-12-30,470,77,393,0.16382978723404254
2015-12-31,470,77,393,0.16382978723404254
2016-01-04,471,77,394,0.16348195329087048
2016-01-05,472,77,395,0.163135593220339
2016-01-06,472,77,395,0.163135593220339
2016-01-07,472,77,395,0.163135593220339
2016-01-08,472,77,395,0.163135593220339
2016-01-11,472,77,395,0.163135593220339
2016-01-12,472,77,395,0.163135593220339
2016-01-13,472,77,395,0.163135593220339
2016-01-14,472,77,395,0.163135593220339
2016-01-15,472,77,395,0.163135593220339
2016-01-19,473,77,396,0.16279069767441862
2016-01-20,473,77,396,0.16279069767441862
2016-01-21,473,77,396,0.16279069767441862
2016-01-22,473,77,396,0.16279069767441862
2016-01-25,473,77,396,0.16279069767441862
2016-01-26,473,77,396,0.16279069767441862
2016-01-27,472,77,395,0.163135593220339
2016-01-28,472,77,395,0.163135593220339
2016-01-29,472,77,395,0.163135593220339
2016-02-01,474,77,397,0.16244725738396623
2016-02-02,474,77,397,0.16244725738396623
2016-02-03,474,77,397,0.16244725738396623
2016-02-04,474,77,397,0.16244725738396623
2016-02-05,474,77,397,0.16244725738396623
2016-02-08,474,77,397,0.16244725738396623
2016-02-09,474,77,397,0.16244725738396623
2016-02-10,474,77,397,0.16244725738396623
2016-02-11,474,77,397,0.16244725738396623
2016-02-12,474,77,397,0.16244725738396623
2016-02-16,474,77,397,0.16244725738396623
2016-02-17,474,77,397,0.16244725738396623
2016-02-18,474,77,397,0.16244725738396623
2016-02-19,474,77,397,0.16244725738396623
2016-02-22,475,77,398,0.16210526315789472
2016-02-23,475,77,398,0.16210526315789472
2016-02-24,475,77,398,0.16210526315789472
2016-02-25,475,77,398,0.16210526315789472
2016-02-26,475,77,398,0.16210526315789472
2016-02-29,474,77,397,0.16244725738396623
2016-03-01,474,77,397,0.16244725738396623
2016-03-02,474,77,397,0.16244725738396623
2016-03-03,474,77,397,0.16244725738396623
2016-03-04,474,77,397,0.16244725738396623
2016-03-07,475,77,398,0.16210526315789472
2016-03-08,475,77,398,0.16210526315789472
2016-03-09,475,77,398,0.16210526315789472
2016-03-10,475,77,398,0.16210526315789472
2016-03-11,475,77,398,0.16210526315789472
2016-03-14,475,77,398,0.16210526315789472
2016-03-15,475,77,398,0.16210526315789472
2016-03-16,475,77,398,0.16210526315789472
2016-03-17,475,77,398,0.16210526315789472
2016-03-18,475,77,398,0.16210526315789472
2016-03-21,475,77,398,0.16210526315789472
2016-03-22,475,77,398,0.16210526315789472
2016-03-23,475,77,398,0.16210526315789472
2016-03-24,475,77,398,0.16210526315789472
2016-03-28,475,77,398,0.16210526315789472
2016-03-29,475,77,398,0.16210526315789472
2016-03-30,476,77,399,0.16176470588235295
2016-03-31,476,77,399,0.16176470588235295
2016-04-01,475,77,398,0.16210526315789472
2016-04-04,476,77,399,0.16176470588235295
2016-04-05,476,77,399,0.16176470588235295
2016-04-06,476,77,399,0.16176470588235295
2016-04-07,476,77,399,0.16176470588235295
2016-04-08,477,77,400,0.16142557651991615
2016-04-11,477,77,400,0.16142557651991615
2016-04-12,477,77,400,0.16142557651991615
2016-04-13,477,77,400,0.16142557651991615
2016-04-14,477,77,400,0.16142557651991615
2016-04-15,477,77,400,0.16142557651991615
2016-04-18,477,77,400,0.16142557651991615
2016-04-19,477,77,400,0.16142557651991615
2016-04-20,477,77,400,0.16142557651991615
2016-04-21,476,77,399,0.16176470588235295
2016-04-22,476,77,399,0.16176470588235295
2016-04-25,477,77,400,0.16142557651991615
2016-04-26,477,77,400,0.16142557651991615
2016-04-27,477,77,400,0.16142557651991615
2016-04-28,477,77,400,0.16142557651991615
2016-04-29,477,77,400,0.16142557651991615
2016-05-02,477,77,400,0.16142557651991615
2016-05-03,478,77,401,0.16108786610878661
2016-05-04,478,77,401,0.16108786610878661
2016-05-05,478,77,401,0.16108786610878661
2016-05-06,478,77,401,0.16108786610878661
2016-05-09,478,77,401,0.16108786610878661
2016-05-10,478,77,401,0.16108786610878661
2016-05-11,478,77,401,0.16108786610878661
2016-05-12,477,77,400,0.16142557651991615
2016-05-13,478,77,401,0.16108786610878661
2016-05-16,478,77,401,0.16108786610878661
2016-05-17,478,77,401,0.16108786610878661
2016-05-18,478,77,401,0.16108786610878661
2016-05-19,478,77,401,0.16108786610878661
2016-05-20,478,77,401,0.16108786610878661
2016-05-23,478,77,401,0.16108786610878661
2016-05-24,478,77,401,0.16108786610878661
2016-05-25,478,77,401,0.16108786610878661
2016-05-26,478,77,401,0.16108786610878661
2016-05-27,478,77,401,0.16108786610878661
2016-05-31,479,77,402,0.16075156576200417
2016-06-01,479,77,402,0.16075156576200417
2016-06-02,478,77,401,0.16108786610878661
2016-06-03,479,77,402,0.16075156576200417
2016-06-06,479,77,402,0.16075156576200417
2016-06-07,479,77,402,0.16075156576200417
2016-06-08,479,77,402,0.16075156576200417
2016-06-09,479,77,402,0.16075156576200417
2016-06-10,479,77,402,0.16075156576200417
2016-06-13,479,77,402,0.16075156576200417
2016-06-14,479,77,402,0.16075156576200417
2016-06-15,479,77,402,0.16075156576200417
2016-06-16,479,77,402,0.16075156576200417
2016-06-17,479,77,402,0.16075156576200417
2016-06-20,479,77,402,0.16075156576200417
2016-06-21,478,77,401,0.16108786610878661
2016-06-22,478,77,401,0.16108786610878661
2016-06-23,478,77,401,0.16108786610878661
2016-06-24,479,77,402,0.16075156576200417
2016-06-27,479,77,402,0.16075156576200417
2016-06-28,477,77,400,0.16142557651991615
2016-06-29,477,77,400,0.16142557651991615
2016-06-30,477,77,400,0.16142557651991615
2016-07-01,479,77,402,0.16075156576200417
2016-07-05,480,77,403,0.16041666666666668
2016-07-06,480,77,403,0.16041666666666668
2016-07-07,480,77,403,0.16041666666666668
2016-07-08,480,77,403,0.16041666666666668
2016-07-11,480,77,403,0.16041666666666668
2016-07-12,480,77,403,0.16041666666666668
2016-07-13,480,77,403,0.16041666666666668
2016-07-14,480,77,403,0.16041666666666668
2016-07-15,480,77,403,0.16041666666666668
2016-07-18,480,77,403,0.16041666666666668
2016-07-19,480,77,403,0.16041666666666668
2016-07-20,480,77,403,0.16041666666666668
2016-07-21,480,77,403,0.16041666666666668
2016-07-22,480,77,403,0.16041666666666668
2016-07-25,480,77,403,0.16041666666666668
2016-07-26,480,77,403,0.16041666666666668
2016-07-27,480,77,403,0.16041666666666668
2016-07-28,480,77,403,0.16041666666666668
2016-07-29,480,77,403,0.16041666666666668
2016-08-01,480,77,403,0.16041666666666668
2016-08-02,480,77,403,0.16041666666666668
2016-08-03,480,77,403,0.16041666666666668
2016-08-04,480,77,403,0.16041666666666668
2016-08-05,480,77,403,0.16041666666666668
2016-08-08,480,77,403,0.16041666666666668
2016-08-09,480,77,403,0.16041666666666668
2016-08-10,480,77,403,0.16041666666666668
2016-08-11,480,77,403,0.16041666666666668
2016-08-12,480,77,403,0.16041666666666668
2016-08-15,480,77,403,0.16041666666666668
2016-08-16,480,77,403,0.16041666666666668
2016-08-17,480,77,403,0.16041666666666668
2016-08-18,480,77,403,0.16041666666666668
2016-08-19,480,77,403,0.16041666666666668
2016-08-22,480,77,403,0.16041666666666668
2016-08-23,480,77,403,0.16041666666666668
2016-08-24,480,77,403,0.16041666666666668
2016-08-25,480,77,403,0.16041666666666668
2016-08-26,480,77,403,0.16041666666666668
2016-08-29,480,77,403,0.16041666666666668
2016-08-30,480,77,403,0.16041666666666668
2016-08-31,480,77,403,0.16041666666666668
2016-09-01,480,77,403,0.16041666666666668
2016-09-02,480,77,403,0.16041666666666668
2016-09-06,481,77,404,0.1600831600831601
2016-09-07,481,77,404,0.1600831600831601
2016-09-08,482,77,405,0.15975103734439833
2016-09-09,482,77,405,0.15975103734439833
2016-09-12,482,77,405,0.15975103734439833
2016-09-13,482,77,405,0.15975103734439833
2016-09-14,482,77,405,0.15975103734439833
2016-09-15,482,77,405,0.15975103734439833
2016-09-16,482,77,405,0.15975103734439833
2016-09-19,482,77,405,0.15975103734439833
2016-09-20,482,77,405,0.15975103734439833
2016-09-21,482,77,405,0.15975103734439833
2016-09-22,482,77,405,0.15975103734439833
2016-09-23,483,77,406,0.15942028985507245
2016-09-26,483,77,406,0.15942028985507245
2016-09-27,483,77,406,0.15942028985507245
2016-09-28,483,77,406,0.15942028985507245
2016-09-29,483,77,406,0.15942028985507245
2016-09-30,483,77,406,0.15942028985507245
2016-10-03,484,77,407,0.1590909090909091
2016-10-04,484,77,407,0.1590909090909091
2016-10-05,484,77,407,0.1590909090909091
2016-10-06,484,77,407,0.1590909090909091
2016-10-07,484,77,407,0.1590909090909091
2016-10-10,484,77,407,0.1590909090909091
2016-10-11,484,77,407,0.1590909090909091
2016-10-12,484,77,407,0.1590909090909091
2016-10-13,484,77,407,0.1590909090909091
2016-10-14,484,77,407,0.1590909090909091
2016-10-17,484,77,407,0.1590909090909091
2016-10-18,484,77,407,0.1590909090909091
2016-10-19,484,77,407,0.1590909090909091
2016-10-20,484,77,407,0.1590909090909091
2016-10-21,484,77,407,0.1590909090909091
2016-10-24,484,77,407,0.1590909090909091
2016-10-25,484,77,407,0.1590909090909091
2016-10-26,484,77,407,0.1590909090909091
2016-10-27,484,77,407,0.1590909090909091
2016-10-28,484,77,407,0.1590909090909091
2016-10-31,484,77,407,0.1590909090909091
2016-11-01,484,77,407,0.1590909090909091
2016-11-02,484,77,407,0.1590909090909091
2016-11-03,484,77,407,0.1590909090909091
2016-11-04,484,77,407,0.1590909090909091
2016-11-07,484,77,407,0.1590909090909091
2016-11-08,484,77,407,0.1590909090909091
2016-11-09,484,77,407,0.1590909090909091
2016-11-10,484,77,407,0.1590909090909091
2016-11-11,484,77,407,0.1590909090909091
2016-11-14,484,77,407,0.1590909090909091
2016-11-15,484,77,407,0.1590909090909091
2016-11-16,484,77,407,0.1590909090909091
2016-11-17,484,77,407,0.1590909090909091
2016-11-18,484,77,407,0.1590909090909091
2016-11-21,484,77,407,0.1590909090909091
2016-11-22,484,77,407,0.1590909090909091
2016-11-23,484,77,407,0.1590909090909091
2016-11-25,484,77,407,0.1590909090909091
2016-11-28,484,77,407,0.1590909090909091
2016-11-29,484,77,407,0.1590909090909091
2016-11-30,482,77,405,0.15975103734439833
2016-12-01,482,77,405,0.15975103734439833
2016-12-02,484,77,407,0.1590909090909091
2016-12-05,484,77,407,0.1590909090909091
2016-12-06,484,77,407,0.1590909090909091
2016-12-07,484,77,407,0.1590909090909091
2016-12-08,484,77,407,0.1590909090909091
2016-12-09,484,77,407,0.1590909090909091
2016-12-12,484,77,407,0.1590909090909091
2016-12-13,484,77,407,0.1590909090909091
2016-12-14,484,77,407,0.1590909090909091
2016-12-15,484,77,407,0.1590909090909091
2016-12-16,484,77,407,0.1590909090909091
2016-12-19,484,77,407,0.1590909090909091
2016-12-20,484,77,407,0.1590909090909091
2016-12-21,484,77,407,0.1590909090909091
2016-12-22,484,77,407,0.1590909090909091
2016-12-23,484,77,407,0.1590909090909091
2016-12-27,484,77,407,0.1590909090909091
2016-12-28,484,77,407,0.1590909090909091
2016-12-29,484,77,407,0.1590909090909091
2016-12-30,484,77,407,0.1590909090909091
2017-01-03,484,77,407,0.1590909090909091
2017-01-04,483,77,406,0.15942028985507245
2017-01-05,484,77,407,0.1590909090909091
2017-01-06,484,77,407,0.1590909090909091
2017-01-09,484,77,407,0.1590909090909091
2017-01-10,484,77,407,0.1590909090909091
2017-01-11,484,77,407,0.1590909090909091
2017-01-12,484,77,407,0.1590909090909091
2017-01-13,484,77,407,0.1590909090909091
2017-01-17,484,77,407,0.1590909090909091
2017-01-18,484,77,407,0.1590909090909091
2017-01-19,484,77,407,0.1590909090909091
2017-01-20,484,77,407,0.1590909090909091
2017-01-23,484,77,407,0.1590909090909091
2017-01-24,484,77,407,0.1590909090909091
2017-01-25,484,77,407,0.1590909090909091
2017-01-26,484,77,407,0.1590909090909091
2017-01-27,484,77,407,0.1590909090909091
2017-01-30,484,77,407,0.1590909090909091
2017-01-31,484,77,407,0.1590909090909091
2017-02-01,484,77,407,0.1590909090909091
2017-02-02,484,77,407,0.1590909090909091
2017-02-03,484,77,407,0.1590909090909091
2017-02-06,484,77,407,0.1590909090909091
2017-02-07,484,77,407,0.1590909090909091
2017-02-08,484,77,407,0.1590909090909091
2017-02-09,484,77,407,0.1590909090909091
2017-02-10,484,77,407,0.1590909090909091
2017-02-13,484,77,407,0.1590909090909091
2017-02-14,484,77,407,0.1590909090909091
2017-02-15,484,77,407,0.1590909090909091
2017-02-16,484,77,407,0.1590909090909091
2017-02-17,484,77,407,0.1590909090909091
2017-02-21,484,77,407,0.1590909090909091
2017-02-22,484,77,407,0.1590909090909091
2017-02-23,484,77,407,0.1590909090909091
2017-02-24,484,77,407,0.1590909090909091
2017-02-27,484,77,407,0.1590909090909091
2017-02-28,485,77,408,0.15876288659793814
2017-03-01,485,77,408,0.15876288659793814
2017-03-02,485,77,408,0.15876288659793814
2017-03-03,485,77,408,0.15876288659793814
2017-03-06,485,77,408,0.15876288659793814
2017-03-07,485,77,408,0.15876288659793814
2017-03-08,485,77,408,0.15876288659793814
2017-03-09,485,77,408,0.15876288659793814
2017-03-10,485,77,408,0.15876288659793814
2017-03-13,485,77,408,0.15876288659793814
2017-03-14,485,77,408,0.15876288659793814
2017-03-15,485,77,408,0.15876288659793814
2017-03-16,486,77,409,0.15843621399176955
2017-03-17,486,77,409,0.15843621399176955
2017-03-20,487,78,409,0.1601642710472279
2017-03-21,487,78,409,0.1601642710472279
2017-03-22,487,78,409,0.1601642710472279
2017-03-23,487,78,409,0.1601642710472279
2017-03-24,487,78,409,0.1601642710472279
2017-03-27,487,78,409,0.1601642710472279
2017-03-28,487,78,409,0.1601642710472279
2017-03-29,487,78,409,0.1601642710472279
2017-03-30,487,78,409,0.1601642710472279
2017-03-31,486,78,408,0.16049382716049382
2017-04-03,486,78,408,0.16049382716049382
2017-04-04,487,78,409,0.1601642710472279
2017-04-05,488,78,410,0.1598360655737705
2017-04-06,488,78,410,0.1598360655737705
2017-04-07,488,78,410,0.1598360655737705
2017-04-10,488,78,410,0.1598360655737705
2017-04-11,488,78,410,0.1598360655737705
2017-04-12,488,78,410,0.1598360655737705
2017-04-13,488,78,410,0.1598360655737705
2017-04-17,488,78,410,0.1598360655737705
2017-04-18,488,78,410,0.1598360655737705
2017-04-19,488,78,410,0.1598360655737705
2017-04-20,488,78,410,0.1598360655737705
2017-04-21,488,78,410,0.1598360655737705
2017-04-24,488,78,410,0.1598360655737705
2017-04-25,488,78,410,0.1598360655737705
2017-04-26,488,78,410,0.1598360655737705
2017-04-27,488,78,410,0.1598360655737705
2017-04-28,488,78,410,0.1598360655737705
2017-05-01,488,78,410,0.1598360655737705
2017-05-02,488,78,410,0.1598360655737705
2017-05-03,488,78,410,0.1598360655737705
2017-05-04,488,78,410,0.1598360655737705
2017-05-05,488,78,410,0.1598360655737705
2017-05-08,488,78,410,0.1598360655737705
2017-05-09,488,78,410,0.1598360655737705
2017-05-10,488,78,410,0.1598360655737705
2017-05-11,488,78,410,0.1598360655737705
2017-05-12,488,78,410,0.1598360655737705
2017-05-15,488,78,410,0.1598360655737705
2017-05-16,488,78,410,0.1598360655737705
2017-05-17,488,78,410,0.1598360655737705
2017-05-18,488,78,410,0.1598360655737705
2017-05-19,488,78,410,0.1598360655737705
2017-05-22,488,78,410,0.1598360655737705
2017-05-23,488,78,410,0.1598360655737705
2017-05-24,487,78,409,0.1601642710472279
2017-05-25,487,78,409,0.1601642710472279
2017-05-26,487,78,409,0.1601642710472279
2017-05-30,487,78,409,0.1601642710472279
2017-05-31,487,78,409,0.1601642710472279
2017-06-01,487,78,409,0.1601642710472279
2017-06-02,488,78,410,0.1598360655737705
2017-06-05,488,78,410,0.1598360655737705
2017-06-06,488,78,410,0.1598360655737705
2017-06-07,488,78,410,0.1598360655737705
2017-06-08,487,78,409,0.1601642710472279
2017-06-09,487,78,409,0.1601642710472279
2017-06-12,487,78,409,0.1601642710472279
2017-06-13,487,78,409,0.1601642710472279
2017-06-14,487,78,409,0.1601642710472279
2017-06-15,487,78,409,0.1601642710472279
2017-06-16,487,78,409,0.1601642710472279
2017-06-19,489,78,411,0.15950920245398773
2017-06-20,489,78,411,0.15950920245398773
2017-06-21,489,78,411,0.15950920245398773
2017-06-22,489,78,411,0.15950920245398773
2017-06-23,489,78,411,0.15950920245398773
2017-06-26,489,78,411,0.15950920245398773
2017-06-27,489,78,411,0.15950920245398773
2017-06-28,489,78,411,0.15950920245398773
2017-06-29,489,78,411,0.15950920245398773
2017-06-30,489,78,411,0.15950920245398773
2017-07-03,489,78,411,0.15950920245398773
2017-07-05,489,78,411,0.15950920245398773
2017-07-06,489,78,411,0.15950920245398773
2017-07-07,489,78,411,0.15950920245398773
2017-07-10,489,78,411,0.15950920245398773
2017-07-11,489,78,411,0.15950920245398773
2017-07-12,489,78,411,0.15950920245398773
2017-07-13,489,78,411,0.15950920245398773
2017-07-14,489,78,411,0.15950920245398773
2017-07-17,489,78,411,0.15950920245398773
2017-07-18,489,78,411,0.15950920245398773
2017-07-19,489,78,411,0.15950920245398773
2017-07-20,489,78,411,0.15950920245398773
2017-07-21,488,78,410,0.1598360655737705
2017-07-24,488,78,410,0.1598360655737705
2017-07-25,488,78,410,0.1598360655737705
2017-07-26,491,78,413,0.15885947046843177
2017-07-27,491,78,413,0.15885947046843177
2017-07-28,491,78,413,0.15885947046843177
2017-07-31,491,78,413,0.15885947046843177
2017-08-01,491,78,413,0.15885947046843177
2017-08-02,491,78,413,0.15885947046843177
2017-08-03,491,78,413,0.15885947046843177
2017-08-04,491,78,413,0.15885947046843177
2017-08-07,492,78,414,0.15853658536585366
2017-08-08,491,78,413,0.15885947046843177
2017-08-09,491,78,413,0.15885947046843177
2017-08-10,491,78,413,0.15885947046843177
2017-08-11,491,78,413,0.15885947046843177
2017-08-14,491,78,413,0.15885947046843177
2017-08-15,491,78,413,0.15885947046843177
2017-08-16,491,78,413,0.15885947046843177
2017-08-17,491,78,413,0.15885947046843177
2017-08-18,490,78,412,0.15918367346938775
2017-08-21,490,78,412,0.15918367346938775
2017-08-22,490,78,412,0.15918367346938775
2017-08-23,490,78,412,0.15918367346938775
2017-08-24,490,78,412,0.15918367346938775
2017-08-25,490,78,412,0.15918367346938775
2017-08-28,490,78,412,0.15918367346938775
2017-08-29,491,78,413,0.15885947046843177
2017-08-30,491,78,413,0.15885947046843177
2017-08-31,491,78,413,0.15885947046843177
2017-09-01,492,78,414,0.15853658536585366
2017-09-05,492,78,414,0.15853658536585366
2017-09-06,492,78,414,0.15853658536585366
2017-09-07,492,78,414,0.15853658536585366
2017-09-08,492,78,414,0.15853658536585366
2017-09-11,492,78,414,0.15853658536585366
2017-09-12,492,78,414,0.15853658536585366
2017-09-13,491,78,413,0.15885947046843177
2017-09-14,491,78,413,0.15885947046843177
2017-09-15,491,78,413,0.15885947046843177
2017-09-18,492,78,414,0.15853658536585366
2017-09-19,492,78,414,0.15853658536585366
2017-09-20,492,78,414,0.15853658536585366
2017-09-21,492,78,414,0.15853658536585366
2017-09-22,492,78,414,0.15853658536585366
2017-09-25,492,78,414,0.15853658536585366
2017-09-26,492,78,414,0.15853658536585366
2017-09-27,492,78,414,0.15853658536585366
2017-09-28,492,78,414,0.15853658536585366
2017-09-29,492,78,414,0.15853658536585366
2017-10-02,492,78,414,0.15853658536585366
2017-10-03,492,78,414,0.15853658536585366
2017-10-04,492,78,414,0.15853658536585366
2017-10-05,492,78,414,0.15853658536585366
2017-10-06,492,78,414,0.15853658536585366
2017-10-09,492,78,414,0.15853658536585366
2017-10-10,492,78,414,0.15853658536585366
2017-10-11,491,78,413,0.15885947046843177
2017-10-12,491,78,413,0.15885947046843177
2017-10-13,492,78,414,0.15853658536585366
2017-10-16,492,78,414,0.15853658536585366
2017-10-17,492,78,414,0.15853658536585366
2017-10-18,492,78,414,0.15853658536585366
2017-10-19,492,78,414,0.15853658536585366
2017-10-20,492,78,414,0.15853658536585366
2017-10-23,492,78,414,0.15853658536585366
2017-10-24,492,78,414,0.15853658536585366
2017-10-25,492,78,414,0.15853658536585366
2017-10-26,492,78,414,0.15853658536585366
2017-10-27,492,78,414,0.15853658536585366
2017-10-30,492,78,414,0.15853658536585366
2017-10-31,492,78,414,0.15853658536585366
2017-11-01,492,78,414,0.15853658536585366
2017-11-02,492,78,414,0.15853658536585366
2017-11-03,492,78,414,0.15853658536585366
2017-11-06,492,78,414,0.15853658536585366
2017-11-07,492,78,414,0.15853658536585366
2017-11-08,492,78,414,0.15853658536585366
2017-11-09,492,78,414,0.15853658536585366
2017-11-10,492,78,414,0.15853658536585366
2017-11-13,492,78,414,0.15853658536585366
2017-11-14,492,78,414,0.15853658536585366
2017-11-15,492,78,414,0.15853658536585366
2017-11-16,492,78,414,0.15853658536585366
2017-11-17,492,78,414,0.15853658536585366
2017-11-20,492,78,414,0.15853658536585366
2017-11-21,492,78,414,0.15853658536585366
2017-11-22,492,78,414,0.15853658536585366
2017-11-24,492,78,414,0.15853658536585366
2017-11-27,492,78,414,0.15853658536585366
2017-11-28,492,78,414,0.15853658536585366
2017-11-29,492,78,414,0.15853658536585366
2017-11-30,492,78,414,0.15853658536585366
2017-12-01,492,78,414,0.15853658536585366
2017-12-04,492,78,414,0.15853658536585366
2017-12-05,492,78,414,0.15853658536585366
2017-12-06,492,78,414,0.15853658536585366
2017-12-07,492,78,414,0.15853658536585366
2017-12-08,492,78,414,0.15853658536585366
2017-12-11,492,78,414,0.15853658536585366
2017-12-12,492,78,414,0.15853658536585366
2017-12-13,492,78,414,0.15853658536585366
2017-12-14,492,78,414,0.15853658536585366
2017-12-15,492,78,414,0.15853658536585366
2017-12-18,492,78,414,0.15853658536585366
2017-12-19,492,78,414,0.15853658536585366
2017-12-20,492,78,414,0.15853658536585366
2017-12-21,492,78,414,0.15853658536585366
2017-12-22,492,78,414,0.15853658536585366
2017-12-26,492,78,414,0.15853658536585366
2017-12-27,492,78,414,0.15853658536585366
2017-12-28,491,78,413,0.15885947046843177
2017-12-29,491,78,413,0.15885947046843177
2018-01-02,491,78,413,0.15885947046843177
2018-01-03,492,78,414,0.15853658536585366
2018-01-04,492,78,414,0.15853658536585366
2018-01-05,492,78,414,0.15853658536585366
2018-01-08,492,78,414,0.15853658536585366
2018-01-09,492,78,414,0.15853658536585366
2018-01-10,492,78,414,0.15853658536585366
2018-01-11,492,78,414,0.15853658536585366
2018-01-12,492,78,414,0.15853658536585366
2018-01-16,492,78,414,0.15853658536585366
2018-01-17,492,78,414,0.15853658536585366
2018-01-18,492,78,414,0.15853658536585366
2018-01-19,492,78,414,0.15853658536585366
2018-01-22,492,78,414,0.15853658536585366
2018-01-23,492,78,414,0.15853658536585366
2018-01-24,492,78,414,0.15853658536585366
2018-01-25,492,78,414,0.15853658536585366
2018-01-26,492,78,414,0.15853658536585366
2018-01-29,492,78,414,0.15853658536585366
2018-01-30,492,78,414,0.15853658536585366
2018-01-31,492,78,414,0.15853658536585366
2018-02-01,492,78,414,0.15853658536585366
2018-02-02,492,78,414,0.15853658536585366
2018-02-05,492,78,414,0.15853658536585366
2018-02-06,492,78,414,0.15853658536585366
2018-02-07,492,78,414,0.15853658536585366
2018-02-08,492,78,414,0.15853658536585366
2018-02-09,492,78,414,0.15853658536585366
2018-02-12,492,78,414,0.15853658536585366
2018-02-13,492,78,414,0.15853658536585366
2018-02-14,492,78,414,0.15853658536585366
2018-02-15,492,78,414,0.15853658536585366
2018-02-16,492,78,414,0.15853658536585366
2018-02-20,492,78,414,0.15853658536585366
2018-02-21,492,78,414,0.15853658536585366
2018-02-22,492,78,414,0.15853658536585366
2018-02-23,492,78,414,0.15853658536585366
2018-02-26,492,78,414,0.15853658536585366
2018-02-27,492,78,414,0.15853658536585366
2018-02-28,492,78,414,0.15853658536585366
2018-03-01,491,78,413,0.15885947046843177
2018-03-02,491,78,413,0.15885947046843177
2018-03-05,491,78,413,0.15885947046843177
2018-03-06,491,78,413,0.15885947046843177
2018-03-07,492,78,414,0.15853658536585366
2018-03-08,492,78,414,0.15853658536585366
2018-03-09,492,78,414,0.15853658536585366
2018-03-12,492,78,414,0.15853658536585366
2018-03-13,492,78,414,0.15853658536585366
2018-03-14,492,78,414,0.15853658536585366
2018-03-15,492,78,414,0.15853658536585366
2018-03-16,492,78,414,0.15853658536585366
2018-03-19,494,78,416,0.15789473684210525
2018-03-20,494,78,416,0.15789473684210525
2018-03-21,494,78,416,0.15789473684210525
2018-03-22,494,78,416,0.15789473684210525
2018-03-23,494,78,416,0.15789473684210525
2018-03-26,494,78,416,0.15789473684210525
2018-03-27,494,78,416,0.15789473684210525
2018-03-28,494,78,416,0.15789473684210525
2018-03-29,494,78,416,0.15789473684210525
2018-04-02,494,78,416,0.15789473684210525
2018-04-03,493,78,415,0.15821501014198783
2018-04-04,494,78,416,0.15789473684210525
2018-04-05,494,78,416,0.15789473684210525
2018-04-06,494,78,416,0.15789473684210525
2018-04-09,494,78,416,0.15789473684210525
2018-04-10,494,78,416,0.15789473684210525
2018-04-11,494,78,416,0.15789473684210525
2018-04-12,494,78,416,0.15789473684210525
2018-04-13,494,78,416,0.15789473684210525
2018-04-16,494,78,416,0.15789473684210525
2018-04-17,494,78,416,0.15789473684210525
2018-04-18,494,78,416,0.15789473684210525
2018-04-19,494,78,416,0.15789473684210525
2018-04-20,494,78,416,0.15789473684210525
2018-04-23,494,78,416,0.15789473684210525
2018-04-24,494,78,416,0.15789473684210525
2018-04-25,494,78,416,0.15789473684210525
2018-04-26,494,78,416,0.15789473684210525
2018-04-27,494,78,416,0.15789473684210525
2018-04-30,494,78,416,0.15789473684210525
2018-05-01,494,78,416,0.15789473684210525
2018-05-02,494,78,416,0.15789473684210525
2018-05-03,494,78,416,0.15789473684210525
2018-05-04,494,78,416,0.15789473684210525
2018-05-07,494,78,416,0.15789473684210525
2018-05-08,494,78,416,0.15789473684210525
2018-05-09,494,78,416,0.15789473684210525
2018-05-10,494,78,416,0.15789473684210525
2018-05-11,494,78,416,0.15789473684210525
2018-05-14,494,78,416,0.15789473684210525
2018-05-15,494,78,416,0.15789473684210525
2018-05-16,494,78,416,0.15789473684210525
2018-05-17,494,78,416,0.15789473684210525
2018-05-18,494,78,416,0.15789473684210525
2018-05-21,494,78,416,0.15789473684210525
2018-05-22,494,78,416,0.15789473684210525
2018-05-23,494,78,416,0.15789473684210525
2018-05-24,494,78,416,0.15789473684210525
2018-05-25,494,78,416,0.15789473684210525
2018-05-29,494,78,416,0.15789473684210525
2018-05-30,494,78,416,0.15789473684210525
2018-05-31,495,78,417,0.15757575757575756
2018-06-01,495,78,417,0.15757575757575756
2018-06-04,494,78,416,0.15789473684210525
2018-06-05,495,78,417,0.15757575757575756
2018-06-06,495,78,417,0.15757575757575756
2018-06-07,496,78,418,0.15725806451612903
2018-06-08,496,78,418,0.15725806451612903
2018-06-11,496,78,418,0.15725806451612903
2018-06-12,496,78,418,0.15725806451612903
2018-06-13,496,78,418,0.15725806451612903
2018-06-14,496,78,418,0.15725806451612903
2018-06-15,495,78,417,0.15757575757575756
2018-06-18,495,78,417,0.15757575757575756
2018-06-19,495,78,417,0.15757575757575756
2018-06-20,496,78,418,0.15725806451612903
2018-06-21,496,78,418,0.15725806451612903
2018-06-22,496,78,418,0.15725806451612903
2018-06-25,496,78,418,0.15725806451612903
2018-06-26,496,78,418,0.15725806451612903
2018-06-27,495,78,417,0.15757575757575756
2018-06-28,495,78,417,0.15757575757575756
2018-06-29,495,78,417,0.15757575757575756
2018-07-02,496,78,418,0.15725806451612903
2018-07-03,496,78,418,0.15725806451612903
2018-07-05,496,78,418,0.15725806451612903
2018-07-06,496,78,418,0.15725806451612903
2018-07-09,496,78,418,0.15725806451612903
2018-07-10,496,78,418,0.15725806451612903
2018-07-11,496,78,418,0.15725806451612903
2018-07-12,496,78,418,0.15725806451612903
2018-07-13,496,78,418,0.15725806451612903
2018-07-16,496,78,418,0.15725806451612903
2018-07-17,496,78,418,0.15725806451612903
2018-07-18,496,78,418,0.15725806451612903
2018-07-19,496,78,418,0.15725806451612903
2018-07-20,496,78,418,0.15725806451612903
2018-07-23,496,78,418,0.15725806451612903
2018-07-24,496,78,418,0.15725806451612903
2018-07-25,496,78,418,0.15725806451612903
2018-07-26,496,78,418,0.15725806451612903
2018-07-27,496,78,418,0.15725806451612903
2018-07-30,496,78,418,0.15725806451612903
2018-07-31,496,78,418,0.15725806451612903
2018-08-01,496,78,418,0.15725806451612903
2018-08-02,496,78,418,0.15725806451612903
2018-08-03,496,78,418,0.15725806451612903
2018-08-06,496,78,418,0.15725806451612903
2018-08-07,496,78,418,0.15725806451612903
2018-08-08,496,78,418,0.15725806451612903
2018-08-09,496,78,418,0.15725806451612903
2018-08-10,496,78,418,0.15725806451612903
2018-08-13,496,78,418,0.15725806451612903
2018-08-14,496,78,418,0.15725806451612903
2018-08-15,496,78,418,0.15725806451612903
2018-08-16,496,78,418,0.15725806451612903
2018-08-17,496,78,418,0.15725806451612903
2018-08-20,496,78,418,0.15725806451612903
2018-08-21,495,78,417,0.15757575757575756
2018-08-22,495,78,417,0.15757575757575756
2018-08-23,495,78,417,0.15757575757575756
2018-08-24,495,78,417,0.15757575757575756
2018-08-27,495,78,417,0.15757575757575756
2018-08-28,496,78,418,0.15725806451612903
2018-08-29,496,78,418,0.15725806451612903
2018-08-30,496,78,418,0.15725806451612903
2018-08-31,496,78,418,0.15725806451612903
2018-09-04,496,78,418,0.15725806451612903
2018-09-05,496,78,418,0.15725806451612903
2018-09-06,496,78,418,0.15725806451612903
2018-09-07,496,78,418,0.15725806451612903
2018-09-10,496,78,418,0.15725806451612903
2018-09-11,496,78,418,0.15725806451612903
2018-09-12,496,78,418,0.15725806451612903
2018-09-13,496,78,418,0.15725806451612903
2018-09-14,496,78,418,0.15725806451612903
2018-09-17,497,78,419,0.15694164989939638
2018-09-18,497,78,419,0.15694164989939638
2018-09-19,496,78,418,0.15725806451612903
2018-09-20,496,78,418,0.15725806451612903
2018-09-21,496,78,418,0.15725806451612903
2018-09-24,496,78,418,0.15725806451612903
2018-09-25,495,78,417,0.15757575757575756
2018-09-26,495,78,417,0.15757575757575756
2018-09-27,495,78,417,0.15757575757575756
2018-09-28,495,78,417,0.15757575757575756
2018-10-01,496,78,418,0.15725806451612903
2018-10-02,496,78,418,0.15725806451612903
2018-10-03,496,78,418,0.15725806451612903
2018-10-04,496,78,418,0.15725806451612903
2018-10-05,496,78,418,0.15725806451612903
2018-10-08,496,78,418,0.15725806451612903
2018-10-09,496,78,418,0.15725806451612903
2018-10-10,496,78,418,0.15725806451612903
2018-10-11,496,78,418,0.15725806451612903
2018-10-12,496,78,418,0.15725806451612903
2018-10-15,496,78,418,0.15725806451612903
2018-10-16,496,78,418,0.15725806451612903
2018-10-17,496,78,418,0.15725806451612903
2018-10-18,496,78,418,0.15725806451612903
2018-10-19,496,78,418,0.15725806451612903
2018-10-22,496,78,418,0.15725806451612903
2018-10-23,496,78,418,0.15725806451612903
2018-10-24,496,78,418,0.15725806451612903
2018-10-25,496,78,418,0.15725806451612903
2018-10-26,496,78,418,0.15725806451612903
2018-10-29,496,78,418,0.15725806451612903
2018-10-30,496,78,418,0.15725806451612903
2018-10-31,496,78,418,0.15725806451612903
2018-11-01,495,78,417,0.15757575757575756
2018-11-02,495,78,417,0.15757575757575756
2018-11-05,495,78,417,0.15757575757575756
2018-11-06,497,79,418,0.158953722334004
2018-11-07,497,79,418,0.158953722334004
2018-11-08,497,79,418,0.158953722334004
2018-11-09,497,79,418,0.158953722334004
2018-11-12,497,79,418,0.158953722334004
2018-11-13,497,79,418,0.158953722334004
2018-11-14,497,79,418,0.158953722334004
2018-11-15,497,79,418,0.158953722334004
2018-11-16,496,79,417,0.1592741935483871
2018-11-19,496,79,417,0.1592741935483871
2018-11-20,496,79,417,0.1592741935483871
2018-11-21,496,79,417,0.1592741935483871
2018-11-23,496,79,417,0.1592741935483871
2018-11-26,496,79,417,0.1592741935483871
2018-11-27,496,79,417,0.1592741935483871
2018-11-28,496,79,417,0.1592741935483871
2018-11-29,495,79,416,0.1595959595959596
2018-11-30,494,79,415,0.15991902834008098
2018-12-03,497,79,418,0.158953722334004
2018-12-04,497,79,418,0.158953722334004
2018-12-06,497,79,418,0.158953722334004
2018-12-07,497,79,418,0.158953722334004
2018-12-10,497,79,418,0.158953722334004
2018-12-11,497,79,418,0.158953722334004
2018-12-12,497,79,418,0.158953722334004
2018-12-13,497,79,418,0.158953722334004
2018-12-14,497,79,418,0.158953722334004
2018-12-17,497,79,418,0.158953722334004
2018-12-18,497,79,418,0.158953722334004
2018-12-19,497,79,418,0.158953722334004
2018-12-20,496,79,417,0.1592741935483871
2018-12-21,496,79,417,0.1592741935483871
2018-12-24,497,79,418,0.158953722334004
2018-12-26,496,79,417,0.1592741935483871
2018-12-27,496,79,417,0.1592741935483871
2018-12-28,496,79,417,0.1592741935483871
2018-12-31,496,79,417,0.1592741935483871
2019-01-02,497,79,418,0.158953722334004
2019-01-03,497,79,418,0.158953722334004
2019-01-04,497,79,418,0.158953722334004
2019-01-07,497,79,418,0.158953722334004
2019-01-08,497,79,418,0.158953722334004
2019-01-09,497,79,418,0.158953722334004
2019-01-10,497,79,418,0.158953722334004
2019-01-11,497,79,418,0.158953722334004
2019-01-14,496,79,417,0.1592741935483871
2019-01-15,496,79,417,0.1592741935483871
2019-01-16,496,79,417,0.1592741935483871
2019-01-17,496,79,417,0.1592741935483871
2019-01-18,497,79,418,0.158953722334004
2019-01-22,496,79,417,0.1592741935483871
2019-01-23,496,79,417,0.1592741935483871
2019-01-24,496,79,417,0.1592741935483871
2019-01-25,496,79,417,0.1592741935483871
2019-01-28,496,79,417,0.1592741935483871
2019-01-29,496,79,417,0.1592741935483871
2019-01-30,496,79,417,0.1592741935483871
2019-01-31,496,79,417,0.1592741935483871
2019-02-01,496,79,417,0.1592741935483871
2019-02-04,496,79,417,0.1592741935483871
2019-02-05,496,79,417,0.1592741935483871
2019-02-06,496,79,417,0.1592741935483871
2019-02-07,496,79,417,0.1592741935483871
2019-02-08,496,79,417,0.1592741935483871
2019-02-11,496,79,417,0.1592741935483871
2019-02-12,496,79,417,0.1592741935483871
2019-02-13,496,79,417,0.1592741935483871
2019-02-14,496,79,417,0.1592741935483871
2019-02-15,497,79,418,0.158953722334004
2019-02-19,496,79,417,0.1592741935483871
2019-02-20,496,79,417,0.1592741935483871
2019-02-21,496,79,417,0.1592741935483871
2019-02-22,496,79,417,0.1592741935483871
2019-02-25,496,79,417,0.1592741935483871
2019-02-26,496,79,417,0.1592741935483871
2019-02-27,497,79,418,0.158953722334004
2019-02-28,496,79,417,0.1592741935483871
2019-03-01,496,79,417,0.1592741935483871
2019-03-04,496,79,417,0.1592741935483871
2019-03-05,496,79,417,0.1592741935483871
2019-03-06,496,79,417,0.1592741935483871
2019-03-07,496,79,417,0.1592741935483871
2019-03-08,496,79,417,0.1592741935483871
2019-03-11,496,79,417,0.1592741935483871
2019-03-12,496,79,417,0.1592741935483871
2019-03-13,496,79,417,0.1592741935483871
2019-03-14,496,79,417,0.1592741935483871
2019-03-15,496,79,417,0.1592741935483871
2019-03-18,496,79,417,0.1592741935483871
2019-03-19,496,79,417,0.1592741935483871
2019-03-20,496,79,417,0.1592741935483871
2019-03-21,496,79,417,0.1592741935483871
2019-03-22,496,79,417,0.1592741935483871
2019-03-25,496,79,417,0.1592741935483871
2019-03-26,496,79,417,0.1592741935483871
2019-03-27,496,79,417,0.1592741935483871
2019-03-28,496,79,417,0.1592741935483871
2019-03-29,496,79,417,0.1592741935483871
2019-04-01,496,79,417,0.1592741935483871
2019-04-02,496,79,417,0.1592741935483871
2019-04-03,495,79,416,0.1595959595959596
2019-04-04,495,79,416,0.1595959595959596
2019-04-05,495,79,416,0.1595959595959596
2019-04-08,495,79,416,0.1595959595959596
2019-04-09,495,79,416,0.1595959595959596
2019-04-10,495,79,416,0.1595959595959596
2019-04-11,495,79,416,0.1595959595959596
2019-04-12,495,79,416,0.1595959595959596
2019-04-15,495,79,416,0.1595959595959596
2019-04-16,495,79,416,0.1595959595959596
2019-04-17,495,79,416,0.1595959595959596
2019-04-18,495,79,416,0.1595959595959596
2019-04-22,495,79,416,0.1595959595959596
2019-04-23,495,79,416,0.1595959595959596
2019-04-24,495,79,416,0.1595959595959596
2019-04-25,495,79,416,0.1595959595959596
2019-04-26,495,79,416,0.1595959595959596
2019-04-29,495,79,416,0.1595959595959596
2019-04-30,495,79,416,0.1595959595959596
2019-05-01,495,79,416,0.1595959595959596
2019-05-02,495,79,416,0.1595959595959596
2019-05-03,495,79,416,0.1595959595959596
2019-05-06,495,79,416,0.1595959595959596
2019-05-07,495,79,416,0.1595959595959596
2019-05-08,495,79,416,0.1595959595959596
2019-05-09,495,79,416,0.1595959595959596
2019-05-10,495,79,416,0.1595959595959596
2019-05-13,495,79,416,0.1595959595959596
2019-05-14,495,79,416,0.1595959595959596
2019-05-15,495,79,416,0.1595959595959596
2019-05-16,495,79,416,0.1595959595959596
2019-05-17,495,79,416,0.1595959595959596
2019-05-20,495,79,416,0.1595959595959596
2019-05-21,495,79,416,0.1595959595959596
2019-05-22,495,79,416,0.1595959595959596
2019-05-23,495,79,416,0.1595959595959596
2019-05-24,495,79,416,0.1595959595959596
2019-05-28,495,79,416,0.1595959595959596
2019-05-29,495,79,416,0.1595959595959596
2019-05-30,495,79,416,0.1595959595959596
2019-05-31,495,79,416,0.1595959595959596
2019-06-03,496,79,417,0.1592741935483871
2019-06-04,495,79,416,0.1595959595959596
2019-06-05,495,79,416,0.1595959595959596
2019-06-06,495,79,416,0.1595959595959596
2019-06-07,496,79,417,0.1592741935483871
2019-06-10,496,79,417,0.1592741935483871
2019-06-11,496,79,417,0.1592741935483871
2019-06-12,496,79,417,0.1592741935483871
2019-06-13,496,79,417,0.1592741935483871
2019-06-14,496,79,417,0.1592741935483871
2019-06-17,496,79,417,0.1592741935483871
2019-06-18,496,79,417,0.1592741935483871
2019-06-19,496,79,417,0.1592741935483871
2019-06-20,496,79,417,0.1592741935483871
2019-06-21,496,79,417,0.1592741935483871
2019-06-24,496,79,417,0.1592741935483871
2019-06-25,496,79,417,0.1592741935483871
2019-06-26,496,79,417,0.1592741935483871
2019-06-27,496,79,417,0.1592741935483871
2019-06-28,496,79,417,0.1592741935483871
2019-07-01,497,79,418,0.158953722334004
2019-07-02,496,79,417,0.1592741935483871
2019-07-03,496,79,417,0.1592741935483871
2019-07-05,496,79,417,0.1592741935483871
2019-07-08,496,79,417,0.1592741935483871
2019-07-09,496,79,417,0.1592741935483871
2019-07-10,496,79,417,0.1592741935483871
2019-07-11,496,79,417,0.1592741935483871
2019-07-12,496,79,417,0.1592741935483871
2019-07-15,497,79,418,0.158953722334004
2019-07-16,496,79,417,0.1592741935483871
2019-07-17,496,79,417,0.1592741935483871
2019-07-18,496,79,417,0.1592741935483871
2019-07-19,496,79,417,0.1592741935483871
2019-07-22,496,79,417,0.1592741935483871
2019-07-23,496,79,417,0.1592741935483871
2019-07-24,496,79,417,0.1592741935483871
2019-07-25,496,79,417,0.1592741935483871
2019-07-26,496,79,417,0.1592741935483871
2019-07-29,496,79,417,0.1592741935483871
2019-07-30,496,79,417,0.1592741935483871
2019-07-31,496,79,417,0.1592741935483871
2019-08-01,496,79,417,0.1592741935483871
2019-08-02,496,79,417,0.1592741935483871
2019-08-05,496,79,417,0.1592741935483871
2019-08-06,496,79,417,0.1592741935483871
2019-08-07,496,79,417,0.1592741935483871
2019-08-08,497,79,418,0.158953722334004
2019-08-09,497,79,418,0.158953722334004
2019-08-12,496,79,417,0.1592741935483871
2019-08-13,496,79,417,0.1592741935483871
2019-08-14,496,79,417,0.1592741935483871
2019-08-15,496,79,417,0.1592741935483871
2019-08-16,496,79,417,0.1592741935483871
2019-08-19,496,79,417,0.1592741935483871
2019-08-20,496,79,417,0.1592741935483871
2019-08-21,496,79,417,0.1592741935483871
2019-08-22,496,79,417,0.1592741935483871
2019-08-23,496,79,417,0.1592741935483871
2019-08-26,496,79,417,0.1592741935483871
2019-08-27,496,79,417,0.1592741935483871
2019-08-28,496,79,417,0.1592741935483871
2019-08-29,496,79,417,0.1592741935483871
2019-08-30,496,79,417,0.1592741935483871
2019-09-03,496,79,417,0.1592741935483871
2019-09-04,496,79,417,0.1592741935483871
2019-09-05,496,79,417,0.1592741935483871
2019-09-06,496,79,417,0.1592741935483871
2019-09-09,496,79,417,0.1592741935483871
2019-09-10,496,79,417,0.1592741935483871
2019-09-11,496,79,417,0.1592741935483871
2019-09-12,496,79,417,0.1592741935483871
2019-09-13,496,79,417,0.1592741935483871
2019-09-16,496,79,417,0.1592741935483871
2019-09-17,496,79,417,0.1592741935483871
2019-09-18,496,79,417,0.1592741935483871
2019-09-19,496,79,417,0.1592741935483871
2019-09-20,496,79,417,0.1592741935483871
2019-09-23,497,79,418,0.158953722334004
2019-09-24,496,79,417,0.1592741935483871
2019-09-25,496,79,417,0.1592741935483871
2019-09-26,497,79,418,0.158953722334004
2019-09-27,496,79,417,0.1592741935483871
2019-09-30,496,79,417,0.1592741935483871
2019-10-01,496,79,417,0.1592741935483871
2019-10-02,496,79,417,0.1592741935483871
2019-10-03,497,79,418,0.158953722334004
2019-10-04,497,79,418,0.158953722334004
2019-10-07,497,79,418,0.158953722334004
2019-10-08,497,79,418,0.158953722334004
2019-10-09,497,79,418,0.158953722334004
2019-10-10,497,79,418,0.158953722334004
2019-10-11,497,79,418,0.158953722334004
2019-10-14,497,79,418,0.158953722334004
2019-10-15,497,79,418,0.158953722334004
2019-10-16,497,79,418,0.158953722334004
2019-10-17,497,79,418,0.158953722334004
2019-10-18,498,79,419,0.15863453815261044
2019-10-21,497,79,418,0.158953722334004
2019-10-22,497,79,418,0.158953722334004
2019-10-23,497,79,418,0.158953722334004
2019-10-24,497,79,418,0.158953722334004
2019-10-25,497,79,418,0.158953722334004
2019-10-28,497,79,418,0.158953722334004
2019-10-29,497,79,418,0.158953722334004
2019-10-30,497,79,418,0.158953722334004
2019-10-31,497,79,418,0.158953722334004
2019-11-01,497,79,418,0.158953722334004
2019-11-04,497,79,418,0.158953722334004
2019-11-05,499,79,420,0.15831663326653306
2019-11-06,498,79,419,0.15863453815261044
2019-11-07,498,79,419,0.15863453815261044
2019-11-08,498,79,419,0.15863453815261044
2019-11-11,498,79,419,0.15863453815261044
2019-11-12,498,79,419,0.15863453815261044
2019-11-13,498,79,419,0.15863453815261044
2019-11-14,498,79,419,0.15863453815261044
2019-11-15,498,79,419,0.15863453815261044
2019-11-18,498,79,419,0.15863453815261044
2019-11-19,498,79,419,0.15863453815261044
2019-11-20,498,79,419,0.15863453815261044
2019-11-21,499,80,419,0.16032064128256512
2019-11-22,497,80,417,0.16096579476861167
2019-11-25,497,80,417,0.16096579476861167
2019-11-26,497,80,417,0.16096579476861167
2019-11-27,497,80,417,0.16096579476861167
2019-11-29,497,80,417,0.16096579476861167
2019-12-02,497,80,417,0.16096579476861167
2019-12-03,497,80,417,0.16096579476861167
2019-12-04,497,80,417,0.16096579476861167
2019-12-05,499,80,419,0.16032064128256512
2019-12-06,497,80,417,0.16096579476861167
2019-12-09,499,80,419,0.16032064128256512
2019-12-10,499,80,419,0.16032064128256512
2019-12-11,496,80,416,0.16129032258064516
2019-12-12,496,80,416,0.16129032258064516
2019-12-13,496,80,416,0.16129032258064516
2019-12-16,496,80,416,0.16129032258064516
2019-12-17,496,80,416,0.16129032258064516
2019-12-18,496,80,416,0.16129032258064516
2019-12-19,496,80,416,0.16129032258064516
2019-12-20,496,80,416,0.16129032258064516
2019-12-23,499,80,419,0.16032064128256512
2019-12-24,498,80,418,0.1606425702811245
2019-12-26,498,80,418,0.1606425702811245
2019-12-27,498,80,418,0.1606425702811245
2019-12-30,498,80,418,0.1606425702811245
2019-12-31,498,80,418,0.1606425702811245
2020-01-02,498,80,418,0.1606425702811245
2020-01-03,498,80,418,0.1606425702811245
2020-01-06,498,80,418,0.1606425702811245
2020-01-07,498,80,418,0.1606425702811245
2020-01-08,498,80,418,0.1606425702811245
2020-01-09,498,80,418,0.1606425702811245
2020-01-10,498,80,418,0.1606425702811245
2020-01-13,498,80,418,0.1606425702811245
2020-01-14,498,80,418,0.1606425702811245
2020-01-15,498,80,418,0.1606425702811245
2020-01-16,498,80,418,0.1606425702811245
2020-01-17,498,80,418,0.1606425702811245
2020-01-21,498,80,418,0.1606425702811245
2020-01-22,498,80,418,0.1606425702811245
2020-01-23,498,80,418,0.1606425702811245
2020-01-24,498,80,418,0.1606425702811245
2020-01-27,498,80,418,0.1606425702811245
2020-01-28,499,80,419,0.16032064128256512
2020-01-29,498,80,418,0.1606425702811245
2020-01-30,498,80,418,0.1606425702811245
2020-01-31,498,80,418,0.1606425702811245
2020-02-03,498,80,418,0.1606425702811245
2020-02-04,498,80,418,0.1606425702811245
2020-02-05,498,80,418,0.1606425702811245
2020-02-06,498,80,418,0.1606425702811245
2020-02-07,498,80,418,0.1606425702811245
2020-02-10,498,80,418,0.1606425702811245
2020-02-11,498,80,418,0.1606425702811245
2020-02-12,498,80,418,0.1606425702811245
2020-02-13,498,80,418,0.1606425702811245
2020-02-14,498,80,418,0.1606425702811245
2020-02-18,498,80,418,0.1606425702811245
2020-02-19,498,80,418,0.1606425702811245
2020-02-20,498,80,418,0.1606425702811245
2020-02-21,498,80,418,0.1606425702811245
2020-02-24,498,80,418,0.1606425702811245
2020-02-25,498,80,418,0.1606425702811245
2020-02-26,498,80,418,0.1606425702811245
2020-02-27,498,80,418,0.1606425702811245
2020-02-28,498,80,418,0.1606425702811245
2020-03-02,498,80,418,0.1606425702811245
2020-03-03,499,80,419,0.16032064128256512
2020-03-04,498,80,418,0.1606425702811245
2020-03-05,498,80,418,0.1606425702811245
2020-03-06,498,80,418,0.1606425702811245
2020-03-09,498,80,418,0.1606425702811245
2020-03-10,498,80,418,0.1606425702811245
2020-03-11,498,80,418,0.1606425702811245
2020-03-12,498,80,418,0.1606425702811245
2020-03-13,498,80,418,0.1606425702811245
2020-03-16,498,80,418,0.1606425702811245
2020-03-17,498,80,418,0.1606425702811245
2020-03-18,498,80,418,0.1606425702811245
2020-03-19,498,80,418,0.1606425702811245
2020-03-20,498,80,418,0.1606425702811245
2020-03-23,498,80,418,0.1606425702811245
2020-03-24,498,80,418,0.1606425702811245
2020-03-25,498,80,418,0.1606425702811245
2020-03-26,498,80,418,0.1606425702811245
2020-03-27,498,80,418,0.1606425702811245
2020-03-30,498,80,418,0.1606425702811245
2020-03-31,498,80,418,0.1606425702811245
2020-04-01,498,80,418,0.1606425702811245
2020-04-02,498,80,418,0.1606425702811245
2020-04-03,501,81,420,0.16167664670658682
2020-04-06,500,81,419,0.162
2020-04-07,499,81,418,0.1623246492985972
2020-04-08,499,81,418,0.1623246492985972
2020-04-09,499,81,418,0.1623246492985972
2020-04-13,499,81,418,0.1623246492985972
2020-04-14,499,81,418,0.1623246492985972
2020-04-15,499,81,418,0.1623246492985972
2020-04-16,499,81,418,0.1623246492985972
2020-04-17,499,81,418,0.1623246492985972
2020-04-20,499,81,418,0.1623246492985972
2020-04-21,499,81,418,0.1623246492985972
2020-04-22,499,81,418,0.1623246492985972
2020-04-23,499,81,418,0.1623246492985972
2020-04-24,499,81,418,0.1623246492985972
2020-04-27,499,81,418,0.1623246492985972
2020-04-28,499,81,418,0.1623246492985972
2020-04-29,499,81,418,0.1623246492985972
2020-04-30,499,81,418,0.1623246492985972
2020-05-01,499,81,418,0.1623246492985972
2020-05-04,499,81,418,0.1623246492985972
2020-05-05,499,81,418,0.1623246492985972
2020-05-06,499,81,418,0.1623246492985972
2020-05-07,499,81,418,0.1623246492985972
2020-05-08,499,81,418,0.1623246492985972
2020-05-11,499,81,418,0.1623246492985972
2020-05-12,501,81,420,0.16167664670658682
2020-05-13,500,81,419,0.162
2020-05-14,500,81,419,0.162
2020-05-15,500,81,419,0.162
2020-05-18,500,81,419,0.162
2020-05-19,500,81,419,0.162
2020-05-20,500,81,419,0.162
2020-05-21,500,81,419,0.162
2020-05-22,501,81,420,0.16167664670658682
2020-05-26,498,81,417,0.16265060240963855
2020-05-27,498,81,417,0.16265060240963855
2020-05-28,498,81,417,0.16265060240963855
2020-05-29,498,81,417,0.16265060240963855
2020-06-01,498,81,417,0.16265060240963855
2020-06-02,498,81,417,0.16265060240963855
2020-06-03,498,81,417,0.16265060240963855
2020-06-04,498,81,417,0.16265060240963855
2020-06-05,498,81,417,0.16265060240963855
2020-06-08,498,81,417,0.16265060240963855
2020-06-09,498,81,417,0.16265060240963855
2020-06-10,498,81,417,0.16265060240963855
2020-06-11,498,81,417,0.16265060240963855
2020-06-12,498,81,417,0.16265060240963855
2020-06-15,498,81,417,0.16265060240963855
2020-06-16,498,81,417,0.16265060240963855
2020-06-17,498,81,417,0.16265060240963855
2020-06-18,498,81,417,0.16265060240963855
2020-06-19,498,81,417,0.16265060240963855
2020-06-22,501,81,420,0.16167664670658682
2020-06-23,500,81,419,0.162
2020-06-24,500,81,419,0.162
2020-06-25,500,81,419,0.162
2020-06-26,500,81,419,0.162
2020-06-29,500,81,419,0.162
2020-06-30,500,81,419,0.162
2020-07-01,500,81,419,0.162
2020-07-02,500,81,419,0.162
2020-07-06,500,81,419,0.162
2020-07-07,500,81,419,0.162
2020-07-08,500,81,419,0.162
2020-07-09,500,81,419,0.162
2020-07-10,500,81,419,0.162
2020-07-13,500,81,419,0.162
2020-07-14,500,81,419,0.162
2020-07-15,500,81,419,0.162
2020-07-16,500,81,419,0.162
2020-07-17,500,81,419,0.162
2020-07-20,500,81,419,0.162
2020-07-21,500,81,419,0.162
2020-07-22,500,81,419,0.162
2020-07-23,500,81,419,0.162
2020-07-24,500,81,419,0.162
2020-07-27,500,81,419,0.162
2020-07-28,500,81,419,0.162
2020-07-29,500,81,419,0.162
2020-07-30,500,81,419,0.162
2020-07-31,500,81,419,0.162
2020-08-03,500,81,419,0.162
2020-08-04,500,81,419,0.162
2020-08-05,500,81,419,0.162
2020-08-06,500,81,419,0.162
2020-08-07,500,81,419,0.162
2020-08-10,500,81,419,0.162
2020-08-11,500,81,419,0.162
2020-08-12,500,81,419,0.162
2020-08-13,500,81,419,0.162
2020-08-14,500,81,419,0.162
2020-08-17,500,81,419,0.162
2020-08-18,500,81,419,0.162
2020-08-19,500,81,419,0.162
2020-08-20,500,81,419,0.162
2020-08-21,500,81,419,0.162
2020-08-24,500,81,419,0.162
2020-08-25,500,81,419,0.162
2020-08-26,500,81,419,0.162
2020-08-27,500,81,419,0.162
2020-08-28,500,81,419,0.162
2020-08-31,500,81,419,0.162
2020-09-01,500,81,419,0.162
2020-09-02,500,81,419,0.162
2020-09-03,500,81,419,0.162
2020-09-04,500,81,419,0.162
2020-09-08,500,81,419,0.162
2020-09-09,500,81,419,0.162
2020-09-10,500,81,419,0.162
2020-09-11,500,81,419,0.162
2020-09-14,500,81,419,0.162
2020-09-15,500,81,419,0.162
2020-09-16,500,81,419,0.162
2020-09-17,500,81,419,0.162
2020-09-18,501,81,420,0.16167664670658682
2020-09-21,501,81,420,0.16167664670658682
2020-09-22,500,81,419,0.162
2020-09-23,500,81,419,0.162
2020-09-24,500,81,419,0.162
2020-09-25,500,81,419,0.162
2020-09-28,500,81,419,0.162
2020-09-29,500,81,419,0.162
2020-09-30,500,81,419,0.162
2020-10-01,500,81,419,0.162
2020-10-02,500,81,419,0.162
2020-10-05,500,81,419,0.162
2020-10-06,500,81,419,0.162
2020-10-07,501,81,420,0.16167664670658682
2020-10-08,500,81,419,0.162
2020-10-09,500,81,419,0.162
2020-10-12,501,81,420,0.16167664670658682
2020-10-13,500,81,419,0.162
2020-10-14,500,81,419,0.162
2020-10-15,500,81,419,0.162
2020-10-16,500,81,419,0.162
2020-10-19,500,81,419,0.162
2020-10-20,500,81,419,0.162
2020-10-21,500,81,419,0.162
2020-10-22,500,81,419,0.162
2020-10-23,500,81,419,0.162
2020-10-26,500,81,419,0.162
2020-10-27,500,81,419,0.162
2020-10-28,500,81,419,0.162
2020-10-29,500,81,419,0.162
2020-10-30,500,81,419,0.162
2020-11-02,500,81,419,0.162
2020-11-03,500,81,419,0.162
2020-11-04,500,81,419,0.162
2020-11-05,500,81,419,0.162
2020-11-06,500,81,419,0.162
2020-11-09,500,81,419,0.162
2020-11-10,500,81,419,0.162
2020-11-11,500,81,419,0.162
2020-11-12,500,81,419,0.162
2020-11-13,500,81,419,0.162
2020-11-16,500,81,419,0.162
2020-11-17,501,81,420,0.16167664670658682
2020-11-18,500,81,419,0.162
2020-11-19,500,81,419,0.162
2020-11-20,500,81,419,0.162
2020-11-23,500,81,419,0.162
2020-11-24,500,81,419,0.162
2020-11-25,500,81,419,0.162
2020-11-27,500,81,419,0.162
2020-11-30,500,81,419,0.162
2020-12-01,500,81,419,0.162
2020-12-02,500,81,419,0.162
2020-12-03,500,81,419,0.162
2020-12-04,500,81,419,0.162
2020-12-07,500,81,419,0.162
2020-12-08,500,81,419,0.162
2020-12-09,500,81,419,0.162
2020-12-10,500,81,419,0.162
2020-12-11,500,81,419,0.162
2020-12-14,500,81,419,0.162
2020-12-15,500,81,419,0.162
2020-12-16,500,81,419,0.162
2020-12-17,500,81,419,0.162
2020-12-18,500,81,419,0.162
2020-12-21,501,82,419,0.16367265469061876
2020-12-22,500,82,418,0.164
2020-12-23,500,82,418,0.164
2020-12-24,500,82,418,0.164
2020-12-28,500,82,418,0.164
2020-12-29,500,82,418,0.164
2020-12-30,500,82,418,0.164
2020-12-31,500,82,418,0.164
2021-01-04,500,82,418,0.164
2021-01-05,500,82,418,0.164
2021-01-06,500,82,418,0.164
2021-01-07,501,82,419,0.16367265469061876
2021-01-08,500,82,418,0.164
2021-01-11,500,82,418,0.164
2021-01-12,500,82,418,0.164
2021-01-13,500,82,418,0.164
2021-01-14,500,82,418,0.164
2021-01-15,500,82,418,0.164
2021-01-19,500,82,418,0.164
2021-01-20,500,82,418,0.164
2021-01-21,501,82,419,0.16367265469061876
2021-01-22,500,82,418,0.164
2021-01-25,500,82,418,0.164
2021-01-26,500,82,418,0.164
2021-01-27,500,82,418,0.164
2021-01-28,500,82,418,0.164
2021-01-29,500,82,418,0.164
2021-02-01,500,82,418,0.164
2021-02-02,500,82,418,0.164
2021-02-03,500,82,418,0.164
2021-02-04,500,82,418,0.164
2021-02-05,500,82,418,0.164
2021-02-08,500,82,418,0.164
2021-02-09,500,82,418,0.164
2021-02-10,500,82,418,0.164
2021-02-11,500,82,418,0.164
2021-02-12,501,82,419,0.16367265469061876
2021-02-16,497,82,415,0.16498993963782696
2021-02-17,497,82,415,0.16498993963782696
2021-02-18,497,82,415,0.16498993963782696
2021-02-19,497,82,415,0.16498993963782696
2021-02-22,497,82,415,0.16498993963782696
2021-02-23,497,82,415,0.16498993963782696
2021-02-24,497,82,415,0.16498993963782696
2021-02-25,497,82,415,0.16498993963782696
2021-02-26,497,82,415,0.16498993963782696
2021-03-01,497,82,415,0.16498993963782696
2021-03-02,497,82,415,0.16498993963782696
2021-03-03,497,82,415,0.16498993963782696
2021-03-04,497,82,415,0.16498993963782696
2021-03-05,497,82,415,0.16498993963782696
2021-03-08,497,82,415,0.16498993963782696
2021-03-09,497,82,415,0.16498993963782696
2021-03-10,497,82,415,0.16498993963782696
2021-03-11,497,82,415,0.16498993963782696
2021-03-12,497,82,415,0.16498993963782696
2021-03-15,497,82,415,0.16498993963782696
2021-03-16,497,82,415,0.16498993963782696
2021-03-17,497,82,415,0.16498993963782696
2021-03-18,497,82,415,0.16498993963782696
2021-03-19,497,82,415,0.16498993963782696
2021-03-22,501,82,419,0.16367265469061876
2021-03-23,500,82,418,0.164
2021-03-24,500,82,418,0.164
2021-03-25,500,82,418,0.164
2021-03-26,500,82,418,0.164
2021-03-29,500,82,418,0.164
2021-03-30,500,82,418,0.164
2021-03-31,500,82,418,0.164
2021-04-01,500,82,418,0.164
2021-04-05,500,82,418,0.164
2021-04-06,500,82,418,0.164
2021-04-07,500,82,418,0.164
2021-04-08,500,82,418,0.164
2021-04-09,500,82,418,0.164
2021-04-12,500,82,418,0.164
2021-04-13,500,82,418,0.164
2021-04-14,500,82,418,0.164
2021-04-15,500,82,418,0.164
2021-04-16,500,82,418,0.164
2021-04-19,500,82,418,0.164
2021-04-20,501,82,419,0.16367265469061876
2021-04-21,500,82,418,0.164
2021-04-22,500,82,418,0.164
2021-04-23,500,82,418,0.164
2021-04-26,500,82,418,0.164
2021-04-27,500,82,418,0.164
2021-04-28,500,82,418,0.164
2021-04-29,500,82,418,0.164
2021-04-30,500,82,418,0.164
2021-05-03,500,82,418,0.164
2021-05-04,500,82,418,0.164
2021-05-05,500,82,418,0.164
2021-05-06,500,82,418,0.164
2021-05-07,500,82,418,0.164
2021-05-10,500,82,418,0.164
2021-05-11,500,82,418,0.164
2021-05-12,500,82,418,0.164
2021-05-13,500,82,418,0.164
2021-05-14,501,82,419,0.16367265469061876
2021-05-17,500,82,418,0.164
2021-05-18,500,82,418,0.164
2021-05-19,500,82,418,0.164
2021-05-20,500,82,418,0.164
2021-05-21,500,82,418,0.164
2021-05-24,500,82,418,0.164
2021-05-25,500,82,418,0.164
2021-05-26,500,82,418,0.164
2021-05-27,500,82,418,0.164
2021-05-28,500,82,418,0.164
2021-06-01,500,82,418,0.164
2021-06-02,500,82,418,0.164
2021-06-03,500,82,418,0.164
2021-06-04,501,82,419,0.16367265469061876
2021-06-07,500,82,418,0.164
2021-06-08,500,82,418,0.164
2021-06-09,500,82,418,0.164
2021-06-10,500,82,418,0.164
2021-06-11,500,82,418,0.164
2021-06-14,500,82,418,0.164
2021-06-15,500,82,418,0.164
2021-06-16,500,82,418,0.164
2021-06-17,500,82,418,0.164
2021-06-18,500,82,418,0.164
2021-06-21,500,82,418,0.164
2021-06-22,500,82,418,0.164
2021-06-23,500,82,418,0.164
2021-06-24,500,82,418,0.164
2021-06-25,500,82,418,0.164
2021-06-28,500,82,418,0.164
2021-06-29,500,82,418,0.164
2021-06-30,500,82,418,0.164
2021-07-01,500,82,418,0.164
2021-07-02,500,82,418,0.164
2021-07-06,500,82,418,0.164
2021-07-07,500,82,418,0.164
2021-07-08,500,82,418,0.164
2021-07-09,500,82,418,0.164
2021-07-12,500,82,418,0.164
2021-07-13,500,82,418,0.164
2021-07-14,500,82,418,0.164
2021-07-15,500,82,418,0.164
2021-07-16,500,82,418,0.164
2021-07-19,500,82,418,0.164
2021-07-20,500,82,418,0.164
2021-07-21,501,82,419,0.16367265469061876
2021-07-22,500,82,418,0.164
2021-07-23,500,82,418,0.164
2021-07-26,500,82,418,0.164
2021-07-27,500,82,418,0.164
2021-07-28,500,82,418,0.164
2021-07-29,500,82,418,0.164
2021-07-30,500,82,418,0.164
2021-08-02,500,82,418,0.164
2021-08-03,501,82,419,0.16367265469061876
2021-08-04,500,82,418,0.164
2021-08-05,500,82,418,0.164
2021-08-06,500,82,418,0.164
2021-08-09,500,82,418,0.164
2021-08-10,500,82,418,0.164
2021-08-11,500,82,418,0.164
2021-08-12,500,82,418,0.164
2021-08-13,500,82,418,0.164
2021-08-16,500,82,418,0.164
2021-08-17,500,82,418,0.164
2021-08-18,500,82,418,0.164
2021-08-19,500,82,418,0.164
2021-08-20,500,82,418,0.164
2021-08-23,500,82,418,0.164
2021-08-24,500,82,418,0.164
2021-08-25,500,82,418,0.164
2021-08-26,500,82,418,0.164
2021-08-27,500,82,418,0.164
2021-08-30,501,82,419,0.16367265469061876
2021-08-31,498,82,416,0.1646586345381526
2021-09-01,498,82,416,0.1646586345381526
2021-09-02,498,82,416,0.1646586345381526
2021-09-03,498,82,416,0.1646586345381526
2021-09-07,498,82,416,0.1646586345381526
2021-09-08,498,82,416,0.1646586345381526
2021-09-09,498,82,416,0.1646586345381526
2021-09-10,498,82,416,0.1646586345381526
2021-09-13,498,82,416,0.1646586345381526
2021-09-14,498,82,416,0.1646586345381526
2021-09-15,498,82,416,0.1646586345381526
2021-09-16,498,82,416,0.1646586345381526
2021-09-17,498,82,416,0.1646586345381526
2021-09-20,501,82,419,0.16367265469061876
2021-09-21,500,82,418,0.164
2021-09-22,500,82,418,0.164
2021-09-23,500,82,418,0.164
2021-09-24,500,82,418,0.164
2021-09-27,500,82,418,0.164
2021-09-28,500,82,418,0.164
2021-09-29,500,82,418,0.164
2021-09-30,500,82,418,0.164
2021-10-01,500,82,418,0.164
2021-10-04,501,82,419,0.16367265469061876
2021-10-05,500,82,418,0.164
2021-10-06,500,82,418,0.164
2021-10-07,500,82,418,0.164
2021-10-08,500,82,418,0.164
2021-10-11,500,82,418,0.164
2021-10-12,500,82,418,0.164
2021-10-13,500,82,418,0.164
2021-10-14,500,82,418,0.164
2021-10-15,500,82,418,0.164
2021-10-18,500,82,418,0.164
2021-10-19,500,82,418,0.164
2021-10-20,500,82,418,0.164
2021-10-21,500,82,418,0.164
2021-10-22,500,82,418,0.164
2021-10-25,500,82,418,0.164
2021-10-26,500,82,418,0.164
2021-10-27,500,82,418,0.164
2021-10-28,500,82,418,0.164
2021-10-29,500,82,418,0.164
2021-11-01,500,82,418,0.164
2021-11-02,500,82,418,0.164
2021-11-03,500,82,418,0.164
2021-11-04,500,82,418,0.164
2021-11-05,500,82,418,0.164
2021-11-08,500,82,418,0.164
2021-11-09,500,82,418,0.164
2021-11-10,500,82,418,0.164
2021-11-11,500,82,418,0.164
2021-11-12,500,82,418,0.164
2021-11-15,500,82,418,0.164
2021-11-16,500,82,418,0.164
2021-11-17,500,82,418,0.164
2021-11-18,500,82,418,0.164
2021-11-19,500,82,418,0.164
2021-11-22,500,82,418,0.164
2021-11-23,500,82,418,0.164
2021-11-24,500,82,418,0.164
2021-11-26,500,82,418,0.164
2021-11-29,500,82,418,0.164
2021-11-30,500,82,418,0.164
2021-12-01,500,82,418,0.164
2021-12-02,500,82,418,0.164
2021-12-03,500,82,418,0.164
2021-12-06,500,82,418,0.164
2021-12-07,500,82,418,0.164
2021-12-08,500,82,418,0.164
2021-12-09,500,82,418,0.164
2021-12-10,500,82,418,0.164
2021-12-13,500,82,418,0.164
2021-12-14,501,82,419,0.16367265469061876
2021-12-15,498,82,416,0.1646586345381526
2021-12-16,498,82,416,0.1646586345381526
2021-12-17,498,82,416,0.1646586345381526
2021-12-20,501,82,419,0.16367265469061876
2021-12-21,500,82,418,0.164
2021-12-22,500,82,418,0.164
2021-12-23,500,82,418,0.164
2021-12-27,500,82,418,0.164
2021-12-28,500,82,418,0.164
2021-12-29,500,82,418,0.164
2021-12-30,500,82,418,0.164
2021-12-31,500,82,418,0.164
2022-01-03,500,82,418,0.164
2022-01-04,500,82,418,0.164
2022-01-05,500,82,418,0.164
2022-01-06,500,82,418,0.164
2022-01-07,500,82,418,0.164
2022-01-10,500,82,418,0.164
2022-01-11,500,82,418,0.164
2022-01-12,500,82,418,0.164
2022-01-13,500,82,418,0.164
2022-01-14,500,82,418,0.164
2022-01-18,500,82,418,0.164
2022-01-19,500,82,418,0.164
2022-01-20,501,82,419,0.16367265469061876
2022-01-21,500,82,418,0.164
2022-01-24,500,82,418,0.164
2022-01-25,500,82,418,0.164
2022-01-26,500,82,418,0.164
2022-01-27,500,82,418,0.164
2022-01-28,500,82,418,0.164
2022-01-31,500,82,418,0.164
2022-02-01,500,82,418,0.164
2022-02-02,500,82,418,0.164
2022-02-03,499,82,417,0.16432865731462926
2022-02-04,499,82,417,0.16432865731462926
2022-02-07,499,82,417,0.16432865731462926
2022-02-08,499,82,417,0.16432865731462926
2022-02-09,499,82,417,0.16432865731462926
2022-02-10,499,82,417,0.16432865731462926
2022-02-11,499,82,417,0.16432865731462926
2022-02-14,499,82,417,0.16432865731462926
2022-02-15,500,82,418,0.164
2022-02-16,499,82,417,0.16432865731462926
2022-02-17,500,82,418,0.164
2022-02-18,499,82,417,0.16432865731462926
2022-02-22,499,82,417,0.16432865731462926
2022-02-23,499,82,417,0.16432865731462926
2022-02-24,499,82,417,0.16432865731462926
2022-02-25,499,82,417,0.16432865731462926
2022-02-28,499,82,417,0.16432865731462926
2022-03-01,499,82,417,0.16432865731462926
2022-03-02,500,82,418,0.164
2022-03-03,499,82,417,0.16432865731462926
2022-03-04,499,82,417,0.16432865731462926
2022-03-07,499,82,417,0.16432865731462926
2022-03-08,499,82,417,0.16432865731462926
2022-03-09,499,82,417,0.16432865731462926
2022-03-10,499,82,417,0.16432865731462926
2022-03-11,499,82,417,0.16432865731462926
2022-03-14,499,82,417,0.16432865731462926
2022-03-15,499,82,417,0.16432865731462926
2022-03-16,499,82,417,0.16432865731462926
2022-03-17,499,82,417,0.16432865731462926
2022-03-18,499,82,417,0.16432865731462926
2022-03-21,499,82,417,0.16432865731462926
2022-03-22,499,82,417,0.16432865731462926
2022-03-23,499,82,417,0.16432865731462926
2022-03-24,499,82,417,0.16432865731462926
2022-03-25,499,82,417,0.16432865731462926
2022-03-28,499,82,417,0.16432865731462926
2022-03-29,499,82,417,0.16432865731462926
2022-03-30,499,82,417,0.16432865731462926
2022-03-31,499,82,417,0.16432865731462926
2022-04-01,499,82,417,0.16432865731462926
2022-04-04,500,82,418,0.164
2022-04-05,498,82,416,0.1646586345381526
2022-04-06,498,82,416,0.1646586345381526
2022-04-07,498,82,416,0.1646586345381526
2022-04-08,498,82,416,0.1646586345381526
2022-04-11,499,82,417,0.16432865731462926
2022-04-12,498,82,416,0.1646586345381526
2022-04-13,498,82,416,0.1646586345381526
2022-04-14,498,82,416,0.1646586345381526
2022-04-18,498,82,416,0.1646586345381526
2022-04-19,498,82,416,0.1646586345381526
2022-04-20,498,82,416,0.1646586345381526
2022-04-21,498,82,416,0.1646586345381526
2022-04-22,498,82,416,0.1646586345381526
2022-04-25,498,82,416,0.1646586345381526
2022-04-26,498,82,416,0.1646586345381526
2022-04-27,498,82,416,0.1646586345381526
2022-04-28,498,82,416,0.1646586345381526
2022-04-29,498,82,416,0.1646586345381526
2022-05-02,498,82,416,0.1646586345381526
2022-05-03,498,82,416,0.1646586345381526
2022-05-04,498,82,416,0.1646586345381526
2022-05-05,498,82,416,0.1646586345381526
2022-05-06,498,82,416,0.1646586345381526
2022-05-09,498,82,416,0.1646586345381526
2022-05-10,499,82,417,0.16432865731462926
2022-05-11,498,82,416,0.1646586345381526
2022-05-12,498,82,416,0.1646586345381526
2022-05-13,498,82,416,0.1646586345381526
2022-05-16,498,82,416,0.1646586345381526
2022-05-17,498,82,416,0.1646586345381526
2022-05-18,498,82,416,0.1646586345381526
2022-05-19,498,82,416,0.1646586345381526
2022-05-20,498,82,416,0.1646586345381526
2022-05-23,498,82,416,0.1646586345381526
2022-05-24,498,82,416,0.1646586345381526
2022-05-25,498,82,416,0.1646586345381526
2022-05-26,498,82,416,0.1646586345381526
2022-05-27,498,82,416,0.1646586345381526
2022-05-31,498,82,416,0.1646586345381526
2022-06-01,498,82,416,0.1646586345381526
2022-06-02,498,82,416,0.1646586345381526
2022-06-03,498,82,416,0.1646586345381526
2022-06-06,498,82,416,0.1646586345381526
2022-06-07,498,82,416,0.1646586345381526
2022-06-08,499,82,417,0.16432865731462926
2022-06-09,499,83,416,0.16633266533066132
2022-06-10,498,83,415,0.16666666666666666
2022-06-13,498,83,415,0.16666666666666666
2022-06-14,498,83,415,0.16666666666666666
2022-06-15,498,83,415,0.16666666666666666
2022-06-16,498,83,415,0.16666666666666666
2022-06-17,498,83,415,0.16666666666666666
2022-06-21,500,83,417,0.166
2022-06-22,497,83,414,0.16700201207243462
2022-06-23,497,83,414,0.16700201207243462
2022-06-24,497,83,414,0.16700201207243462
2022-06-27,497,83,414,0.16700201207243462
2022-06-28,498,84,414,0.1686746987951807
2022-06-29,496,84,412,0.1693548387096774
2022-06-30,496,84,412,0.1693548387096774
2022-07-01,496,84,412,0.1693548387096774
2022-07-05,496,84,412,0.1693548387096774
2022-07-06,496,84,412,0.1693548387096774
2022-07-07,496,84,412,0.1693548387096774
2022-07-08,496,84,412,0.1693548387096774
2022-07-11,496,84,412,0.1693548387096774
2022-07-12,496,84,412,0.1693548387096774
2022-07-13,496,84,412,0.1693548387096774
2022-07-14,496,84,412,0.1693548387096774
2022-07-15,496,84,412,0.1693548387096774
2022-07-18,496,84,412,0.1693548387096774
2022-07-19,496,84,412,0.1693548387096774
2022-07-20,496,84,412,0.1693548387096774
2022-07-21,496,84,412,0.1693548387096774
2022-07-22,496,84,412,0.1693548387096774
2022-07-25,496,84,412,0.1693548387096774
2022-07-26,496,84,412,0.1693548387096774
2022-07-27,496,84,412,0.1693548387096774
2022-07-28,496,84,412,0.1693548387096774
2022-07-29,496,84,412,0.1693548387096774
2022-08-01,496,84,412,0.1693548387096774
2022-08-02,496,84,412,0.1693548387096774
2022-08-03,496,84,412,0.1693548387096774
2022-08-04,496,84,412,0.1693548387096774
2022-08-05,496,84,412,0.1693548387096774
2022-08-08,496,84,412,0.1693548387096774
2022-08-09,496,84,412,0.1693548387096774
2022-08-10,496,84,412,0.1693548387096774
2022-08-11,496,84,412,0.1693548387096774
2022-08-12,496,84,412,0.1693548387096774
2022-08-15,496,84,412,0.1693548387096774
2022-08-16,496,84,412,0.1693548387096774
2022-08-17,496,84,412,0.1693548387096774
2022-08-18,496,84,412,0.1693548387096774
2022-08-19,496,84,412,0.1693548387096774
2022-08-22,496,84,412,0.1693548387096774
2022-08-23,496,84,412,0.1693548387096774
2022-08-24,496,84,412,0.1693548387096774
2022-08-25,496,84,412,0.1693548387096774
2022-08-26,496,84,412,0.1693548387096774
2022-08-29,496,84,412,0.1693548387096774
2022-08-30,496,84,412,0.1693548387096774
2022-08-31,496,84,412,0.1693548387096774
2022-09-01,496,84,412,0.1693548387096774
2022-09-02,496,84,412,0.1693548387096774
2022-09-06,496,84,412,0.1693548387096774
2022-09-07,496,84,412,0.1693548387096774
2022-09-08,496,84,412,0.1693548387096774
2022-09-09,496,84,412,0.1693548387096774
2022-09-12,496,84,412,0.1693548387096774
2022-09-13,496,84,412,0.1693548387096774
2022-09-14,496,84,412,0.1693548387096774
2022-09-15,496,84,412,0.1693548387096774
2022-09-16,496,84,412,0.1693548387096774
2022-09-19,498,84,414,0.1686746987951807
2022-09-20,496,84,412,0.1693548387096774
2022-09-21,496,84,412,0.1693548387096774
2022-09-22,496,84,412,0.1693548387096774
2022-09-23,496,84,412,0.1693548387096774
2022-09-26,496,84,412,0.1693548387096774
2022-09-27,496,84,412,0.1693548387096774
2022-09-28,496,84,412,0.1693548387096774
2022-09-29,496,84,412,0.1693548387096774
2022-09-30,496,84,412,0.1693548387096774
2022-10-03,498,84,414,0.1686746987951807
2022-10-04,497,84,413,0.16901408450704225
2022-10-05,497,84,413,0.16901408450704225
2022-10-06,497,84,413,0.16901408450704225
2022-10-07,497,84,413,0.16901408450704225
2022-10-10,497,84,413,0.16901408450704225
2022-10-11,497,84,413,0.16901408450704225
2022-10-12,498,84,414,0.1686746987951807
2022-10-13,497,84,413,0.16901408450704225
2022-10-14,497,84,413,0.16901408450704225
2022-10-17,497,84,413,0.16901408450704225
2022-10-18,497,84,413,0.16901408450704225
2022-10-19,497,84,413,0.16901408450704225
2022-10-20,497,84,413,0.16901408450704225
2022-10-21,497,84,413,0.16901408450704225
2022-10-24,497,84,413,0.16901408450704225
2022-10-25,497,84,413,0.16901408450704225
2022-10-26,497,84,413,0.16901408450704225
2022-10-27,497,84,413,0.16901408450704225
2022-10-28,497,84,413,0.16901408450704225
2022-10-31,497,84,413,0.16901408450704225
2022-11-01,498,84,414,0.1686746987951807
2022-11-02,497,84,413,0.16901408450704225
2022-11-03,497,84,413,0.16901408450704225
2022-11-04,497,84,413,0.16901408450704225
2022-11-07,497,84,413,0.16901408450704225
2022-11-08,498,84,414,0.1686746987951807
2022-11-09,497,84,413,0.16901408450704225
2022-11-10,497,84,413,0.16901408450704225
2022-11-11,497,84,413,0.16901408450704225
2022-11-14,497,84,413,0.16901408450704225
2022-11-15,497,84,413,0.16901408450704225
2022-11-16,497,84,413,0.16901408450704225
2022-11-17,497,84,413,0.16901408450704225
2022-11-18,497,84,413,0.16901408450704225
2022-11-21,497,84,413,0.16901408450704225
2022-11-22,497,84,413,0.16901408450704225
2022-11-23,497,84,413,0.16901408450704225
2022-11-25,497,84,413,0.16901408450704225
2022-11-28,497,84,413,0.16901408450704225
2022-11-29,497,84,413,0.16901408450704225
2022-11-30,497,84,413,0.16901408450704225
2022-12-01,497,84,413,0.16901408450704225
2022-12-02,497,84,413,0.16901408450704225
2022-12-05,497,84,413,0.16901408450704225
2022-12-06,497,84,413,0.16901408450704225
2022-12-07,497,84,413,0.16901408450704225
2022-12-08,497,84,413,0.16901408450704225
2022-12-09,497,84,413,0.16901408450704225
2022-12-12,497,84,413,0.16901408450704225
2022-12-13,497,84,413,0.16901408450704225
2022-12-14,497,84,413,0.16901408450704225
2022-12-15,497,84,413,0.16901408450704225
2022-12-16,497,84,413,0.16901408450704225
2022-12-19,498,84,414,0.1686746987951807
2022-12-20,497,84,413,0.16901408450704225
2022-12-21,497,84,413,0.16901408450704225
2022-12-22,498,84,414,0.1686746987951807
2022-12-23,497,84,413,0.16901408450704225
2022-12-27,497,84,413,0.16901408450704225
2022-12-28,497,84,413,0.16901408450704225
2022-12-29,497,84,413,0.16901408450704225
2022-12-30,497,84,413,0.16901408450704225
2023-01-03,497,84,413,0.16901408450704225
2023-01-04,498,84,414,0.1686746987951807
2023-01-05,496,84,412,0.1693548387096774
2023-01-06,496,84,412,0.1693548387096774
2023-01-09,496,84,412,0.1693548387096774
2023-01-10,496,84,412,0.1693548387096774
2023-01-11,496,84,412,0.1693548387096774
2023-01-12,496,84,412,0.1693548387096774
2023-01-13,496,84,412,0.1693548387096774
2023-01-17,496,84,412,0.1693548387096774
2023-01-18,496,84,412,0.1693548387096774
2023-01-19,496,84,412,0.1693548387096774
2023-01-20,496,84,412,0.1693548387096774
2023-01-23,496,84,412,0.1693548387096774
2023-01-24,496,84,412,0.1693548387096774
2023-01-25,496,84,412,0.1693548387096774
2023-01-26,496,84,412,0.1693548387096774
2023-01-27,496,84,412,0.1693548387096774
2023-01-30,496,84,412,0.1693548387096774
2023-01-31,496,84,412,0.1693548387096774
2023-02-01,496,84,412,0.1693548387096774
2023-02-02,496,84,412,0.1693548387096774
2023-02-03,496,84,412,0.1693548387096774
2023-02-06,496,84,412,0.1693548387096774
2023-02-07,496,84,412,0.1693548387096774
2023-02-08,496,84,412,0.1693548387096774
2023-02-09,496,84,412,0.1693548387096774
2023-02-10,496,84,412,0.1693548387096774
2023-02-13,496,84,412,0.1693548387096774
2023-02-14,496,84,412,0.1693548387096774
2023-02-15,496,84,412,0.1693548387096774
2023-02-16,496,84,412,0.1693548387096774
2023-02-17,496,84,412,0.1693548387096774
2023-02-21,496,84,412,0.1693548387096774
2023-02-22,496,84,412,0.1693548387096774
2023-02-23,496,84,412,0.1693548387096774
2023-02-24,496,84,412,0.1693548387096774
2023-02-27,496,84,412,0.1693548387096774
2023-02-28,496,84,412,0.1693548387096774
2023-03-01,496,84,412,0.1693548387096774
2023-03-02,496,84,412,0.1693548387096774
2023-03-03,496,84,412,0.1693548387096774
2023-03-06,496,84,412,0.1693548387096774
2023-03-07,496,84,412,0.1693548387096774
2023-03-08,496,84,412,0.1693548387096774
2023-03-09,496,84,412,0.1693548387096774
2023-03-10,496,84,412,0.1693548387096774
2023-03-13,496,84,412,0.1693548387096774
2023-03-14,496,84,412,0.1693548387096774
2023-03-15,498,84,414,0.1686746987951807
2023-03-16,497,84,413,0.16901408450704225
2023-03-17,497,84,413,0.16901408450704225
2023-03-20,498,84,414,0.1686746987951807
2023-03-21,497,84,413,0.16901408450704225
2023-03-22,497,84,413,0.16901408450704225
2023-03-23,497,84,413,0.16901408450704225
2023-03-24,497,84,413,0.16901408450704225
2023-03-27,497,84,413,0.16901408450704225
2023-03-28,497,84,413,0.16901408450704225
2023-03-29,497,84,413,0.16901408450704225
2023-03-30,497,84,413,0.16901408450704225
2023-03-31,497,84,413,0.16901408450704225
2023-04-03,497,84,413,0.16901408450704225
2023-04-04,497,84,413,0.16901408450704225
2023-04-05,497,84,413,0.16901408450704225
2023-04-06,497,84,413,0.16901408450704225
2023-04-10,497,84,413,0.16901408450704225
2023-04-11,497,84,413,0.16901408450704225
2023-04-12,497,84,413,0.16901408450704225
2023-04-13,497,84,413,0.16901408450704225
2023-04-14,497,84,413,0.16901408450704225
2023-04-17,497,84,413,0.16901408450704225
2023-04-18,497,84,413,0.16901408450704225
2023-04-19,497,84,413,0.16901408450704225
2023-04-20,497,84,413,0.16901408450704225
2023-04-21,497,84,413,0.16901408450704225
2023-04-24,497,84,413,0.16901408450704225
2023-04-25,497,84,413,0.16901408450704225
2023-04-26,497,84,413,0.16901408450704225
2023-04-27,497,84,413,0.16901408450704225
2023-04-28,497,84,413,0.16901408450704225
2023-05-01,497,84,413,0.16901408450704225
2023-05-02,497,84,413,0.16901408450704225
2023-05-03,497,84,413,0.16901408450704225
2023-05-04,497,84,413,0.16901408450704225
2023-05-05,497,84,413,0.16901408450704225
2023-05-08,498,84,414,0.1686746987951807
2023-05-09,498,84,414,0.1686746987951807
2023-05-10,498,84,414,0.1686746987951807
2023-05-11,498,84,414,0.1686746987951807
2023-05-12,498,84,414,0.1686746987951807
2023-05-15,498,84,414,0.1686746987951807
2023-05-16,498,84,414,0.1686746987951807
2023-05-17,503,84,419,0.16699801192842942
2023-05-18,503,84,419,0.16699801192842942
2023-05-19,503,84,419,0.16699801192842942
2023-05-22,503,84,419,0.16699801192842942
2023-05-23,503,84,419,0.16699801192842942
2023-05-24,503,84,419,0.16699801192842942
2023-05-25,503,84,419,0.16699801192842942
2023-05-26,503,84,419,0.16699801192842942
2023-05-30,503,84,419,0.16699801192842942
2023-05-31,503,84,419,0.16699801192842942
2023-06-01,503,84,419,0.16699801192842942
2023-06-02,503,84,419,0.16699801192842942
2023-06-05,503,84,419,0.16699801192842942
2023-06-06,503,84,419,0.16699801192842942
2023-06-07,503,84,419,0.16699801192842942
2023-06-08,503,84,419,0.16699801192842942
2023-06-09,503,84,419,0.16699801192842942
2023-06-12,503,84,419,0.16699801192842942
2023-06-13,503,84,419,0.16699801192842942
2023-06-14,503,84,419,0.16699801192842942
2023-06-15,503,84,419,0.16699801192842942
2023-06-16,503,84,419,0.16699801192842942
2023-06-20,503,84,419,0.16699801192842942
2023-06-21,503,84,419,0.16699801192842942
2023-06-22,503,84,419,0.16699801192842942
2023-06-23,503,84,419,0.16699801192842942
2023-06-26,503,84,419,0.16699801192842942
2023-06-27,503,84,419,0.16699801192842942
2023-06-28,503,84,419,0.16699801192842942
2023-06-29,503,84,419,0.16699801192842942
2023-06-30,503,84,419,0.16699801192842942
2023-07-03,503,84,419,0.16699801192842942
2023-07-05,503,84,419,0.16699801192842942
2023-07-06,503,84,419,0.16699801192842942
2023-07-07,503,84,419,0.16699801192842942
2023-07-10,503,84,419,0.16699801192842942
2023-07-11,503,84,419,0.16699801192842942
2023-07-12,503,84,419,0.16699801192842942
2023-07-13,503,84,419,0.16699801192842942
2023-07-14,503,84,419,0.16699801192842942
2023-07-17,503,84,419,0.16699801192842942
2023-07-18,503,84,419,0.16699801192842942
2023-07-19,503,84,419,0.16699801192842942
2023-07-20,503,84,419,0.16699801192842942
2023-07-21,503,84,419,0.16699801192842942
2023-07-24,503,84,419,0.16699801192842942
2023-07-25,503,84,419,0.16699801192842942
2023-07-26,503,84,419,0.16699801192842942
2023-07-27,503,84,419,0.16699801192842942
2023-07-28,503,84,419,0.16699801192842942
2023-07-31,503,84,419,0.16699801192842942
2023-08-01,503,84,419,0.16699801192842942
2023-08-02,503,84,419,0.16699801192842942
2023-08-03,503,84,419,0.16699801192842942
2023-08-04,503,84,419,0.16699801192842942
2023-08-07,503,84,419,0.16699801192842942
2023-08-08,503,84,419,0.16699801192842942
2023-08-09,503,84,419,0.16699801192842942
2023-08-10,503,84,419,0.16699801192842942
2023-08-11,503,84,419,0.16699801192842942
2023-08-14,503,84,419,0.16699801192842942
2023-08-15,503,84,419,0.16699801192842942
2023-08-16,503,84,419,0.16699801192842942
2023-08-17,503,84,419,0.16699801192842942
2023-08-18,503,84,419,0.16699801192842942
2023-08-21,503,84,419,0.16699801192842942
2023-08-22,503,84,419,0.16699801192842942
2023-08-23,503,84,419,0.16699801192842942
2023-08-24,503,84,419,0.16699801192842942
2023-08-25,503,84,419,0.16699801192842942
2023-08-28,503,84,419,0.16699801192842942
2023-08-29,503,84,419,0.16699801192842942
2023-08-30,503,84,419,0.16699801192842942
2023-08-31,502,84,418,0.16733067729083664
2023-09-01,503,84,419,0.16699801192842942
2023-09-05,503,84,419,0.16699801192842942
2023-09-06,503,84,419,0.16699801192842942
2023-09-07,503,84,419,0.16699801192842942
2023-09-08,503,84,419,0.16699801192842942
2023-09-11,503,84,419,0.16699801192842942
2023-09-12,503,84,419,0.16699801192842942
2023-09-13,503,84,419,0.16699801192842942
2023-09-14,503,84,419,0.16699801192842942
2023-09-15,503,84,419,0.16699801192842942
2023-09-18,503,84,419,0.16699801192842942
2023-09-19,503,84,419,0.16699801192842942
2023-09-20,503,84,419,0.16699801192842942
2023-09-21,503,84,419,0.16699801192842942
2023-09-22,503,84,419,0.16699801192842942
2023-09-25,503,84,419,0.16699801192842942
2023-09-26,503,84,419,0.16699801192842942
2023-09-27,503,84,419,0.16699801192842942
2023-09-28,503,84,419,0.16699801192842942
2023-09-29,503,84,419,0.16699801192842942
2023-10-02,503,84,419,0.16699801192842942
2023-10-03,503,84,419,0.16699801192842942
2023-10-04,503,84,419,0.16699801192842942
2023-10-05,503,84,419,0.16699801192842942
2023-10-06,503,84,419,0.16699801192842942
2023-10-09,503,84,419,0.16699801192842942
2023-10-10,503,84,419,0.16699801192842942
2023-10-11,503,84,419,0.16699801192842942
2023-10-12,503,84,419,0.16699801192842942
2023-10-13,502,84,418,0.16733067729083664
2023-10-16,502,84,418,0.16733067729083664
2023-10-17,502,84,418,0.16733067729083664
2023-10-18,503,84,419,0.16699801192842942
2023-10-19,503,84,419,0.16699801192842942
2023-10-20,503,84,419,0.16699801192842942
2023-10-23,503,84,419,0.16699801192842942
2023-10-24,503,84,419,0.16699801192842942
2023-10-25,503,84,419,0.16699801192842942
2023-10-26,503,84,419,0.16699801192842942
2023-10-27,503,84,419,0.16699801192842942
2023-10-30,503,84,419,0.16699801192842942
2023-10-31,503,84,419,0.16699801192842942
2023-11-01,503,84,419,0.16699801192842942
2023-11-02,503,84,419,0.16699801192842942
2023-11-03,503,84,419,0.16699801192842942
2023-11-06,503,84,419,0.16699801192842942
2023-11-07,503,84,419,0.16699801192842942
2023-11-08,503,84,419,0.16699801192842942
2023-11-09,503,84,419,0.16699801192842942
2023-11-10,503,84,419,0.16699801192842942
2023-11-13,503,84,419,0.16699801192842942
2023-11-14,503,84,419,0.16699801192842942
2023-11-15,503,84,419,0.16699801192842942
2023-11-16,503,84,419,0.16699801192842942
2023-11-17,503,84,419,0.16699801192842942
2023-11-20,503,84,419,0.16699801192842942
2023-11-21,503,84,419,0.16699801192842942
2023-11-22,503,84,419,0.16699801192842942
2023-11-24,503,84,419,0.16699801192842942
2023-11-27,503,84,419,0.16699801192842942
2023-11-28,503,84,419,0.16699801192842942
2023-11-29,503,84,419,0.16699801192842942
2023-11-30,503,84,419,0.16699801192842942
2023-12-01,503,84,419,0.16699801192842942
2023-12-04,503,84,419,0.16699801192842942
2023-12-05,503,84,419,0.16699801192842942
2023-12-06,503,84,419,0.16699801192842942
2023-12-07,503,84,419,0.16699801192842942
2023-12-08,503,84,419,0.16699801192842942
2023-12-11,503,84,419,0.16699801192842942
2023-12-12,503,84,419,0.16699801192842942
2023-12-13,503,84,419,0.16699801192842942
2023-12-14,503,84,419,0.16699801192842942
2023-12-15,503,84,419,0.16699801192842942
2023-12-18,503,84,419,0.16699801192842942
2023-12-19,503,84,419,0.16699801192842942
2023-12-20,503,84,419,0.16699801192842942
2023-12-21,503,84,419,0.16699801192842942
2023-12-22,503,84,419,0.16699801192842942
2023-12-26,503,84,419,0.16699801192842942
2023-12-27,503,84,419,0.16699801192842942
2023-12-28,503,84,419,0.16699801192842942
2023-12-29,503,84,419,0.16699801192842942
2024-01-02,503,84,419,0.16699801192842942
2024-01-03,503,84,419,0.16699801192842942
2024-01-04,503,84,419,0.16699801192842942
2024-01-05,503,84,419,0.16699801192842942
2024-01-08,503,84,419,0.16699801192842942
2024-01-09,503,84,419,0.16699801192842942
2024-01-10,503,84,419,0.16699801192842942
2024-01-11,503,84,419,0.16699801192842942
2024-01-12,503,84,419,0.16699801192842942
2024-01-16,503,84,419,0.16699801192842942
2024-01-17,503,84,419,0.16699801192842942
2024-01-18,503,84,419,0.16699801192842942
2024-01-19,503,84,419,0.16699801192842942
2024-01-22,503,84,419,0.16699801192842942
2024-01-23,503,84,419,0.16699801192842942
2024-01-24,503,84,419,0.16699801192842942
2024-01-25,503,84,419,0.16699801192842942
2024-01-26,503,84,419,0.16699801192842942
2024-01-29,503,84,419,0.16699801192842942
2024-01-30,503,84,419,0.16699801192842942
2024-01-31,503,84,419,0.16699801192842942
2024-02-01,503,84,419,0.16699801192842942
2024-02-02,503,84,419,0.16699801192842942
2024-02-05,503,84,419,0.16699801192842942
2024-02-06,503,84,419,0.16699801192842942
2024-02-07,503,84,419,0.16699801192842942
2024-02-08,503,84,419,0.16699801192842942
2024-02-09,503,84,419,0.16699801192842942
2024-02-12,503,84,419,0.16699801192842942
2024-02-13,503,84,419,0.16699801192842942
2024-02-14,503,84,419,0.16699801192842942
2024-02-15,503,84,419,0.16699801192842942
2024-02-16,503,84,419,0.16699801192842942
2024-02-20,503,84,419,0.16699801192842942
2024-02-21,503,84,419,0.16699801192842942
2024-02-22,503,84,419,0.16699801192842942
2024-02-23,503,84,419,0.16699801192842942
2024-02-26,503,84,419,0.16699801192842942
2024-02-27,503,84,419,0.16699801192842942
2024-02-28,503,84,419,0.16699801192842942
2024-02-29,503,84,419,0.16699801192842942
2024-03-01,503,84,419,0.16699801192842942
2024-03-04,503,84,419,0.16699801192842942
2024-03-05,503,84,419,0.16699801192842942
2024-03-06,503,84,419,0.16699801192842942
2024-03-07,503,84,419,0.16699801192842942
2024-03-08,503,84,419,0.16699801192842942
2024-03-11,503,84,419,0.16699801192842942
2024-03-12,503,84,419,0.16699801192842942
2024-03-13,503,84,419,0.16699801192842942
2024-03-14,503,84,419,0.16699801192842942
2024-03-15,503,84,419,0.16699801192842942
2024-03-18,503,84,419,0.16699801192842942
2024-03-19,503,84,419,0.16699801192842942
2024-03-20,503,84,419,0.16699801192842942
2024-03-21,503,84,419,0.16699801192842942
2024-03-22,503,84,419,0.16699801192842942
2024-03-25,503,84,419,0.16699801192842942
2024-03-26,502,84,418,0.16733067729083664
2024-03-27,503,84,419,0.16699801192842942
2024-03-28,503,84,419,0.16699801192842942
2024-04-01,503,84,419,0.16699801192842942
2024-04-02,504,84,420,0.16666666666666666
2024-04-03,505,84,421,0.16633663366336635
2024-04-04,503,84,419,0.16699801192842942
2024-04-05,503,84,419,0.16699801192842942
2024-04-08,503,84,419,0.16699801192842942
2024-04-09,503,84,419,0.16699801192842942
2024-04-10,503,84,419,0.16699801192842942
2024-04-11,503,84,419,0.16699801192842942
2024-04-12,503,84,419,0.16699801192842942
2024-04-15,503,84,419,0.16699801192842942
2024-04-16,503,84,419,0.16699801192842942
2024-04-17,503,84,419,0.16699801192842942
2024-04-18,503,84,419,0.16699801192842942
2024-04-19,503,84,419,0.16699801192842942
2024-04-22,503,84,419,0.16699801192842942
2024-04-23,503,84,419,0.16699801192842942
2024-04-24,503,84,419,0.16699801192842942
2024-04-25,503,84,419,0.16699801192842942
2024-04-26,503,84,419,0.16699801192842942
2024-04-29,503,84,419,0.16699801192842942
2024-04-30,503,84,419,0.16699801192842942
2024-05-01,503,84,419,0.16699801192842942
2024-05-02,503,84,419,0.16699801192842942
2024-05-03,503,84,419,0.16699801192842942
2024-05-06,502,84,418,0.16733067729083664
2024-05-07,502,84,418,0.16733067729083664
2024-05-08,503,84,419,0.16699801192842942
2024-05-09,503,84,419,0.16699801192842942
2024-05-10,503,84,419,0.16699801192842942
2024-05-13,503,84,419,0.16699801192842942
2024-05-14,503,84,419,0.16699801192842942
2024-05-15,503,84,419,0.16699801192842942
2024-05-16,503,84,419,0.16699801192842942
2024-05-17,503,84,419,0.16699801192842942
2024-05-20,503,84,419,0.16699801192842942
2024-05-21,503,84,419,0.16699801192842942
2024-05-22,503,84,419,0.16699801192842942
2024-05-23,503,84,419,0.16699801192842942
2024-05-24,503,84,419,0.16699801192842942
2024-05-28,503,84,419,0.16699801192842942
2024-05-29,503,84,419,0.16699801192842942
2024-05-30,503,84,419,0.16699801192842942
2024-05-31,503,84,419,0.16699801192842942
2024-06-03,503,84,419,0.16699801192842942
2024-06-04,503,84,419,0.16699801192842942
2024-06-05,503,84,419,0.16699801192842942
2024-06-06,503,84,419,0.16699801192842942
2024-06-07,503,84,419,0.16699801192842942
2024-06-10,503,84,419,0.16699801192842942
2024-06-11,503,84,419,0.16699801192842942
2024-06-12,503,84,419,0.16699801192842942
2024-06-13,503,84,419,0.16699801192842942
2024-06-14,503,84,419,0.16699801192842942
2024-06-17,503,84,419,0.16699801192842942
2024-06-18,503,84,419,0.16699801192842942
2024-06-20,503,84,419,0.16699801192842942
2024-06-21,503,84,419,0.16699801192842942
2024-06-24,503,84,419,0.16699801192842942
2024-06-25,503,84,419,0.16699801192842942
2024-06-26,503,84,419,0.16699801192842942
2024-06-27,503,84,419,0.16699801192842942
2024-06-28,503,84,419,0.16699801192842942
2024-07-01,503,84,419,0.16699801192842942
2024-07-02,503,84,419,0.16699801192842942
2024-07-03,503,84,419,0.16699801192842942
2024-07-05,503,84,419,0.16699801192842942
2024-07-08,503,84,419,0.16699801192842942
2024-07-09,502,84,418,0.16733067729083664
2024-07-10,502,84,418,0.16733067729083664
2024-07-11,502,84,418,0.16733067729083664
2024-07-12,503,84,419,0.16699801192842942
2024-07-15,503,84,419,0.16699801192842942
2024-07-16,503,84,419,0.16699801192842942
2024-07-17,503,84,419,0.16699801192842942
2024-07-18,503,84,419,0.16699801192842942
2024-07-19,503,84,419,0.16699801192842942
2024-07-22,503,84,419,0.16699801192842942
2024-07-23,503,84,419,0.16699801192842942
2024-07-24,503,84,419,0.16699801192842942
2024-07-25,503,84,419,0.16699801192842942
2024-07-26,503,84,419,0.16699801192842942
2024-07-29,503,84,419,0.16699801192842942
2024-07-30,503,84,419,0.16699801192842942
2024-07-31,503,84,419,0.16699801192842942
2024-08-01,503,84,419,0.16699801192842942
2024-08-02,503,84,419,0.16699801192842942
2024-08-05,503,84,419,0.16699801192842942
2024-08-06,503,84,419,0.16699801192842942
2024-08-07,503,84,419,0.16699801192842942
2024-08-08,503,84,419,0.16699801192842942
2024-08-09,503,84,419,0.16699801192842942
2024-08-12,503,84,419,0.16699801192842942
2024-08-13,503,84,419,0.16699801192842942
2024-08-14,503,84,419,0.16699801192842942
2024-08-15,503,84,419,0.16699801192842942
2024-08-16,503,84,419,0.16699801192842942
2024-08-19,503,84,419,0.16699801192842942
2024-08-20,503,84,419,0.16699801192842942
2024-08-21,503,84,419,0.16699801192842942
2024-08-22,503,84,419,0.16699801192842942
2024-08-23,503,84,419,0.16699801192842942
2024-08-26,503,84,419,0.16699801192842942
2024-08-27,503,84,419,0.16699801192842942
2024-08-28,503,84,419,0.16699801192842942
2024-08-29,503,84,419,0.16699801192842942
2024-08-30,503,84,419,0.16699801192842942
2024-09-03,503,84,419,0.16699801192842942
2024-09-04,503,84,419,0.16699801192842942
2024-09-05,503,84,419,0.16699801192842942
2024-09-06,503,84,419,0.16699801192842942
2024-09-09,503,84,419,0.16699801192842942
2024-09-10,503,84,419,0.16699801192842942
2024-09-11,503,84,419,0.16699801192842942
2024-09-12,503,84,419,0.16699801192842942
2024-09-13,503,84,419,0.16699801192842942
2024-09-16,503,84,419,0.16699801192842942
2024-09-17,503,84,419,0.16699801192842942
2024-09-18,503,84,419,0.16699801192842942
2024-09-19,503,84,419,0.16699801192842942
2024-09-20,503,84,419,0.16699801192842942
2024-09-23,503,84,419,0.16699801192842942
2024-09-24,503,84,419,0.16699801192842942
2024-09-25,503,84,419,0.16699801192842942
2024-09-26,503,84,419,0.16699801192842942
2024-09-27,503,84,419,0.16699801192842942
2024-09-30,503,84,419,0.16699801192842942
2024-10-01,503,84,419,0.16699801192842942
2024-10-02,503,84,419,0.16699801192842942
2024-10-03,503,84,419,0.16699801192842942
2024-10-04,503,84,419,0.16699801192842942
2024-10-07,503,84,419,0.16699801192842942
2024-10-08,503,84,419,0.16699801192842942
2024-10-09,503,84,419,0.16699801192842942
2024-10-10,503,84,419,0.16699801192842942
2024-10-11,503,84,419,0.16699801192842942
2024-10-14,503,84,419,0.16699801192842942
2024-10-15,503,84,419,0.16699801192842942
2024-10-16,503,84,419,0.16699801192842942
2024-10-17,503,84,419,0.16699801192842942
2024-10-18,503,84,419,0.16699801192842942
2024-10-21,503,84,419,0.16699801192842942
2024-10-22,503,84,419,0.16699801192842942
2024-10-23,503,84,419,0.16699801192842942
2024-10-24,503,84,419,0.16699801192842942
2024-10-25,503,84,419,0.16699801192842942
2024-10-28,503,84,419,0.16699801192842942
2024-10-29,503,84,419,0.16699801192842942
2024-10-30,503,84,419,0.16699801192842942
2024-10-31,503,84,419,0.16699801192842942
2024-11-01,503,84,419,0.16699801192842942
2024-11-04,503,84,419,0.16699801192842942
2024-11-05,503,84,419,0.16699801192842942
2024-11-06,503,84,419,0.16699801192842942
2024-11-07,503,84,419,0.16699801192842942
2024-11-08,503,84,419,0.16699801192842942
2024-11-11,503,84,419,0.16699801192842942
2024-11-12,503,84,419,0.16699801192842942
2024-11-13,503,84,419,0.16699801192842942
2024-11-14,503,84,419,0.16699801192842942
2024-11-15,503,84,419,0.16699801192842942
2024-11-18,503,84,419,0.16699801192842942
2024-11-19,503,84,419,0.16699801192842942
2024-11-20,503,84,419,0.16699801192842942
2024-11-21,503,84,419,0.16699801192842942
2024-11-22,503,84,419,0.16699801192842942
2024-11-25,502,84,418,0.16733067729083664
2024-11-26,503,84,419,0.16699801192842942
2024-11-27,503,84,419,0.16699801192842942
2024-11-29,503,84,419,0.16699801192842942
2024-12-02,503,84,419,0.16699801192842942
2024-12-03,503,84,419,0.16699801192842942
2024-12-04,503,84,419,0.16699801192842942
2024-12-05,503,84,419,0.16699801192842942
2024-12-06,503,84,419,0.16699801192842942
2024-12-09,503,84,419,0.16699801192842942
2024-12-10,503,84,419,0.16699801192842942
2024-12-11,503,84,419,0.16699801192842942
2024-12-12,503,84,419,0.16699801192842942
2024-12-13,503,84,419,0.16699801192842942
2024-12-16,503,84,419,0.16699801192842942
2024-12-17,503,84,419,0.16699801192842942
2024-12-18,503,84,419,0.16699801192842942
2024-12-19,502,84,418,0.16733067729083664
2024-12-20,502,84,418,0.16733067729083664
2024-12-23,502,84,418,0.16733067729083664
2024-12-24,503,84,419,0.16699801192842942
2024-12-26,503,84,419,0.16699801192842942
2024-12-27,503,84,419,0.16699801192842942
2024-12-30,503,84,419,0.16699801192842942
2024-12-31,503,84,419,0.16699801192842942
2025-01-02,503,84,419,0.16699801192842942
2025-01-03,503,84,419,0.16699801192842942
2025-01-06,503,84,419,0.16699801192842942
2025-01-07,503,84,419,0.16699801192842942
2025-01-08,503,84,419,0.16699801192842942
2025-01-10,503,84,419,0.16699801192842942
2025-01-13,503,84,419,0.16699801192842942
2025-01-14,503,84,419,0.16699801192842942
2025-01-15,503,84,419,0.16699801192842942
2025-01-16,503,84,419,0.16699801192842942
2025-01-17,503,84,419,0.16699801192842942
2025-01-21,503,84,419,0.16699801192842942
2025-01-22,503,84,419,0.16699801192842942
2025-01-23,503,84,419,0.16699801192842942
2025-01-24,503,84,419,0.16699801192842942
2025-01-27,503,84,419,0.16699801192842942
2025-01-28,503,84,419,0.16699801192842942
2025-01-29,503,84,419,0.16699801192842942
2025-01-30,503,84,419,0.16699801192842942
2025-01-31,503,84,419,0.16699801192842942
2025-02-03,503,84,419,0.16699801192842942
2025-02-04,503,84,419,0.16699801192842942
2025-02-05,503,84,419,0.16699801192842942
2025-02-06,503,84,419,0.16699801192842942
2025-02-07,503,84,419,0.16699801192842942
2025-02-10,503,84,419,0.16699801192842942
2025-02-11,503,84,419,0.16699801192842942
2025-02-12,503,84,419,0.16699801192842942
2025-02-13,503,84,419,0.16699801192842942
2025-02-14,503,84,419,0.16699801192842942
2025-02-18,503,84,419,0.16699801192842942
2025-02-19,503,84,419,0.16699801192842942
2025-02-20,503,84,419,0.16699801192842942
2025-02-21,503,84,419,0.16699801192842942
2025-02-24,503,84,419,0.16699801192842942
2025-02-25,503,84,419,0.16699801192842942
2025-02-26,503,84,419,0.16699801192842942
2025-02-27,503,84,419,0.16699801192842942
2025-02-28,503,84,419,0.16699801192842942
2025-03-03,503,84,419,0.16699801192842942
2025-03-04,503,84,419,0.16699801192842942
2025-03-05,503,84,419,0.16699801192842942
2025-03-06,503,84,419,0.16699801192842942
2025-03-07,503,84,419,0.16699801192842942
2025-03-10,503,84,419,0.16699801192842942
2025-03-11,503,84,419,0.16699801192842942
2025-03-12,503,84,419,0.16699801192842942
2025-03-13,503,84,419,0.16699801192842942
2025-03-14,503,84,419,0.16699801192842942
2025-03-17,503,84,419,0.16699801192842942
2025-03-18,503,84,419,0.16699801192842942
2025-03-19,503,84,419,0.16699801192842942
2025-03-20,503,84,419,0.16699801192842942
2025-03-21,503,84,419,0.16699801192842942
2025-03-24,503,84,419,0.16699801192842942
2025-03-25,503,84,419,0.16699801192842942
2025-03-26,503,84,419,0.16699801192842942
2025-03-27,503,84,419,0.16699801192842942
2025-03-28,503,84,419,0.16699801192842942
2025-03-31,503,84,419,0.16699801192842942
2025-04-01,503,84,419,0.16699801192842942
2025-04-02,503,84,419,0.16699801192842942
2025-04-03,503,84,419,0.16699801192842942
2025-04-04,503,84,419,0.16699801192842942
2025-04-07,503,84,419,0.16699801192842942
2025-04-08,503,84,419,0.16699801192842942
2025-04-09,503,84,419,0.16699801192842942
2025-04-10,503,84,419,0.16699801192842942
2025-04-11,503,84,419,0.16699801192842942
2025-04-14,503,84,419,0.16699801192842942
2025-04-15,503,84,419,0.16699801192842942
2025-04-16,503,84,419,0.16699801192842942
2025-04-17,503,84,419,0.16699801192842942
2025-04-21,503,84,419,0.16699801192842942
2025-04-22,503,84,419,0.16699801192842942
2025-04-23,503,84,419,0.16699801192842942
2025-04-24,503,84,419,0.16699801192842942
2025-04-25,503,84,419,0.16699801192842942
2025-04-28,503,84,419,0.16699801192842942
2025-04-29,503,84,419,0.16699801192842942
2025-04-30,503,84,419,0.16699801192842942
2025-05-01,503,84,419,0.16699801192842942
2025-05-02,503,84,419,0.16699801192842942
2025-05-05,503,84,419,0.16699801192842942
2025-05-06,503,84,419,0.16699801192842942
2025-05-07,503,84,419,0.16699801192842942
2025-05-08,503,84,419,0.16699801192842942
2025-05-09,503,84,419,0.16699801192842942
2025-05-12,503,84,419,0.16699801192842942
2025-05-13,503,84,419,0.16699801192842942
2025-05-14,503,84,419,0.16699801192842942
2025-05-15,503,84,419,0.16699801192842942
2025-05-16,503,84,419,0.16699801192842942
2025-05-19,503,84,419,0.16699801192842942
2025-05-20,503,84,419,0.16699801192842942
2025-05-21,503,84,419,0.16699801192842942
2025-05-22,503,84,419,0.16699801192842942
2025-05-23,503,84,419,0.16699801192842942
2025-05-27,503,84,419,0.16699801192842942
2025-05-28,503,84,419,0.16699801192842942
2025-05-29,503,84,419,0.16699801192842942
2025-05-30,503,84,419,0.16699801192842942
2025-06-02,503,84,419,0.16699801192842942
2025-06-03,503,84,419,0.16699801192842942
2025-06-04,503,84,419,0.16699801192842942
2025-06-05,503,84,419,0.16699801192842942
2025-06-06,503,84,419,0.16699801192842942
2025-06-09,503,84,419,0.16699801192842942
2025-06-10,503,84,419,0.16699801192842942
2025-06-11,503,84,419,0.16699801192842942
2025-06-12,503,84,419,0.16699801192842942
2025-06-13,503,84,419,0.16699801192842942
2025-06-16,503,84,419,0.16699801192842942
2025-06-17,503,84,419,0.16699801192842942
2025-06-18,503,84,419,0.16699801192842942
2025-06-20,503,84,419,0.16699801192842942
2025-06-23,503,84,419,0.16699801192842942
2025-06-24,503,84,419,0.16699801192842942
2025-06-25,503,84,419,0.16699801192842942
2025-06-26,503,84,419,0.16699801192842942
2025-06-27,503,84,419,0.16699801192842942
2025-06-30,503,84,419,0.16699801192842942
2025-07-01,503,84,419,0.16699801192842942
2025-07-02,503,84,419,0.16699801192842942
2025-07-03,503,84,419,0.16699801192842942
2025-07-07,502,84,418,0.16733067729083664
2025-07-08,502,84,418,0.16733067729083664
2025-07-09,502,84,418,0.16733067729083664
2025-07-10,502,84,418,0.16733067729083664
2025-07-11,503,84,419,0.16699801192842942
2025-07-14,503,84,419,0.16699801192842942
2025-07-15,503,84,419,0.16699801192842942
2025-07-16,503,84,419,0.16699801192842942
2025-07-17,503,84,419,0.16699801192842942
2025-07-18,503,84,419,0.16699801192842942
2025-07-21,503,84,419,0.16699801192842942
2025-07-22,502,84,418,0.16733067729083664
2025-07-23,502,84,418,0.16733067729083664
2025-07-24,503,84,419,0.16699801192842942
2025-07-25,503,84,419,0.16699801192842942
2025-07-28,503,84,419,0.16699801192842942
2025-07-29,503,84,419,0.16699801192842942
2025-07-30,503,84,419,0.16699801192842942
2025-07-31,503,84,419,0.16699801192842942
2025-08-01,503,84,419,0.16699801192842942
2025-08-04,503,84,419,0.16699801192842942
2025-08-05,503,84,419,0.16699801192842942
2025-08-06,503,84,419,0.16699801192842942
2025-08-07,503,84,419,0.16699801192842942
2025-08-08,503,84,419,0.16699801192842942
2025-08-11,502,84,418,0.16733067729083664
2025-08-12,503,84,419,0.16699801192842942
2025-08-13,503,84,419,0.16699801192842942
2025-08-14,503,84,419,0.16699801192842942
2025-08-15,503,84,419,0.16699801192842942
2025-08-18,503,84,419,0.16699801192842942
2025-08-19,503,84,419,0.16699801192842942
2025-08-20,503,84,419,0.16699801192842942
2025-08-21,503,84,419,0.16699801192842942
2025-08-22,503,84,419,0.16699801192842942
2025-08-25,503,84,419,0.16699801192842942
2025-08-26,503,84,419,0.16699801192842942
2025-08-27,503,84,419,0.16699801192842942
2025-08-28,503,84,419,0.16699801192842942
2025-08-29,503,84,419,0.16699801192842942
2025-09-02,503,84,419,0.16699801192842942
2025-09-03,503,84,419,0.16699801192842942
2025-09-04,503,84,419,0.16699801192842942
2025-09-05,503,84,419,0.16699801192842942
2025-09-08,503,84,419,0.16699801192842942
2025-09-09,503,84,419,0.16699801192842942
2025-09-10,503,84,419,0.16699801192842942
2025-09-11,503,84,419,0.16699801192842942
2025-09-12,503,84,419,0.16699801192842942
2025-09-15,503,84,419,0.16699801192842942
2025-09-16,503,84,419,0.16699801192842942
2025-09-17,503,84,419,0.16699801192842942
2025-09-18,503,84,419,0.16699801192842942
2025-09-19,503,84,419,0.16699801192842942
2025-09-22,503,84,419,0.16699801192842942
2025-09-23,503,84,419,0.16699801192842942
2025-09-24,503,84,419,0.16699801192842942
2025-09-25,503,84,419,0.16699801192842942
2025-09-26,503,84,419,0.16699801192842942
2025-09-29,503,84,419,0.16699801192842942
2025-09-30,503,84,419,0.16699801192842942
2025-10-01,503,84,419,0.16699801192842942
2025-10-02,503,84,419,0.16699801192842942
2025-10-03,503,84,419,0.16699801192842942
2025-10-06,503,84,419,0.16699801192842942
2025-10-07,503,84,419,0.16699801192842942
2025-10-08,503,84,419,0.16699801192842942
2025-10-09,503,84,419,0.16699801192842942
2025-10-10,503,84,419,0.16699801192842942
2025-10-13,503,84,419,0.16699801192842942
2025-10-14,503,84,419,0.16699801192842942
2025-10-15,503,84,419,0.16699801192842942
2025-10-16,503,84,419,0.16699801192842942
2025-10-17,503,84,419,0.16699801192842942
2025-10-20,503,84,419,0.16699801192842942
2025-10-21,503,84,419,0.16699801192842942
2025-10-22,503,84,419,0.16699801192842942
2025-10-23,503,84,419,0.16699801192842942
2025-10-24,503,84,419,0.16699801192842942
2025-10-27,503,84,419,0.16699801192842942
2025-10-28,503,84,419,0.16699801192842942
2025-10-29,503,84,419,0.16699801192842942
2025-10-30,503,84,419,0.16699801192842942
2025-10-31,503,84,419,0.16699801192842942
2025-11-03,503,84,419,0.16699801192842942
2025-11-04,503,84,419,0.16699801192842942
2025-11-05,503,84,419,0.16699801192842942
2025-11-06,503,84,419,0.16699801192842942
2025-11-07,503,84,419,0.16699801192842942
2025-11-10,503,84,419,0.16699801192842942
2025-11-11,503,84,419,0.16699801192842942
2025-11-12,503,84,419,0.16699801192842942
2025-11-13,503,84,419,0.16699801192842942
2025-11-14,503,84,419,0.16699801192842942
2025-11-17,503,84,419,0.16699801192842942
2025-11-18,503,84,419,0.16699801192842942
2025-11-19,503,84,419,0.16699801192842942
2025-11-20,503,84,419,0.16699801192842942
2025-11-21,503,84,419,0.16699801192842942
2025-11-24,503,84,419,0.16699801192842942
2025-11-25,503,84,419,0.16699801192842942
2025-11-26,503,84,419,0.16699801192842942
2025-11-28,503,84,419,0.16699801192842942
2025-12-01,503,84,419,0.16699801192842942
2025-12-02,503,84,419,0.16699801192842942
2025-12-03,503,84,419,0.16699801192842942
2025-12-04,503,84,419,0.16699801192842942
2025-12-05,503,84,419,0.16699801192842942
2025-12-08,503,84,419,0.16699801192842942
2025-12-09,503,84,419,0.16699801192842942
2025-12-10,503,84,419,0.16699801192842942
2025-12-11,503,84,419,0.16699801192842942
2025-12-12,503,84,419,0.16699801192842942
2025-12-15,503,84,419,0.16699801192842942
2025-12-16,503,84,419,0.16699801192842942
2025-12-17,503,84,419,0.16699801192842942
2025-12-18,503,84,419,0.16699801192842942
2025-12-19,503,84,419,0.16699801192842942
2025-12-22,503,84,419,0.16699801192842942
2025-12-23,503,84,419,0.16699801192842942
2025-12-24,503,84,419,0.16699801192842942
2025-12-26,503,84,419,0.16699801192842942
2025-12-29,503,84,419,0.16699801192842942
2025-12-30,503,84,419,0.16699801192842942
2025-12-31,503,84,419,0.16699801192842942
2026-01-02,503,84,419,0.16699801192842942
2026-01-05,503,84,419,0.16699801192842942
2026-01-06,503,84,419,0.16699801192842942
2026-01-07,503,84,419,0.16699801192842942
2026-01-08,503,84,419,0.16699801192842942
2026-01-09,503,84,419,0.16699801192842942
2026-01-12,503,84,419,0.16699801192842942
2026-01-13,503,84,419,0.16699801192842942
2026-01-14,503,84,419,0.16699801192842942
2026-01-15,503,84,419,0.16699801192842942
2026-01-16,503,84,419,0.16699801192842942
2026-01-20,503,84,419,0.16699801192842942
2026-01-21,503,84,419,0.16699801192842942
2026-01-22,503,84,419,0.16699801192842942
2026-01-23,503,84,419,0.16699801192842942
2026-01-26,503,84,419,0.16699801192842942
2026-01-27,503,84,419,0.16699801192842942
2026-01-28,503,84,419,0.16699801192842942
2026-01-29,503,84,419,0.16699801192842942
2026-01-30,503,84,419,0.16699801192842942
2026-02-02,503,84,419,0.16699801192842942
2026-02-03,503,84,419,0.16699801192842942
2026-02-04,503,84,419,0.16699801192842942
2026-02-05,503,84,419,0.16699801192842942
2026-02-06,503,84,419,0.16699801192842942
2026-02-09,503,84,419,0.16699801192842942
2026-02-10,503,84,419,0.16699801192842942
2026-02-11,503,84,419,0.16699801192842942
2026-02-12,503,84,419,0.16699801192842942
2026-02-13,503,84,419,0.16699801192842942
2026-02-17,503,84,419,0.16699801192842942
2026-02-18,503,84,419,0.16699801192842942
2026-02-19,503,84,419,0.16699801192842942
2026-02-20,503,84,419,0.16699801192842942
2026-02-23,503,84,419,0.16699801192842942
2026-02-24,503,84,419,0.16699801192842942
2026-02-25,503,84,419,0.16699801192842942
2026-02-26,503,84,419,0.16699801192842942
2026-02-27,503,84,419,0.16699801192842942
2026-03-02,503,84,419,0.16699801192842942
2026-03-03,503,84,419,0.16699801192842942
2026-03-04,503,84,419,0.16699801192842942
2026-03-05,503,84,419,0.16699801192842942
2026-03-06,503,84,419,0.16699801192842942
2026-03-09,503,84,419,0.16699801192842942
2026-03-10,503,84,419,0.16699801192842942
2026-03-11,503,84,419,0.16699801192842942
2026-03-12,503,84,419,0.16699801192842942
2026-03-13,503,84,419,0.16699801192842942
2026-03-16,503,84,419,0.16699801192842942
2026-03-17,503,84,419,0.16699801192842942
2026-03-18,503,84,419,0.16699801192842942
2026-03-19,503,84,419,0.16699801192842942
2026-03-20,503,84,419,0.16699801192842942
2026-03-23,503,84,419,0.16699801192842942
2026-03-24,503,84,419,0.16699801192842942
2026-03-25,503,84,419,0.16699801192842942
2026-03-26,503,84,419,0.16699801192842942
2026-03-27,503,84,419,0.16699801192842942
2026-03-30,503,84,419,0.16699801192842942
2026-03-31,503,84,419,0.16699801192842942
2026-04-01,503,84,419,0.16699801192842942
2026-04-02,503,84,419,0.16699801192842942
2026-04-06,503,84,419,0.16699801192842942
2026-04-07,503,84,419,0.16699801192842942
2026-04-08,503,84,419,0.16699801192842942
2026-04-09,503,84,419,0.16699801192842942
2026-04-10,503,84,419,0.16699801192842942
2026-04-13,503,84,419,0.16699801192842942
2026-04-14,503,84,419,0.16699801192842942
2026-04-15,503,84,419,0.16699801192842942
2026-04-16,503,84,419,0.16699801192842942
2026-04-17,503,84,419,0.16699801192842942
2026-04-20,503,84,419,0.16699801192842942
2026-04-21,503,84,419,0.16699801192842942
2026-04-22,503,84,419,0.16699801192842942
2026-04-23,503,84,419,0.16699801192842942
2026-04-24,503,84,419,0.16699801192842942
2026-04-27,503,84,419,0.16699801192842942
2026-04-28,503,84,419,0.16699801192842942
2026-04-29,503,84,419,0.16699801192842942
2026-04-30,503,84,419,0.16699801192842942
2026-05-01,503,84,419,0.16699801192842942
2026-05-04,503,84,419,0.16699801192842942
2026-05-05,503,84,419,0.16699801192842942
2026-05-06,503,84,419,0.16699801192842942
2026-05-07,503,84,419,0.16699801192842942
2026-05-08,503,84,419,0.16699801192842942
2026-05-11,503,84,419,0.16699801192842942
2026-05-12,503,84,419,0.16699801192842942
2026-05-13,503,84,419,0.16699801192842942
2026-05-14,503,84,419,0.16699801192842942
2026-05-15,503,84,419,0.16699801192842942
2026-05-18,503,84,419,0.16699801192842942
2026-05-19,503,84,419,0.16699801192842942
2026-05-20,503,84,419,0.16699801192842942
2026-05-21,503,84,419,0.16699801192842942
2026-05-22,503,84,419,0.16699801192842942
2026-05-26,503,84,419,0.16699801192842942
2026-05-27,503,84,419,0.16699801192842942
2026-05-28,503,84,419,0.16699801192842942
2026-05-29,503,84,419,0.16699801192842942
2026-06-01,503,84,419,0.16699801192842942
