{
  "fold": "2022",
  "variant": {
    "variant": "stocks_h63_s15_top3_reb63_z10",
    "candidate_universe": "stocks",
    "horizon_bars": 63,
    "sleeve_fraction": 0.15,
    "top_k": 3,
    "max_name_weight": 0.05,
    "rebalance_every": 63,
    "min_score_z": 1.0,
    "max_candidate_vol": 0.0,
    "max_benchmark_vol": 0.0,
    "high_vol_scale": 1.0,
    "max_benchmark_drawdown": 0.0,
    "drawdown_scale": 1.0
  },
  "summary": {
    "benchmark": "VOO",
    "start_equity": 100000.0,
    "final_equity": 82283.39255567029,
    "total_return": -0.17716607444329713,
    "benchmark_return": -0.18673284519484412,
    "excess_return_vs_benchmark": 0.009566770751546994,
    "annualized_return": -0.17844870051413608,
    "benchmark_annualized_return": -0.18807652402702169,
    "volatility": 0.24572614187473793,
    "benchmark_volatility": 0.24163164839329762,
    "sharpe": -0.7262096704594931,
    "benchmark_sharpe": -0.7783604725523966,
    "sortino": -1.1769366204267153,
    "benchmark_sortino": -1.2523390735512165,
    "max_drawdown": 0.23653311094857277,
    "benchmark_max_drawdown": 0.24520729135681807,
    "total_cost": 7.16644706983993,
    "turnover": 0.3583223534919965,
    "num_rebalances": 3,
    "num_orders": 16,
    "num_alpha_symbols_traded": 7,
    "average_active_weight": 0.06324085842995095,
    "max_active_weight": 0.10600081580279597,
    "execution_mode": "next_open",
    "cost_model": {
      "mode": "next_open",
      "spread_bps": 2.0,
      "slippage_bps": 1.0,
      "commission_per_share": 0.0,
      "min_commission": 0.0,
      "sec_fees_bps_sell": 0.0
    },
    "selection_dates": 4,
    "selection_rows": 12,
    "mean_selected_forward_excess": 0.003596875264715977,
    "min_score_z": 1.0,
    "max_candidate_vol": 0.0,
    "max_benchmark_vol": 0.0,
    "high_vol_scale": 1.0,
    "max_benchmark_drawdown": 0.0,
    "drawdown_scale": 1.0,
    "average_sleeve_scale": 1.0
  },
  "training": {
    "objective": "lambdarank",
    "train_rows": 89964,
    "validation_rows": 31668,
    "train_dates": 1071,
    "validation_dates": 377,
    "purged_dates": 63,
    "best_iteration": 3,
    "best_score": {
      "valid": {
        "ndcg@1": 0.43837312113174176,
        "ndcg@3": 0.37593387390339505,
        "ndcg@5": 0.3605864311291548
      }
    },
    "train_metrics": {
      "mean_top_excess": 0.12456649265281691,
      "mean_universe_excess": 0.007996045429126462,
      "mean_top_minus_universe": 0.11657044722369043,
      "top1_hit_rate": 0.8179271708683473,
      "mean_rank_ic": 0.16209164453886601,
      "dates": 1071.0
    },
    "validation_metrics": {
      "mean_top_excess": 0.007827049358845114,
      "mean_universe_excess": 0.0036104894700608793,
      "mean_top_minus_universe": 0.0042165598887842345,
      "top1_hit_rate": 0.5384615384615384,
      "mean_rank_ic": -0.03515094671261409,
      "dates": 377.0
    }
  },
  "status": "research_only_low_excess",
  "model_file": "reports/batches/2026-06-03_yahoo100_daily_ranker_walkforward_slow_horizons_2018_2026/fold_artifacts/stocks_h63_s15_top3_reb63_z10/2022/model.txt"
}
