symbol,event_time,log_ret_1,log_ret_5,log_ret_10,log_ret_21,log_ret_63,log_ret_126,log_ret_252,excess_log_ret_5,excess_log_ret_21,excess_log_ret_63,excess_log_ret_126,vol_20,vol_63,downside_vol_20,return_to_vol_21,return_to_vol_63,beta_63,corr_63,residual_log_ret_21,residual_log_ret_63,distance_to_63d_high,distance_to_63d_low,ma_20_50,ma_50_200,volume_z_20,dollar_volume_z_20,amihud_20,gap_pct,intraday_ret,benchmark_log_ret_21,benchmark_vol_20,expected_score
AAPL,2016-01-04 14:30:00+00:00,0.0008546417860482158,-0.0251205844859288,-0.033876320200747045,-0.09871282452103047,-0.04236962190883231,-0.17020601923634615,-0.020187758368242825,-0.0025890924606639665,-0.06805649513526069,-0.07894037727831149,-0.1532583890953667,0.2542526418943767,0.24913681905022358,0.14858950792002149,-0.38824699631651577,-0.17006567744726245,1.0416552304016111,0.6261168212026351,-0.06677949867142877,-0.0804637405191881,-0.1368118352556854,0.0008550070964019607,-0.03636586998536895,-0.03582689100759384,1.2652759829208402,1.0718572433880145,3.2024058878820362e-12,-0.02517575342657863,0.026703029407075807,-0.030656329385769787,0.1857720295541048,0.0015428991898820512
CMCSA,2016-01-11 14:30:00+00:00,0.0009145242362782469,-0.016673003925366636,-0.04163100886532245,-0.06389469924320501,-0.09580844077883732,-0.14356235803135364,-0.01101298439571785,0.02951906986889785,-0.002171782314631443,-0.05409223314182032,-0.06581328628110272,0.17777354912455512,0.17797133833478065,0.1296741879388637,-0.35941623238020565,-0.5383363505342232,0.8900779049310075,0.7760548554580584,-0.008956494657189638,-0.05867776608361434,-0.1283932538074264,0.002014719636507456,-0.047434135382165454,0.007592167100823666,-0.21857352057100785,-0.047895160084212775,1.6928451589538454e-11,0.003841570907521019,-0.0029154285409802583,-0.06172291692857357,0.19194667166915022,0.0015428991898820512
JNJ,2016-01-19 14:30:00+00:00,0.005141677088135843,-0.0007174585979745629,-0.030106463564052,-0.07648609604683365,-0.0002161159365927645,-0.014045446895190494,-0.035716722198088746,0.020240112704188462,0.018648970693759814,0.07119616607990054,0.09793263258686213,0.17320233576007343,0.15439329489485729,0.10106042022282896,-0.44159967999961125,-0.0013997754030700665,0.7931057579995754,0.864990152340781,-0.0010339268271950808,0.0564213761225776,-0.0736342056541004,0.006442765390654026,-0.007455833853880489,0.03400955634672376,1.315778214573919,1.1434678734504389,1.5936162178872986e-11,0.00958791226118283,-0.004390894555557634,-0.09513506674059347,0.2031594331537764,-0.0010268398199436005
PEP,2016-01-26 14:30:00+00:00,0.0039529373384850075,0.0057263796077346996,-0.011561008659712435,-0.04387387184776781,-0.05452304797254115,0.021583865115409218,0.004424730408521427,-0.006155590001945654,0.035674621274915275,0.026367274700137777,0.0938518924273044,0.17794652305925596,0.15396148347600092,0.10834643727944548,-0.24655649963533072,-0.35413433763802393,0.6564429707721371,0.7431739639836646,0.008345177298133194,-0.0014231642505710407,-0.057755053638778975,0.027194461925062585,-0.012112837754641781,0.02970145004359348,-0.9398913493596763,-0.8961507708038361,2.3138066860193635e-11,-0.00031270222969281836,0.00427479946906395,-0.07954849312268308,0.2141075297177028,0.001036283453511209
WMT,2016-02-02 14:30:00+00:00,-0.009526586277842863,0.04371821862621994,0.06647478818428798,0.08682082867510088,0.16368951557767275,-0.06141588188579972,-0.22094246935446726,0.04389053512705354,0.1563758740921135,0.2465375391906086,0.02547775788738571,0.28180106615180955,0.22071088722524168,0.1632947805122532,0.3080926195940277,0.7416467653026241,0.6042826781118812,0.5065578895495451,0.1288517377958868,0.213753141162774,-0.009481352111148311,0.19496664286643006,0.037131316489649846,-0.07739404660547688,-0.12234591008936681,0.18067790743878182,2.0992166377898264e-11,-0.002962881403743567,-0.006537841556573221,-0.06955504541701263,0.23729098265239762,0.0031067922008550064
CAT,2016-02-10 14:30:00+00:00,-0.02839893153168438,-0.0180212129488857,0.06344502224346193,0.02328319474920093,-0.13330472876601718,-0.20427539462627298,-0.25923413646841453,0.013898618931588391,0.058617876750295395,-0.02332106727979255,-0.09666470392225524,0.4332144765225812,0.3361131249095393,0.22257312697583057,0.05374519091812321,-0.39660673412231223,1.11128278351159,0.6210076785754044,0.06255001851787406,-0.011081779288809018,-0.13395718866491224,0.0730444549867364,-0.04661604353771476,-0.1209904996395833,-1.1674203951460462,-1.3118186649395538,5.3989302206561814e-11,0.005318173020438799,-0.033141393568864475,-0.035334682001094464,0.2284693719823462,0.012169303079742962
INTU,2016-02-18 14:30:00+00:00,-0.01940196003909911,0.06653763579229732,0.006030237099275304,0.059692538761912495,-0.0013271505512415516,-0.08513264136945864,0.08350969546915721,0.03052154564056142,0.03805355930910803,0.06082878832153504,-0.007389460478997911,0.35293824042110505,0.30311431624146873,0.2468143000181782,0.16913026678744383,-0.004378382940462334,1.1770905795726583,0.7582860146819311,0.03422149989645004,0.07183601956039777,-0.06229174751066824,0.07034298323436805,-0.014050834257555267,-0.02439361506141391,-0.043877990169568754,0.20048153723749354,1.1873215220035614e-10,-0.0057948648119576784,-0.013498309463705116,0.021638979452804463,0.21943427516849784,0.0072357622982515465
NVDA,2016-02-25 14:30:00+00:00,0.0021972879249717026,0.05976239880689149,0.22636297610623274,0.10539515242637282,0.03088919004181412,0.4564469876166307,0.37751324715732415,0.041754845429316734,0.07763058920567395,0.09181739015476487,0.40096149827740557,0.5305422994530088,0.39477087786878523,0.41607507838240715,0.1986555125482655,0.07824586810600839,1.37302306285198,0.6883807925317742,0.06727376679434142,0.1145450139749561,-0.05511143182055567,0.2644726563588615,-0.05147770280627717,0.16957629632459748,-0.49057643396385897,-0.1462417875512297,6.976295147258229e-11,0.003771078263685723,-0.0015654710187867904,0.027764563220698868,0.20489990632406016,0.026711247398105382
V,2016-03-03 14:30:00+00:00,-0.005262789703622595,0.008697225478239368,0.036793879044751954,0.008894906410047199,-0.07608140376401273,0.07308796292535558,0.08407952961333098,-0.012710394535992542,-0.04044959332571718,-0.028715400318946926,0.019414695751303945,0.33664804232733275,0.30619187973385276,0.24408132073778066,0.026421975748186353,-0.2484762294484883,1.2477559239638423,0.8320156546756129,-0.05267498545028505,-0.01698019237094011,-0.07890771156104048,0.09275249557852461,-0.021459930585919218,0.004342114279779485,-0.6341131491297285,-0.7920448058188773,2.4465450547254655e-11,0.002422631833392419,-0.007653056782244483,0.04934449973576438,0.19375989894203663,0.0015428991898820512
BMY,2016-03-11 14:30:00+00:00,0.0003075057354409161,0.003855372377706612,0.042612792713522474,0.06158675356839671,-0.048474430567175375,0.11224011831461178,-0.0025949507137279504,-0.008044130915585423,-0.02895972724423901,-0.041963312450143064,0.06592200605122,0.26088150506212965,0.2727624253698896,0.1154406348651443,0.2360717504820039,-0.17771667230719124,1.0109233508529303,0.7429558688366578,-0.029948798222653547,-0.04189218922250585,-0.0762852565858283,0.10344779596062037,0.0073645909044743885,-0.011464845749286412,0.8309096325351545,0.9207457660696771,4.620553683378066e-11,0.003695312962537667,-0.003375287199819832,0.09054648081263572,0.16683227795099592,0.007549779132426463
IBM,2016-03-18 13:30:00+00:00,0.0003399919990627609,0.032685801377899004,0.06524139307775378,0.10483991606185139,0.06464969229246087,0.012386154106368785,-0.04763557325872192,0.019492221394677323,0.03711594541772989,0.07042180893612837,-0.027712941905929434,0.17262913130164195,0.2560520031764992,0.09762045254248317,0.6073130025700025,0.25248657104977695,0.8199104730729142,0.620286448537526,0.04931232325265358,0.06938231118040233,0.0,0.24811204457815417,0.06056506856815003,-0.08503608424350784,3.9860828803027606,3.599771752194127,2.3939441098705017e-11,0.0024483506099746144,-0.002103151554689431,0.0677239706441215,0.14222406707687427,0.001036283453511209
NKE,2016-03-28 13:30:00+00:00,-0.0050411538104411235,-0.026543854253515242,0.020755324833080735,-0.014237607342592273,-0.04540772781376923,0.07147086432735827,0.22138685139606729,-0.02111961063699841,-0.05852978099262218,-0.03791597156181492,0.007594488802179722,0.29202961810943734,0.29992307119245215,0.19927463981928384,-0.0487539840471139,-0.15139791558293417,0.9021532769284253,0.5560718108940041,-0.05419593694324961,-0.03864901536111963,-0.054853570067046165,0.11733536768482056,0.021695708005965653,0.00919694127803683,-0.5765687748397453,-0.6238728075720258,2.69991921868093e-11,-0.0011354975873172357,-0.0038973964166004738,0.04429217365002991,0.12429348053281843,0.002784522278970755
UPS,2016-04-04 13:30:00+00:00,-0.0006670773465433655,-0.0017148871342369532,-0.0010482943178713455,0.051453612997423015,0.09404172039085079,0.07690493846029867,0.11303531376158293,-0.01630519592917068,0.01397875056669129,0.07677740364136731,-0.005413584147123451,0.11583547530552805,0.16936171550203755,0.04876033620119901,0.4441956392176817,0.5552714207699402,0.6564410140578791,0.7112770090891902,0.026853576301713963,0.08270871479680343,-0.011498461258467207,0.1918698417830227,0.048358661369406475,0.0031590467832858238,0.06330576640434296,0.2641511647936247,2.8361646067345446e-11,0.0008577157239357813,-0.001523264096284782,0.037474862430731726,0.09380253086487954,0.004310099313069661
BKNG,2016-04-12 13:30:00+00:00,0.027799884397903263,0.01643837176148777,-0.0058357293568760404,-0.020243364317551915,0.1348197673750562,-0.009955963971457038,0.08046626969127413,0.007665262946304541,-0.04117464343802535,0.058676689443041496,-0.04438283426645473,0.20501320700154432,0.386788835155239,0.11888356023619046,-0.09874175724395856,0.3485616830717097,1.4287245170297724,0.6483854002120896,-0.05014839596976568,0.026032285131478178,-0.03753574530703285,0.3352637768462101,0.053150360638365424,-0.01069419088560708,0.20399474719870242,0.33482923023279104,1.870846340054782e-11,0.0030995805830058565,0.025012797226551475,0.020931279120473434,0.0994595874757449,0.0015428991898820512
HD,2016-04-19 13:30:00+00:00,-0.009991131807145948,0.007856963380501902,0.006370070181126231,0.030663409166622024,0.12852283014748433,0.1083611757097227,0.2026576073815125,-0.01112538110941319,0.003943365539455179,0.012439836423391526,0.06369046400212319,0.1093190200031438,0.2200555313499534,0.05910564046783718,0.2804947315274159,0.5840472600668011,0.9365240434607656,0.6760928392493551,0.00563944586745967,0.01980831548796627,-0.009941386259040397,0.21756607464833744,0.046957176643208864,0.04230186066189656,1.8305640330199073,1.6669578312747515,1.4356710505039981e-11,1.398393356666361e-07,-0.00994152470816001,0.026720043627166845,0.10349424716874206,0.0015428991898820512
NEE,2016-04-26 13:30:00+00:00,0.00913069809659639,-0.022088083672637815,-0.013157495102116279,-0.017675305744363712,0.08825598500001997,0.11489533789209494,0.13733877001071138,-0.01745477256058603,-0.045186281875995604,-0.011311728002340704,0.0962179475624132,0.16152670839362637,0.17096817994662827,0.14361140624428467,-0.10942652097689348,0.5162129293741744,0.2415394354443508,0.20781037019079382,-0.02432029138772109,0.06420645581294462,-0.029325414679697848,0.09052830714550475,0.007003788240479425,0.10270892594126968,0.9607763867215695,0.9570591833433416,4.8723968983798554e-11,0.0021838205767059637,0.00697346071739835,0.027510976131631892,0.09812725786357981,0.008504466009606915
UNH,2016-05-03 13:30:00+00:00,0.0027212574400268252,-0.013348483901697072,0.014907625614612563,0.022677030815809296,0.1552540035459744,0.1258905504155612,0.16215311609408456,-5.7776560342226446e-05,0.023047070820465976,0.06880468138413498,0.12228925186665762,0.15073446203210536,0.18677600448344728,0.04830513309366233,0.15044357149713547,0.8312309923073311,0.9244372450485298,0.6691122714443445,0.023019109578271864,0.07533703033037076,-0.013259787981092397,0.20893142691969535,0.026630551653489265,0.06922422879836643,0.2700148308203712,0.49776023035266204,1.866961304967455e-11,-0.005526446689548936,0.008297264501420543,-0.00037004000465667986,0.10393703973260476,0.0020686340435400095
BA,2016-05-11 13:30:00+00:00,-0.00472576483549858,0.024115458625641573,-0.022091935631149973,0.03502364960752491,0.14178392901709458,-0.07578580795722001,-0.059486956463506324,0.016643068076819922,0.03238036023107149,0.027662879707532007,-0.07992319578055795,0.190151439788239,0.24642246028729956,0.08778291966026122,0.1841881904577151,0.5753693427611721,1.0448010747444387,0.5479707686259974,0.03226193802614582,0.022550134047500517,-0.021849695948220726,0.23648874906153128,0.023719625380944187,-0.0268484470108028,-0.7862570067552282,-0.7610125834071555,1.7766226451754946e-11,0.0013468782353782682,-0.006053341100064613,0.002643289376453417,0.0921829361888498,0.0015428991898820512
GS,2016-05-18 13:30:00+00:00,0.033634663455809566,0.0032571277918957975,-0.0008123036227791758,-0.01680132805856438,0.08374821962777457,-0.17577529548207416,-0.23585107323001253,0.011048513773673108,0.007329113036674606,0.013434646451725207,-0.18393292978534692,0.22283356901132984,0.24106409366429385,0.09566520796579259,-0.07539855028624581,0.347410592572125,1.4157516233567708,0.6866341007920361,0.017361383094335152,-0.015798335740232414,-0.04216040631342355,0.10851528886985129,0.022440482742889012,-0.08049765250747709,1.7010044402458335,1.5735937271795917,3.2132039780220526e-11,0.001034981287110659,0.03313742629499994,-0.024130441095238986,0.103777951455868,0.007699923461304319
MRK,2016-05-25 13:30:00+00:00,0.01729531843525134,0.0341636301203736,0.04077054024006577,0.009412782795567676,0.11236342599409355,0.06362470016021593,-0.01635969655131264,0.013102728301561672,0.007849010959942948,0.03899650437680702,0.05118597865588015,0.1566787809153134,0.15057308550531176,0.0699575495938871,0.060076946862736874,0.7462384503645554,0.8918818984853673,0.6634224161669658,0.008018083002012746,0.04692879665604091,-0.00510037876512881,0.13652447961757308,0.0010696561299101681,0.04317776888839897,0.5383415234713789,0.7798313550066966,2.5449024240182708e-11,0.0037767184190171665,0.01361760018828484,0.0015637718356247277,0.11853913886725603,0.0020686340435400095
TSLA,2016-06-02 13:30:00+00:00,-0.0027364764172710387,-0.002827622086070125,0.03622553760523939,-0.059226687445990134,0.11210184553964453,-0.07997248325893036,-0.12852366467881593,-0.010871365566343716,-0.0821249101032433,0.05209880045631632,-0.09260952489719276,0.3123567308172995,0.3563566423887815,0.24283898948621563,-0.1896123297584146,0.31457767922659496,1.187517979644283,0.3316131510294274,-0.08641873855337635,0.04084715066978578,-0.17504340256471473,0.08913643118458281,-0.07719982776228296,0.048212972818771016,-1.1067981902660058,-1.6075319102655812,1.3799660858601922e-11,0.00013662700790062487,-0.002868970707622598,0.022898222657253164,0.10050395958162119,0.002200159317568234
AVGO,2016-06-10 13:30:00+00:00,-0.020433804638002595,-0.010761496714642771,0.04971710884767688,0.1115145316231585,0.08085394307321447,0.10546081273880992,0.13686217031171743,-0.009464933518597451,0.09439652478469984,0.04016136773782897,0.07127935552045672,0.24745949413637833,0.22677280891556967,0.0926390969214519,0.4506375154945613,0.35654161299081233,1.3908216425469164,0.5772431292896235,0.08770643723496409,0.02425782860578947,-0.0243869437769203,0.14830422333404458,0.00954186184413297,0.1144409144995382,-0.11144241353102863,0.1789762535551352,3.9882995074535893e-11,-0.012001864028154507,-0.008324494631681278,0.017118006838458655,0.09468569636607958,0.008387861706213794
GILD,2016-06-17 13:30:00+00:00,-0.010351500135174163,-0.015932763843653497,-0.03586260124779361,0.0028333921927847783,-0.08257774747309199,-0.2129894303583013,-0.36425133580890545,-0.004238476450450612,-0.010381713234248302,-0.09838245543205293,-0.22302202167359475,0.19580749975842204,0.29096978916357275,0.09666453760013269,0.014470294530497975,-0.28380179162404295,1.566374871766997,0.5087165793359376,-0.01786641687587151,-0.10733384487562427,-0.18745570886024965,0.011871782396290609,-0.044362692090341826,-0.06452404278022672,2.845547671939862,2.4215584324624486,1.681120772619239e-11,0.0020357303895073287,-0.01230878077732156,0.01321510542703308,0.08073304421144624,0.002175295636898711
META,2016-06-24 13:30:00+00:00,-0.02641468459103269,-0.008351800875140647,-0.039707786112007426,-0.0505390977115745,-0.014262490118713167,0.06878257468963778,0.2421033507975432,0.008375230304631387,-0.025966270140023617,-0.018764410514418906,0.07177241054588634,0.1586637974940332,0.2302000627543999,0.1410983015543299,-0.3185294850482518,-0.06195693410357493,0.6056115650944214,0.32488065925490617,-0.03565750914717222,-0.016988905175487016,-0.06987551748815157,0.030525947630289485,0.0010138372981987054,0.0889485045139986,3.1276418218898074,2.6704487848405223,2.982939320260145e-12,-0.03536674485796609,0.009638768342635773,-0.02457282757155088,0.15551685301006982,0.002200159317568234
T,2016-07-01 13:30:00+00:00,0.005999220885577916,0.04589568699520541,0.06510611002999322,0.11262039899134546,0.11567041639049913,0.26861686212972424,0.2673816931885695,0.012852589336477038,0.11219387238444156,0.09271570713099875,0.22839783612074038,0.09714186695523676,0.11633343245280364,0.0,1.159339453947712,0.9943007263834195,0.3063397470137496,0.36419411062429585,0.11248973693849189,0.1086384765631696,0.0,0.14817777670044863,0.03415581850535454,0.11192663099224531,-0.16451129582637672,0.13683166241954414,1.333914738157677e-11,1.7573229293965653e-07,0.006017075461521859,0.00042652660690389865,0.19761596405738718,0.0041796029765525065
AMT,2016-07-12 13:30:00+00:00,0.012393589550140582,0.01974599569327662,0.0641138580695122,0.069970071095808,0.09434773079586822,0.2158700461154135,0.21338075269938894,-0.011043018907761493,0.04159340186119298,0.046209765346341136,0.09158900273387172,0.19495111702898985,0.1522708372893353,0.16378467979531913,0.35891084986911476,0.6196047284917381,0.6870766483401551,0.6157073608244557,0.05047312430703152,0.06127325883689296,0.0,0.13751277946220442,0.029142520484584544,0.0927751079154826,1.6971589662348503,1.6268240530459261,5.112190897176608e-11,-0.0006103087309587973,0.013089005409930854,0.028376669234615015,0.2015807719955578,0.007642131805652239
ELV,2016-07-19 13:30:00+00:00,-0.022018386087021113,0.001363738176240581,0.009281206107181639,-0.0021183403333502326,-0.0844280214216333,-0.025834686091428694,-0.15155798231674122,-0.004349124425072404,-0.04790215956248112,-0.11929650498255828,-0.17678616337644648,0.23651366116266379,0.20790410880113655,0.13341652694185868,-0.008956524214866939,-0.40609116341413914,0.711182042252587,0.4617361095725115,-0.0346789703948468,-0.10922586077074269,-0.10040006312260563,0.05774903163686762,-0.009650688169496102,-0.019369121877404694,0.8558916499144773,0.9576297357254779,4.85915257002107e-11,-0.009185180221242262,-0.012709307855431229,0.045783819229130884,0.20027721140087482,0.009186905699338076
MDLZ,2016-07-26 13:30:00+00:00,-0.011207971062041189,-0.007266396256053298,-0.010552015035699469,0.07224125631455136,0.0668151190699442,0.09856614488763737,0.09001397302714365,-0.00968345636816359,0.007313345793538151,0.02489626428485714,-0.04292042289981035,0.25381959028243234,0.24637786478476212,0.05677879010928924,0.28461655081141074,0.271189618143312,1.4433421821961914,0.791863148994147,-0.021471935742286896,0.006311867729271385,-0.018438213178393115,0.09803432048803984,0.015248637280699251,0.03593620685574339,0.018768256349736282,0.30844361193712444,2.6215971742392853e-11,-0.0013114658897577236,-0.009846843663142701,0.06492791052101321,0.11193463385442383,0.002784522278970755
SO,2016-08-02 13:30:00+00:00,-0.005420485299675093,-0.020221336566412784,-0.004860983591532975,-0.008769437238018263,0.0662792641800567,0.09475276068903238,0.21743541072860229,-0.0150279183228883,-0.03546083185677862,0.016263120297139277,-0.041712705355724466,0.13676242395197724,0.152274988777687,0.10355636619705857,-0.06412168623961771,0.4352603451957611,0.009317779441973711,0.008064184623191953,-0.009018141766074557,0.06581322478281765,-0.02163555587771837,0.11074059279324966,0.0340444289617563,0.07669048423508307,-1.1171496596132264,-1.2360511011229809,3.195541643176602e-11,-0.002982689337869271,-0.0024303807098730035,0.026691394618760356,0.07422924922994953,0.008394747404232612
AMGN,2016-08-10 13:30:00+00:00,-0.004951681717502154,-0.012766596392498997,0.003217098526429041,0.05565827788290889,0.1114490189171633,0.18107646392484522,0.038896926263396026,-0.019348168104238006,0.04326286898165144,0.053558933942832176,0.009065329640951525,0.10708657441902619,0.18275541497939896,0.03728838064968096,0.5197502878850144,0.6098260832913014,1.104741053335762,0.7757086677383802,0.04196456079680625,0.04749546546492396,-0.016824065427684887,0.1843268590591287,0.0537134907948178,0.03524384289168614,-0.4422076634224854,-0.3402052552016535,1.7273700013753867e-11,-0.0011039951245320756,-0.0038396862220710926,0.012395408901257454,0.05414470793488072,0.0018195771693148752
DE,2016-08-17 13:30:00+00:00,-0.009255482841295404,-0.009255482841295404,-0.01130066242108363,-0.07259397490023911,-0.057161224461740545,-0.02178204377109605,-0.1623051297408704,-0.01250532460682674,-0.08252636296571492,-0.12609253718338032,-0.16102692966878518,0.17825056720393662,0.21704573750657563,0.13604110605289696,-0.40725803030508334,-0.2633602719795812,0.710388737088831,0.40832468865102123,-0.07964983151434865,-0.1061292526519415,-0.1082430765962491,0.005585021911961752,-0.03267840797398358,0.030919163914812753,-0.31794138217506607,-0.23587364806345626,3.951402153762726e-11,-0.0019191186244038594,-0.007307688394836198,0.009932388065475806,0.055055621366979834,0.008781143989039737
MCD,2016-08-24 13:30:00+00:00,-0.0027819089407525865,-0.01922730693371122,-0.03364040808821667,-0.05784019169995158,-0.06317126443104559,-0.015143552637094437,0.2620890539261973,-0.01712862661053194,-0.06325683933013782,-0.10894299501069415,-0.13428220483402953,0.10760191771369568,0.15936662098352683,0.09083265601970561,-0.5375386696531862,-0.39638955787093827,0.5519880871070422,0.42184267020876276,-0.060830116663870976,-0.08843671443728471,-0.10439728162166895,0.0,-0.022922994565087618,0.005749517229579393,-0.16598691183045466,-0.15471553390737605,1.2181664618718189e-11,-0.00034728717231713446,-0.0024316003090670835,0.005416647630186233,0.0541486112340489,0.002476837297001059
SBUX,2016-08-31 13:30:00+00:00,-0.0030187641521211006,-0.015178580709231948,0.007676485493335328,-0.008852938104482178,0.032526703468521045,-0.04179561853892588,0.06323298705699587,-0.013176064205478344,-0.01746048747443929,-0.0031987671271003215,-0.13752413421787546,0.12639036105768234,0.16575524040589112,0.04983766671894019,-0.07004440869064257,0.19623333409472712,0.787825524534433,0.5806963374490097,-0.01563418520182467,0.004381265857286178,-0.03231328955729218,0.05095576466558582,-0.007760165811958153,-0.020068138461489804,-0.3081417931726042,-0.20556567779113122,1.7941983523636744e-11,-0.0015957401118242842,-0.0014207392839674648,0.008607549369957113,0.05248740244680875,0.0013129614329440336
AMAT,2016-09-09 13:30:00+00:00,-0.03171601640099686,-0.04836096419503111,-0.027005197951408544,0.09215044772439551,0.18492688332125073,0.37253934504609587,0.6366127615179766,-0.029127649886201645,0.11243583241368249,0.16444018987466524,0.3113600762641249,0.32029599461199293,0.2734247326829405,0.14341317406709744,0.28770402775728343,0.676335609828279,1.4909143166690377,0.710481183599966,0.12239421817679237,0.15438297876052667,-0.04721019800582027,0.2992083499570146,0.07324038653020248,0.2578114740406017,-0.0462237752638817,0.1948946685105259,2.9957745132026184e-11,-0.009734636218929005,-0.021694894566328227,-0.020285384689286978,0.09726999738875698,0.015008595192806111
CVS,2016-09-16 13:30:00+00:00,-0.00033286244932551057,-0.015415550214242124,-0.035428328815005905,-0.07922305799974261,-0.046652112789289824,-0.11119118746278112,-0.1009578461169438,-0.02094697836930237,-0.06121925969998454,-0.08436452178413845,-0.16470830441659068,0.16801953468822278,0.1695397932902076,0.1536368227187761,-0.4715109951158298,-0.2751691026863154,0.2956728799083719,0.23848800883415694,-0.0738998231071637,-0.0578026493650791,-0.08097056485947585,0.0076025459481325885,-0.01865538833881486,-0.01664573802956948,0.637862620876822,0.6780229973164552,1.9679371965698626e-11,-0.0016639522540217166,0.0013333638510402146,-0.018003798299758067,0.12656987277800866,0.003761372222366418
LRCX,2016-09-23 13:30:00+00:00,-0.00986619023407087,-0.012774792021803538,0.009854454137849356,-0.006570330448954387,0.11256206620092613,0.15521459211269573,0.38491441468879306,-0.024951870221103345,-0.002842290671675407,0.04594554782700566,0.08409615334306952,0.20135569335840625,0.238261202297187,0.11713059128842121,-0.032630467703038436,0.47243136992369267,1.3430224397234831,0.6374614685989151,-0.0015634893718869808,0.023094587168499228,-0.02691563433290356,0.15161298774873955,0.013603751192860836,0.1377994555868729,-0.7033116453495751,-0.7135852703401164,5.890750149901978e-11,-0.0028051019957485712,-0.007032303382982552,-0.0037280397772789797,0.13569699984401024,0.01408456889117389
QCOM,2016-09-30 13:30:00+00:00,0.015447348703314656,0.08767541347445595,0.08385801526949921,0.0825888068538152,0.26499455582380094,0.31990118156260827,0.290324447403453,0.08565999921470668,0.0822989158675913,0.22940572084885957,0.2613576373281665,0.3063924595966574,0.24942693216924824,0.16550337500905876,0.2695523478695825,1.0624135634398506,1.0070938055235175,0.39479646556678283,0.082296859437312,0.22915326057473878,0.0,0.3300240908429424,0.013873990897062427,0.17241059319399854,2.4117597446387515,2.470587595782735,2.5876462080854926e-11,0.014084718375056982,0.0014619659627750359,0.0002898909862238952,0.14716408711787182,0.0034971632868213446
ADBE,2016-10-10 13:30:00+00:00,0.005507618856715801,0.0072580679213452015,0.0182914635832212,0.09459641851540468,0.11328471738442758,0.1564418415789932,0.264875638196437,0.005693927843627655,0.0764844681930752,0.10306274285012762,0.09808190159516617,0.27593816742086025,0.19545910702761557,0.09539716173512788,0.3428174485595044,0.5795827020146064,1.3762157988386536,0.647782910152852,0.069670466334034,0.09921707453499759,-0.004193246096606984,0.13732425188041475,0.03016062164060984,0.08132039810907243,-0.8600585296870706,-1.082946721081188,2.2532405513977867e-11,0.004694423222234789,0.000824519805238566,0.018111950322329484,0.10823334652873919,0.0015428991898820512
CRM,2016-10-17 13:30:00+00:00,-0.01957907183554397,-0.03069256620329508,0.03223145226125457,-0.006296350965987685,-0.11087883207352167,-0.04510250578743413,-0.07840432091889848,-0.013814535311798437,-0.001998842241760279,-0.098509913115012,-0.06760207038984944,0.4954407705436897,0.31908892424969215,0.34009874359777753,-0.012708584638842214,-0.3474856807839473,0.9634100399375763,0.2859125915220045,-0.0021560879143476775,-0.09896249136571923,-0.11774693281343707,0.06445485532814055,-0.042940161121384435,0.0010041976100119143,-0.36256050814316176,-0.16594450812564399,2.3557742572589477e-11,-0.002288919915759413,-0.017138956399525895,-0.004297508724227406,0.09817382281942517,0.0026493683997563175
LLY,2016-10-24 13:30:00+00:00,-0.008728263836090377,-0.01230002843520328,-0.06838281801615587,-0.04524232010756002,-0.05028411396902577,0.02990829301558051,0.016773400456807863,-0.023617427869125684,-0.04008513261795521,-0.04681553433232821,-0.00854198213280899,0.14750372082016083,0.14250040349216495,0.07529387624082594,-0.3067198566653126,-0.3528699760614399,0.7810138254807976,0.5197068088720923,-0.04121448537758206,-0.04757510531798381,-0.06609710971482374,0.009369009672059558,0.008738583896063856,0.039246144376354763,0.716842711273394,0.6996926212704264,2.975741471204368e-11,0.003066879799748401,-0.011721215364632775,-0.005157187489604809,0.08425518451159032,0.007876949110666321
PLD,2016-10-31 13:30:00+00:00,0.021118466404321357,-0.012384875172845256,0.018576304282971634,-0.026113311527932392,-0.03017650310009179,0.1500462749936422,0.2356870660166086,-0.0014776199571544524,-0.00803345456288751,-0.020994086491227915,0.10921254771958866,0.20642789649908228,0.19952606116917276,0.12438785022467384,-0.12650088467112044,-0.15124091020122904,1.33710250637195,0.6331367876106411,-0.0019386894651245226,-0.017898670837828482,-0.043111486995185855,0.04907461332957297,-0.018321842023193424,0.11360228870466682,1.399967265951417,1.3441941627225014,1.1233338652484737e-10,0.007244721878806981,0.01399691368274536,-0.018079856965044883,0.06572421101376383,0.008664539685646618
ABT,2016-11-08 14:30:00+00:00,-0.0007529184482808482,0.01977766004178161,-0.008997708436162544,-0.08180371669630748,-0.11147407198063819,0.05924901851418296,-0.09829369646841801,0.0053799106052050405,-0.0727393451754379,-0.10023626609281111,0.012596739427678916,0.19378731996099371,0.2022441478917874,0.11889014017096461,-0.42213142073884535,-0.551185649338459,1.162576207474952,0.6040166879185254,-0.07126569403043095,-0.0984092662312285,-0.11222158861893083,0.03777989281807881,-0.024962886381559413,0.017916298318408685,-0.5487776412357971,-0.6772969877219644,3.188717040147031e-11,-0.006021147102817537,0.005300426675227676,-0.009064371520869585,0.0972890986367708,0.007699923461304319
COP,2016-11-15 14:30:00+00:00,0.02572598862307407,0.021204161443800107,0.039185437030409,0.09685749972150237,0.05279260547380016,0.05552325435616856,-0.1577262683840357,0.0019084545107950213,0.06974813341787023,0.04798454619415349,-0.01821611764511788,0.3368265249398665,0.32861359674777213,0.17367412478173763,0.2875590030767152,0.1606525292814381,1.2904407618510187,0.4220503069428725,0.061874468415344976,0.046588089793948045,-0.009840228452902888,0.16744243167302364,0.025653326985932257,0.024367619110107874,0.5602388911919661,0.8204073501373141,5.504426069719364e-11,0.0027196446839947708,0.023276808570737773,0.027109366303632143,0.10447727268477375,0.012525021547326796
KO,2016-11-22 14:30:00+00:00,0.00024141980345770975,-0.001690725919197611,-0.035849683351510286,-0.02835921113866169,-0.05008222432894183,-0.05445710789787839,-0.006529524321272184,-0.012114689279110635,-0.05457514136828445,-0.0674129272916808,-0.11755954144026592,0.16507631644718176,0.14460684942806637,0.14089522231551127,-0.1717945478128934,-0.3463336939226718,0.8551266483255854,0.640785306624828,-0.050777151688656395,-0.0649021702665951,-0.04754523971638103,0.011244017529927985,-0.0047019732128359415,-0.03672971899771027,-0.4998452192811779,-0.6016145703668744,1.4096536497456555e-11,0.0021757286057701997,-0.0019300803272273015,0.026215930229622764,0.1064474820422025,0.001036283453511209
PG,2016-11-30 14:30:00+00:00,-0.005201598114837225,-0.0036319510794067256,-0.013969508583928203,-0.051293539701943835,-0.04946077934946835,0.021700467498901865,0.1147027063391457,-0.0030887169305922058,-0.08787349099844288,-0.06825076466714641,-0.03281498841439756,0.18915935339220846,0.17357576965446506,0.15773605289233422,-0.27116575935629433,-0.2849520958364711,0.6428539261167093,0.4017707905335091,-0.07480910501005626,-0.06153999518261302,-0.07670415153016119,0.005609325100878637,-0.02292814847853797,0.030674824675500645,0.627491090417095,0.751523983498552,1.3267399183760685e-11,-0.0044642721495558035,-0.0007270669041469224,0.03657995129649905,0.10153397906796435,0.002200159317568234
AAPL,2016-12-08 14:30:00+00:00,0.009769577955543784,0.02373659493904512,0.007969684045430192,0.009499454441129984,0.08870079592344515,0.136692404006026,-0.008734079913234272,-0.0013904255088652562,-0.040893020667977176,0.029260742012878094,0.05676565664887345,0.20309591272840885,0.1949790078495614,0.16295203172904185,0.04677324281672366,0.4549248501248063,0.6612311149346151,0.3376511147646636,-0.02382161805957978,0.04939718280438727,-0.04697097496650804,0.06881315421648626,-0.020189505294630816,0.07745609932343012,-0.5132936577907135,-0.357179066680038,2.557460444471032e-12,-0.0015308503905170356,0.011365705657029102,0.05039247510910716,0.06848404164568976,0.004751405032615036
CMCSA,2016-12-15 14:30:00+00:00,-0.002001594514078775,0.00934520717577092,0.00028592993692955204,0.04238519059924917,0.06249132330800844,0.12207621264060542,0.19161580971527714,0.002164199047480775,0.004107414294856948,0.001401689424211483,0.02327416976195984,0.15744284882287532,0.1649173615924367,0.0838812998912175,0.26921000805144796,0.37892507316752005,0.8688940396628834,0.48381960149012493,0.009125858916813619,0.009410904541189542,-0.0037069964018983104,0.15199458410590938,0.04590978915094723,0.03255926893300942,-0.0017848450648595244,0.15170844713288098,1.2216204239163251e-11,0.002284840483338435,-0.0042746662125591195,0.03827777630439222,0.07667283641389099,0.002175295636898711
JNJ,2016-12-22 14:30:00+00:00,0.0011268645752684492,-0.0038902518591168445,0.03931094934465307,0.023666630854114246,-0.02188794479660139,0.011890858904801682,0.13714675186356207,-0.004247163006892762,-0.004544093238140867,-0.07115741162887446,-0.10399512630139185,0.13755977728802563,0.14910568644876154,0.06202485307664637,0.17204615564737755,-0.14679483605156085,0.5760769279981237,0.34287706162119225,0.0074150835824452616,-0.050270947893442705,-0.033848080147444004,0.040093849873290344,-0.007973904472999727,-0.002965602389849331,-1.3196102634404498,-1.4247962988022917,9.042410672799187e-12,-0.0026883226478037203,0.0038261081868027347,0.028210724092255113,0.07585987241556831,0.002476837297001059
PEP,2016-12-30 14:30:00+00:00,-0.003434527699883283,-0.006857683565235639,-0.006382830746320067,0.044260777408064556,-0.031434347057294865,0.004906855984033953,0.07507019308651852,0.0013881725476734275,0.02375267527990399,-0.0704425435169096,-0.06969017545052214,0.12076192175926344,0.14557574662279124,0.04546006820259803,0.36651269508858564,-0.215931209604207,0.5510737103881169,0.319328425561588,0.03295930147528067,-0.05293073861584336,-0.03049996806306976,0.056548692897770314,0.002775154919648637,0.000684329847822962,-0.32051515307026746,-0.11219313397413044,2.1166086124111483e-11,-0.0026666414635451163,-0.0007640323930125925,0.020508102128160566,0.07826028381739916,0.002476837297001059
WMT,2017-01-09 14:30:00+00:00,0.0065708738884531215,-0.0059494283122050184,-0.012726064088049327,-0.02713531237567013,0.007277337509471682,-0.061026861134200416,0.10684993771278384,-0.018726231284513783,-0.04181976072540605,-0.05071715052066361,-0.13166735971353205,0.1459267865867877,0.1451295860602704,0.10401325949555815,-0.18595155153047807,0.05014372125646041,0.47175520022098255,0.27540844545580323,-0.03406277724703448,-0.02008186380289817,-0.04330267648359232,0.0268852359233811,0.002279318864185198,0.0005585275127140132,0.203570265693238,0.3402180559938545,1.3346999263982172e-11,0.0010255435946133762,0.005561262530707989,0.014684448349735924,0.07117564476518783,0.002926046379189141
CAT,2017-01-18 14:30:00+00:00,0.005694980958768525,0.002919924493060222,0.0012160326279220257,-0.00451274009626168,0.08395746019548334,0.17442212513969935,0.4944379009609734,0.00176608293607039,-0.010409859109429043,0.012673198574291611,0.11550678247701729,0.13705067318133665,0.23005640609838068,0.05280849796829177,-0.03292752958820357,0.3649429356015411,1.5333500983724515,0.5343575844291645,-0.01355508811521591,-0.025346269373778568,-0.03314098047077596,0.16020702291107836,0.0021033288580243337,0.13575034796349317,0.03166352269182197,0.18580512106075844,2.6270234895433808e-11,-0.00010774720144191008,0.0058196024380627875,0.005897119013167362,0.05758771877169499,0.0030612002584035794
INTU,2017-01-25 14:30:00+00:00,0.01055442357626557,0.035796516297193826,0.033036992290283784,0.02911364679001327,0.09340724138001555,0.060772154397708,0.2703977113209737,0.02362081275555372,0.011397735382981722,0.021264675651106124,-0.007901831694503869,0.10925734799196593,0.14867539391902101,0.06245833402351783,0.26646854719697294,0.6282629486819564,1.1043104923773033,0.6090262339826705,0.009549779941201576,0.013739449098561618,0.0,0.14327256330237792,0.0059433804236797005,0.05448274202199599,1.7968126501704016,1.7666764608656267,5.1282136900850586e-11,0.007494506074628093,0.0030926341361441345,0.017715911407031548,0.06765679333517492,0.008664539685646618
NVDA,2017-02-01 14:30:00+00:00,0.04276177973595119,0.05557495873779683,0.10151603901806983,0.06536395017845076,0.4723248103521036,0.7130312409702442,1.410981960828847,0.06372343374722977,0.047550657667943086,0.3974234644169363,0.6473123116439408,0.31741764731092637,0.6739230616933847,0.1259378532583125,0.20592412152316006,0.7008586546441671,0.9630589583634388,0.11726853410617201,0.04820869924825799,0.4001903981557618,-0.028724859042019713,0.688924014078534,0.04796787295581795,0.5056712611376546,-0.15239909334641505,0.21693726969582633,1.0956737850449391e-11,0.012822704380647032,0.030475751377125215,0.017813292510507672,0.05914358476570336,-0.003300788523782887
V,2017-02-08 14:30:00+00:00,-0.00807665400820401,0.03163887235033691,0.014084183877634437,0.04004412882257036,0.032892382668980424,0.06476923966629755,0.22693734284492795,0.024392455242132627,0.027761222176167166,-0.046440754176467536,0.0038134191730119227,0.18524755659124642,0.20166480689019076,0.059038088726935015,0.21616548989592763,0.16310422813084474,1.474771237897387,0.49474335373220857,0.02192965138267628,-0.08410584576286366,-0.011501093551338215,0.1280656843794683,0.03187739225346431,0.008153029349176277,-0.3018360164611771,-0.23115891113831002,8.55048895672764e-12,0.00023293835707849375,-0.008275136231484126,0.012282906646403191,0.05898492878227296,0.002175295636898711
BMY,2017-02-16 14:30:00+00:00,-0.01372287570668096,0.05237963761408393,0.07218238822787226,-0.03244564494592783,-0.03686033502127195,-0.05795786396159697,-0.12932864188196813,0.03463652141922102,-0.06714603358722915,-0.11573561898013285,-0.14164120720010454,0.5399274828223937,0.34313885411100054,0.7329946174334696,-0.06009259757685025,-0.10742104713489588,-0.01695412756727756,-0.003211430732328843,-0.0318573301302691,-0.03552307339512818,-0.09728949337601989,0.15933354663512533,-0.07720674888702905,-0.09033591743535418,-0.5435411240387203,-0.5673894483328467,2.7585779371317443e-11,0.000908431293584977,-0.01452438317283622,0.034700388641301316,0.06010319336374926,0.006694127727563379
IBM,2017-02-24 14:30:00+00:00,-0.00165305013968986,-0.00044122822703851483,0.02309347260705774,0.024893033840088563,0.11658078972256547,0.14811702308716512,0.33397518940704174,-0.009126720371896546,-0.006317143404430681,0.039443976978759565,0.05364950738062024,0.09783942369024706,0.1359606158519127,0.0459007859457722,0.2544274373375114,0.8574600003985302,1.2912210124776882,0.6044145444441472,-0.015406202821187681,0.016980116272206566,-0.0018165919749618675,0.14368583342301688,0.03650307638872219,0.08607938080743582,0.1261739179424584,0.32991149130666253,1.2835585364854814e-11,-0.007927447768382723,0.006325911496515291,0.031210177244519244,0.052424168849396935,0.0023453120229728337
NKE,2017-03-03 14:30:00+00:00,-0.019214357205695087,-0.017141183016226247,0.010368298325770908,0.07021601705329283,0.13106490573188045,-0.006950299828841988,-0.06836600550921368,-0.0244284549012046,0.023570092914362295,0.04609758695428168,-0.11070760392411882,0.18786773076671046,0.18491589107547868,0.09754194549564688,0.37375240956354217,0.7087811921928472,1.1623714282559303,0.43418883878710574,0.01599612758960637,0.03230132204928604,-0.023408738394920747,0.12716350470483273,0.03883624721773371,0.0024645145831443394,-0.04096219734455354,0.13748936019674204,2.0487568562399527e-11,1.8108182731069178e-07,-0.019031115718707525,0.04664592413893054,0.0687855177582227,0.002476837297001059
UPS,2017-03-10 14:30:00+00:00,0.007806971783544725,0.007523935349397881,0.005166316493236067,0.01299729306523112,-0.09798056394732324,-0.005865786287122532,0.09576266102889974,0.011229626350888644,-0.022696522964004373,-0.16064173497269785,-0.10091811468166334,0.12854648672654242,0.19680731162454293,0.09381960500554332,0.10110967165427341,-0.4978502228323947,1.391604195452589,0.46046015963005155,-0.03667437107276587,-0.18518011243820676,-0.10495338723616376,0.023299723903263736,-0.029800876710094237,0.012240501025204686,-0.40727472874564463,-0.3114681137861429,2.4566361884254716e-11,0.0034937421408851588,0.004328660283323682,0.03569381602923549,0.06930868573787906,0.002175295636898711
BKNG,2017-03-20 13:30:00+00:00,-0.004064477436696912,-0.0009512054991969165,0.02015700798619413,0.06830331482425755,0.16213509393971748,0.18992926078311267,0.2725859506450776,-0.00127165039055388,0.055119935670753684,0.10835420713174493,0.07505874009134317,0.20052161098223353,0.1483290700436306,0.047585184136516454,0.34062819707901365,1.093076993552416,0.3945823100158573,0.1673652526000215,0.0631013866240531,0.14091410738832633,-0.004814023788724642,0.20420700267224468,0.05198473853998187,0.10743622050982582,-0.6450888467071741,-1.0124156803890516,5.8399466731016165e-12,0.0004907287359836587,-0.004544727135544879,0.013183379153503871,0.07270336169415369,0.005335054171052354
HON,2017-03-27 13:30:00+00:00,-0.0021663326587422205,-0.015936310873033932,-0.017753229884979405,-0.0042481015366755415,0.06816231718749499,0.0874445560379078,0.13626818801089247,-0.002135750271657244,0.0050545720560553065,0.028538902128675048,-0.0014483258531852172,0.11240661494147362,0.09421632215997658,0.03921324895753414,-0.03779227351421788,0.723466121631848,0.9304562020650862,0.6711562486069634,0.004407628803467973,0.03129446489901684,-0.021611067782018156,0.08135995740660129,0.029725873594904417,0.06081608753220613,0.9296504580719935,0.891596182614168,1.706920394185377e-11,-0.0080147947591368,0.0058980787965008385,-0.009302673592730848,0.08418177323526017,0.0018195771693148752
NEE,2017-04-03 13:30:00+00:00,0.002722987770605201,-0.018320687068707375,-0.009048298576334712,-0.0160301895837609,0.08229723030522873,0.06627555877979496,0.11049186233658093,-0.026219276542584158,-0.007338833579928483,0.026529369659622937,-0.02850049832542556,0.13631459971327634,0.12881446494641358,0.09658608699164833,-0.11759701174693502,0.6388819014965759,-0.3569066804246883,-0.18539598981622327,-0.019132192603477913,0.10220115232263852,-0.030722611672793443,0.09596194211827558,0.026401766729742926,0.03877406433163544,-0.24974638141175196,-0.17058200964701767,3.2202947319300445e-11,0.001012892566218504,0.0017120717581273759,-0.008691356003832418,0.06892343233682409,0.008394747404232612
UNH,2017-04-10 13:30:00+00:00,-0.0032577862118365886,-0.0006641484086200578,0.005332133349823742,-0.026830450031805952,0.025283445322926923,0.1990489297517568,0.286798026547638,-0.0005713834522653727,-0.021752020073109612,-0.01761484739401542,0.09815614900467917,0.11606635352705569,0.1386758036627004,0.0594895073911331,-0.23116475375054865,0.18232052495923198,0.81940078412059,0.38246137426652965,-0.022669180541548678,-0.009867449366770233,-0.03667476857273699,0.05378032064398108,0.011408875829952203,0.09659036698643786,-0.5305140143361442,-0.5249298475262985,1.1572332831593156e-11,0.0010241489249644964,-0.004272258879844504,-0.00507842995869634,0.06798333947653401,0.002476837297001059
BA,2017-04-19 13:30:00+00:00,0.0030873411027103614,-0.0009527110597433719,-0.0016803689275111111,-0.005534253276090695,0.12797475019996085,0.3024031744995588,0.32867942735690114,0.006069327981992778,0.008732742976557795,0.09435797865780415,0.19750214133621036,0.12585840452116104,0.16031546433900914,0.06377297030454838,-0.0439720596899844,0.7982682814013538,1.3915610630383808,0.5959599232658949,0.014319143195609431,0.08119495985683889,-0.029960536702210994,0.1399808457408669,0.005072785963703419,0.18083634242059365,-0.6597164343672764,-0.5644301807060413,1.5364139074263526e-11,0.0034857429989667565,-0.0003922638194747696,-0.01426699625264849,0.057401791150330526,0.0023453120229728337
GS,2017-04-26 13:30:00+00:00,-0.0018991258494427399,0.055023200380333925,-0.006785195874240202,0.0031879586250482816,-0.04508414846975839,0.2616533858879375,0.3240950733660446,0.033920111399597275,-0.017448694704416567,-0.08762830545101163,0.14696666317777485,0.24467354488488874,0.21731977779392816,0.19913719015390183,0.013029437353139738,-0.20745534036257432,2.1962082079231786,0.7165838724731807,-0.04213442880118761,-0.13851997523115897,-0.105539977715706,0.05656512710394068,-0.05068930631751822,0.15903346861954137,-0.20491498225954535,-0.07589853053424471,1.2124458510408953e-11,0.002073947611267668,-0.003963052099826281,0.02063665332946485,0.07294711761015941,0.0018195771693148752
MRK,2017-05-03 13:30:00+00:00,0.014723986787566812,0.014723986787566812,0.01568121726705618,0.0025176831153741475,0.03152967457509437,0.0951394311466669,0.1745694261260322,0.014130384914234018,-0.010813982613546713,-0.019756559288924613,-0.03104814865251937,0.10176640724800258,0.11499532752786663,0.055723808884904844,0.024739825090204934,0.27418222333819464,0.3237033539814263,0.19625574150354252,-0.0017978217952367712,0.014928148660235618,-0.037410878495177324,0.028114475602081246,-0.017066105761820882,0.03513373005194076,1.3785481707047478,1.3531293716462571,1.2396512622506729e-11,-0.00318939970979637,0.018079982662796645,0.01333166572892086,0.07248023300334909,0.004038050201799243
TSLA,2017-05-10 13:30:00+00:00,0.012251109301219643,0.044644659621621674,0.04738137610005744,0.04024946855089384,0.21585207836418974,0.5207242006096164,0.4436519450612759,0.039088845394875005,0.021269223638871626,0.16625644738162837,0.3917954327816071,0.39209149158522055,0.3910387722162116,0.2592143972062531,0.1026532567390478,0.5519966144043682,0.7876165331638957,0.1382901775743312,0.025300313854685234,0.17678973942962886,0.0,0.33456439462081633,0.08529464978863333,0.21769495002378547,-0.24149261378831635,0.047373078833195,9.38941136277968e-12,0.0009337553764066087,0.011382078089527514,0.018980244912022215,0.071632009899047,0.004038050201799243
AVGO,2017-05-18 13:30:00+00:00,0.02764464518860743,0.028034114752395034,0.06187735044991083,0.10659577473059567,0.13696295828209593,0.3663717658317709,0.5182482193922349,0.03896965533576946,0.09232463126163282,0.12377543191227769,0.27430895550309176,0.2363382291164358,0.1983449963808168,0.2029697850211983,0.45103060613219526,0.690528930808675,1.7128950033357664,0.6610448167833592,0.08215080439072134,0.1143741102568756,-0.012547923054668564,0.13604250468727486,0.023816779364982388,0.16934939716015673,1.7628860630289263,1.6553493027690926,3.047225020227967e-11,0.0017304554196575506,0.026254416473707964,0.014271143468962855,0.08577703074334843,0.0151504692453501
GILD,2017-05-25 13:30:00+00:00,0.0038795690830863983,0.0020154054508121355,-0.03276035940888544,-0.05514268892851648,-0.07237792665606024,-0.12858461732215343,-0.2669310635548032,-0.018746508022366104,-0.06907265688992092,-0.09764187435419869,-0.23098537776409778,0.13020003976387678,0.12372151658281755,0.09745163853231667,-0.42352282709375555,-0.5850067850373578,0.49009885931921193,0.30889264533383715,-0.06196975033675397,-0.08475975860481813,-0.08034024163340603,0.005137457433540993,-0.007842280713036276,-0.07009179215711991,-0.7983532611580878,-0.9814629281548177,1.7970361468919974e-11,0.0029541617007569076,0.0009301947062709814,0.013929967961404444,0.08061710031337375,0.002476837297001059
META,2017-06-02 13:30:00+00:00,0.01363304668025389,0.010799450922473142,0.039504488901571655,0.01185300396675526,0.11319593075597467,0.2601792095396416,0.25588183128201436,0.0010239753164835719,-0.01125883772730596,0.08544377933682501,0.14745973934289314,0.16781645455925207,0.12397500866585008,0.16496902042106543,0.07063076143448282,0.9130544290670044,1.08598860561324,0.6418468740274185,-0.013246192767732225,0.08305741053352483,0.0,0.11879093148013586,0.026013966022900847,0.10762896468242134,0.1806785179338427,0.41036060707559424,2.2321933760117266e-12,0.0021115778776961136,0.01159034860925301,0.02311184169406122,0.08413428578272217,0.0023453120229728337
T,2017-06-09 13:30:00+00:00,0.007503708080067728,-0.002060649702443129,0.014541685127038129,0.00880353561441316,-0.07205374720878144,-0.010823546742228185,0.02894071623413641,0.0006201758224086973,-0.006071666328049563,-0.10083076410457004,-0.10226173466339139,0.11840644518704949,0.11074370287139752,0.09956064155408037,0.0743501386305957,-0.6506351633596245,0.7204197644566014,0.47218504016609436,-0.001912853865220214,-0.0927852789426091,-0.07519653841698004,0.03550408742913991,-0.021741379282859685,-0.00022530349396410188,-0.03463437000675139,0.11880922227167638,1.2521709775273588e-11,0.0033760937952684866,0.00414185436259662,0.014875201942462724,0.08396420347161775,0.002175295636898711
AMT,2017-06-19 13:30:00+00:00,0.0028755318638147287,0.02900798576185437,0.01037198068247136,0.0383408038829387,0.14188689589667725,0.23675549473737068,0.2333899156348016,0.01881001273033256,0.0006888060119019102,0.10423075080932609,0.14531846284204697,0.09593110720686361,0.11813022993771963,0.01830753245778702,0.39967019040300955,1.201105728580081,-0.06081566423833915,-0.03733689524678174,0.04063063514336634,0.14417697937281979,0.0,0.14494408833615346,0.024274869781663044,0.12401608763917271,-0.3610908078400714,-0.20737387348743175,3.148212741317832e-11,0.002576460352525567,0.00030243061820289796,0.03765199787103679,0.05047531098042451,0.008394747404232612
ELV,2017-06-26 13:30:00+00:00,-0.010678844009844646,-0.024102706495373383,0.007522429459863034,0.039453885737148475,0.15194087275896884,0.2707997915534257,0.4151538877426493,-0.018557839948353916,0.02810866788630939,0.10602903361726046,0.18526453735289738,0.1512643527135378,0.16128957525656357,0.08059264854740375,0.2608273861579645,0.9420377759522044,1.2782963720339577,0.5433978462969913,0.02495133491848598,0.09325193535071635,-0.026944187608615167,0.14704759028074288,0.03964646768026481,0.17987231725944053,0.9850081219476358,0.9394431510600219,2.3072977368480322e-11,0.00015781790587943156,-0.010778144501284226,0.011345217850839084,0.05399335769725243,0.0023453120229728337
MDT,2017-07-03 13:30:00+00:00,0.000675842350395861,-0.003821350049907579,-0.002025007868658335,0.03424694523489702,0.09167990302633289,0.22589994087985854,0.041446881637231314,0.00016969820586520967,0.036668251245820294,0.05765770161427408,0.13610987882219394,0.0769270388659896,0.10146546453947354,0.03946268049430563,0.44518735856396024,0.903557712394509,0.8014057588162399,0.57954193011608,0.03618739381590731,0.06441431488710295,-0.0054875254365363,0.10998593292401337,0.02970926899728732,0.06503915300477625,-1.3595151412357382,-2.0445510782225353,1.225834259664908e-11,0.0005634566182581846,0.00011255074757410277,-0.0024213060109232742,0.07086779195007376,0.0018386962866019916
SO,2017-07-11 13:30:00+00:00,0.0,-0.007795125728364827,-0.05793359618216476,-0.06944408264138513,-0.03761557287743056,-0.0027468131401402474,-0.08337530480501076,-0.007120883611959616,-0.06902936003890847,-0.07105629712943884,-0.07908583010909087,0.1186452454582516,0.0943988066170328,0.09132700175691513,-0.585308601058277,-0.39847508909761375,0.19821702632342467,0.16027529834295487,-0.0693618775603731,-0.04424409379676527,-0.08567025757169677,0.0,-0.006997255147111692,0.021971498224391928,-0.8254422056412597,-1.0360484882591234,3.985434839400851e-11,0.0016920861492502048,-0.0016892278302357289,-0.00041472260247665815,0.08078600197950361,0.008781143989039737
AMGN,2017-07-19 13:30:00+00:00,0.009533248338027711,0.03353997891156357,0.027842633331473188,0.08190035735235313,0.11257640825036574,0.15408746010270935,0.12438009617571932,0.021165074553250562,0.0722547002816416,0.05100760983965458,0.058901890149841485,0.1755025871905934,0.15493076585463827,0.10169226630860523,0.4666618234146626,0.7266239705804401,0.8771351540635031,0.41891076191640747,0.07343981245159086,0.058572250770881844,0.0,0.17095842278607742,0.05160992075529247,0.03873216040563365,-0.3439941574964007,-0.29253138549028707,2.1364466684091205e-11,0.0034937154554977035,0.0060639333829182185,0.009645657070711522,0.07708768439958309,0.002476837297001059
DE,2017-07-26 13:30:00+00:00,-0.0006259068017353542,0.011883761337731613,0.034543735573019596,0.04052739784030557,0.132155576338139,0.17842054758058978,0.5048281691169159,0.009946221252358889,0.023399334137201855,0.08975232682279177,0.0934731410839893,0.18617749027361927,0.19545596906205248,0.21712234131037225,0.21768151338136374,0.6761398844574701,1.0304072240689952,0.36215931314934907,0.022878517266313556,0.0884629617135251,-0.0024973421651032224,0.15941635053066738,0.014231090858739526,0.14902209062734828,-0.18993158811962163,-0.022879464408901908,3.453894635223528e-11,0.0011725947946081838,-0.0017961995433071198,0.017128063703103713,0.06992437637365341,0.017726482976656157
MCD,2017-08-02 13:30:00+00:00,0.01641960498085826,0.0005115153375419013,0.01739342146168532,0.026466748312782507,0.09969701555107413,0.25975649316155813,0.31456303385872886,0.0005996904557727945,0.005435811472136898,0.05797554302729058,0.1667487867737556,0.22248116535082085,0.14876327764210576,0.07886969539153864,0.11896174793514878,0.6701722167679373,0.7222182632124114,0.33323722995686206,0.011277821634001515,0.06956500612628283,-0.01559006327110779,0.09844330467016915,0.013367064002409945,0.16410518370460392,-0.19769901597222572,-0.01845058965396888,1.6986007956426333e-11,-0.001816734433222389,0.018405319541229925,0.02103093684064561,0.05483694361774954,0.002476837297001059
SBUX,2017-08-09 13:30:00+00:00,-0.014409903644711175,-0.02645931849393479,-0.07074599071870047,-0.07005564752178461,-0.11662270523506546,-0.01855238643806123,-0.009072603514044708,-0.02544679909063019,-0.09074830707553083,-0.15177584412879774,-0.10330115631435488,0.3810292110346805,0.24396004335909657,0.42732975193089495,-0.18385899425282723,-0.4780401889968632,1.1326419510426915,0.31851804985623833,-0.09349302181100191,-0.15643862505693712,-0.16396789302034864,4.80860221485635e-05,-0.0367818566214938,0.025277612264565263,0.3210754063799242,0.6759661660927231,1.4887442507223387e-11,-0.001650696114210315,-0.01267680732572618,0.020692659553746218,0.030611701262277222,0.002476837297001059
AMAT,2017-08-17 13:30:00+00:00,-0.0306030540029818,0.02560342321339837,0.009788210660537366,-0.0899829740578384,-0.01591680506136539,0.20859412966823232,0.4691830606818628,0.028510402693294967,-0.07407597703780988,-0.04730746298308519,0.16401594537669428,0.3114543095053358,0.290557222229456,0.22620429919609517,-0.2889122780184129,-0.05478027680480689,2.4194626110778215,0.6130726791354392,-0.051496589513353085,-0.09186532824010028,-0.0912537700253776,0.051450872719722485,0.0035895586305498828,0.15359359720379828,1.4660342621709685,1.3416392088578442,3.588147626919556e-11,-0.002923982582621054,-0.027295349631962562,-0.015906997020028513,0.08553605972445118,0.018888637022019802
CVS,2017-08-24 13:30:00+00:00,-0.029021720392125694,-0.04537986802864413,-0.04854349689505266,-0.0377451839226115,-0.0009187567276995878,-0.06479091581770913,-0.22993643186285695,-0.049090436623704825,-0.02361121541227096,-0.015258069771301841,-0.10439417655944982,0.15569687251835357,0.17593804743454552,0.13299466106897037,-0.2424273738585346,-0.005222046857382535,0.6213372111386166,0.26343383535950043,-0.02896322334607548,-0.009828305503855,-0.06608885514677376,0.0,0.004327021655051944,0.004616009137735189,2.814152994869343,2.3409828461825635,2.1885780816060047e-11,-0.0054117095834037565,-0.023319121581110824,-0.014133968510340544,0.09441358080243524,0.003761372222366418
LRCX,2017-08-31 13:30:00+00:00,0.005982195341370566,0.04409568323555213,0.04636483962456861,0.09095132246836579,0.04743831599986281,0.3425815950817972,0.5901000212379501,0.029961714725211586,0.0908631473501349,0.028740510051909585,0.2961316377146943,0.3286670560799117,0.3111330615436883,0.20516882540780904,0.27672783379375876,0.15246954394527332,2.532282842378305,0.6051461062761189,0.09072803812934502,9.018280774183984e-05,-0.014019346154865109,0.1916143265231729,0.01823969254912794,0.17352825939378325,-0.3279568201625473,-0.12361034387574081,6.337186457286632e-11,0.0038182169936689103,0.0021736081047416533,8.817511823089319e-05,0.0987182218166011,0.019577220646233073
QCOM,2017-09-08 13:30:00+00:00,-0.0147975369272344,-0.05162572617921812,-0.044810141154913996,-0.05013018118335699,-0.12811554331012553,-0.1458044840599504,-0.19549238706302807,-0.0476581336935511,-0.04726328321922546,-0.14552658229726356,-0.19199253994287702,0.19647506549826219,0.18665024518049098,0.18914939274874612,-0.25514780237495527,-0.6863936513249027,1.5064580395530045,0.6132506424121985,-0.045811319696712906,-0.15434454296927042,-0.12879986814336908,0.0,-0.02328955128597121,-0.060648208798672276,1.3162869968011772,1.3593089980921151,2.566794855076815e-11,-0.0005957185992728764,-0.014101273206206577,-0.0028668979641315318,0.08921894496635872,0.0015428991898820512
ADBE,2017-09-18 13:30:00+00:00,0.008251182883906694,-0.007036817976898924,0.004568464715044129,0.049615495057873105,0.10424124146440139,0.2096414043031496,0.4539680553434229,-0.01409007955369912,0.01783435922214771,0.07872144557799299,0.14646546332939003,0.1171328231337845,0.16644272335885543,0.044062606377591344,0.42358319154661067,0.6262889681254145,1.4127274317950893,0.6529711427212932,0.004717412649137893,0.06818872576186076,-0.007012117544719643,0.12542446463908385,0.025025085623290755,0.14767324897339473,2.0300846567024107,1.9393886152326099,2.4941559645810185e-11,0.00336584242029514,0.0049029726593898815,0.031781135835725394,0.06687383927892489,0.0018195771693148752
CRM,2017-09-25 13:30:00+00:00,-0.02636089076090542,-0.034751929918912516,-0.05511967714045696,-0.01800492066361059,0.04829796046586399,0.12493229757504842,0.27283320454692106,-0.032064599279022055,-0.04338815726438483,0.01992062867232658,0.05064312663980264,0.14842846892855344,0.15743121259846543,0.11311209678879357,-0.12130368785436521,0.30678770536469063,1.275620970149333,0.6153361838221915,-0.05038430956182029,0.012099240953142285,-0.05362811790470601,0.0739836594289982,0.030309583073779178,0.0900840020729361,1.2905391929536962,1.0593476517552893,1.5895617208613498e-11,-0.0007373372297445613,-0.025297791254582536,0.02538323660077424,0.05803602397381597,0.0018195771693148752
LLY,2017-10-02 13:30:00+00:00,0.009424653447159592,0.020001915653615754,0.045368672896019646,0.060385533076360964,0.049547041143027215,0.035043528543535096,0.09916569596796965,0.006840096379561622,0.03597444571187314,0.004016841819662886,-0.04450887219188804,0.12033870837800091,0.15796656679821955,0.03911539547126175,0.5017964202065511,0.3136552382398531,0.9166014024551474,0.4088332836687732,0.038010296162616294,0.007813996589169064,0.0,0.12041022231060428,0.018198300283458924,0.0191707452474843,-0.3250595884355931,-0.09371023213949532,2.9019159688939293e-11,0.0028056599005950034,0.006644902109545825,0.024411087364487827,0.056323179706617106,0.005750653156559509
PLD,2017-10-09 13:30:00+00:00,0.004793008875882965,0.01931234622120348,0.012572678493835365,0.020116265568927538,0.13653228009893148,0.19358089777032195,0.29534115802228156,0.012688776014812664,-0.014885984487618131,0.08370426845277112,0.10731216187215331,0.12427425958863898,0.15649736858148852,0.06227641920426249,0.16186992894195884,0.8724254045705492,0.8453871900904392,0.36595627714291734,-0.00947418825321852,0.09187215577531899,-0.005674924301372286,0.13414174992139416,0.02443927139262314,0.12815705109645958,-1.4112078455512491,-1.9635657125853672,6.39359814168427e-11,-0.0007751597056913084,0.005584001915488024,0.03500225005654567,0.03522698998607643,0.008781143989039737
ABT,2017-10-17 13:30:00+00:00,0.007840267853115979,-0.001277022708311204,0.028959285024074966,0.06052191412144925,0.11274528053105426,0.2439942366104213,0.32783673211649855,-0.0046921890873856675,0.037482696503244206,0.07383192409715233,0.1435120817658082,0.17490269570034053,0.15759104743668997,0.0992066275022224,0.3460319115100489,0.7154294762610047,0.9519520292045481,0.3959907118739446,0.038589684158513785,0.07570163191064147,-0.0012762076617935936,0.15125528307518588,0.04105920285811315,0.11236740505422893,-0.39140793589068845,-0.24134446808400395,2.9601666200411734e-11,-0.0007322699739489291,0.00860965780193279,0.023039217618205043,0.03532553460923831,0.00817849077076867
COST,2017-10-24 13:30:00+00:00,0.0015417525809278132,0.024387889289324782,0.033967073066484055,-0.0002467385456368376,0.06810487638640161,-0.03992216008297422,0.11619016195227516,0.020262618069911476,-0.03009855802314565,0.027003788818459107,-0.12342649716626397,0.26344724256738045,0.22453430296704338,0.3185516661231207,-0.0009365766869764471,0.3033161324859921,0.8815216430850676,0.26120228549095803,-0.02656176350052923,0.03187337814092569,-0.028611045093565934,0.07242475157967565,0.00828842814193953,-0.01512613621473391,-0.2650571691385313,-0.14066386039054657,1.5039540694150874e-11,-0.00543058212099623,0.007011600887881997,0.029851819477508812,0.037266583413861264,0.004038050201799243
KO,2017-10-31 13:30:00+00:00,0.002612854999722636,-0.004340540818788874,-0.011676014447486338,0.02599810826689586,0.016443593852402127,0.07571328480357442,0.11438530110797807,-0.006460052756214196,0.007188596126015856,-0.026865180771196595,-0.009316962343807855,0.07066080651790176,0.07942783900466863,0.02038659726504973,0.36792826954655966,0.20702557262618718,0.14435998003509398,0.1263051099285461,0.023282767469768564,0.010191540012395032,-0.013728604542736833,0.03001774411848257,0.007314679914150357,0.04803600006096986,-0.7735435280285695,-0.7806673791847817,1.2038407697912454e-11,0.0013079123281189986,0.0013066501683063336,0.018809512140880003,0.050706497124856274,0.004038050201799243
PG,2017-11-07 14:30:00+00:00,0.010749486846862943,0.007384949200201163,0.0,-0.049948337732294235,-0.047774880792402996,0.020929419123551618,0.03564306536372008,0.0008002149088008892,-0.0687190139581837,-0.0986809091107066,-0.06512974808848426,0.16218557996107982,0.11963836421589898,0.15616408532322176,-0.30797027543558736,-0.3993274323459372,0.09720300767773177,0.05628622343546226,-0.051772903917595585,-0.052723099853869894,-0.07169769085988875,0.010807470157965682,-0.02164289883938708,0.024300137062697624,-0.20525761237951912,-0.11388125966620544,1.1601550879904543e-11,-0.00011643709791675505,0.010925179352060388,0.01877067622588946,0.046674699229343725,0.004038050201799243
AAPL,2017-11-15 14:30:00+00:00,-0.013278043134629769,-0.03788628264553617,0.01662566879631866,0.05585362824085349,0.07225206956581598,0.11045292637445403,0.4724689399336728,-0.027285880031924226,0.05215311118772403,0.013731199058756083,0.020541397945674333,0.2278842347921766,0.1736718683205479,0.12467101082642172,0.2450964995090173,0.4160263274905272,1.6594052101040404,0.5021929951911484,0.04971297096281162,-0.024857767853423085,-0.03717757571509106,0.12711943230358735,0.038517698315688964,0.07173622134549862,-0.13422693013955145,0.07522906799411275,2.1016691912499302e-12,-0.007995932686721052,-0.005236214527725935,0.0037005170531294596,0.053569941523000986,0.002175295636898711
CMCSA,2017-11-22 14:30:00+00:00,-0.0002745456108548261,-0.0209273082017134,0.005508069080538913,-0.0024686206417676715,-0.09336027909594913,-0.09425708804043564,0.06998080196164569,-0.03396140583272267,-0.015077964106493091,-0.1612046786389576,-0.17644080062704637,0.2185820889551324,0.23623672401865464,0.13486064792957667,-0.011293791973387155,-0.39519799253809856,0.9861165667969467,0.2167336943863729,-0.01490290312876622,-0.16026276544970097,-0.11192282801903897,0.03584632772532381,-0.015702605058335095,-0.03601644396353365,-0.896368150485344,-1.1163927073947784,1.4240738215139189e-11,-0.0008236942887723808,0.0005496390966996945,0.01260934346472542,0.05917965212979448,0.004038050201799243
JNJ,2017-11-30 14:30:00+00:00,-0.003438973996056305,0.020855005031462426,0.007757224789349593,0.005531197569416335,0.057349499958816,0.0811417262733185,0.2502670237340494,0.0012265954890624542,-0.024587043500283734,-0.0159893406162519,-0.010894920249702622,0.08980316521102727,0.13267762929103202,0.040428277481560866,0.06159245675159274,0.43224694521047174,0.6716300931264426,0.2809327013402025,-0.014697119485030972,0.008092927633597813,-0.023929523964558497,0.08274686630570516,0.013869972119691099,0.05608251297207989,3.4072379664927572,2.806830308330073,9.026574058625576e-12,0.0017882745909127973,-0.005212021562872704,0.03011824106970007,0.06513947302245086,0.002926046379189141
PEP,2017-12-07 14:30:00+00:00,-0.018419025155118618,0.0018008331494856478,0.021149866713755294,0.06203329376374267,0.021497345752627517,0.020678063363002153,0.154558061494515,0.005011423823128247,0.041710377659085474,-0.05259849663446481,-0.0708288180112282,0.1286850482142736,0.11886835759461697,0.09721386564311005,0.48205517754052496,0.18085002760735577,0.2565296873419981,0.11607018358508493,0.0568198624495373,0.0024895624717247537,-0.018250431607738204,0.07716108585444359,0.026963367437627728,-0.002935804145414056,1.632420247657713,1.3351565108052905,2.196018416153778e-11,-0.003195817664351841,-0.01510287999405402,0.020322916104657196,0.06857935701984771,0.004038050201799243
WMT,2017-12-14 14:30:00+00:00,-0.006465068411085184,0.0036103649476224575,0.00422759438741549,0.06945881624667605,0.19454138777893748,0.26689417435075136,0.3341155126990554,-0.0025547707844282286,0.03896613711746477,0.1304476623244315,0.1708762506738708,0.3874225894080956,0.25350820697085386,0.10163595918041554,0.17928437356426546,0.7673968038490531,1.353685382514039,0.2762909816089622,0.028181322235771834,0.10777864852030476,-0.019856261081728666,0.24957647492532442,0.06641889933595246,0.14404062481237978,-0.25976297128807657,-0.11746235848692195,6.9276582186807636e-12,0.0024551597517243895,-0.008877578698281652,0.030492679129211275,0.06519827243797505,0.0034517812328470994
CAT,2017-12-22 14:30:00+00:00,0.00715223936606435,0.05993043635945483,0.0794114958506782,0.120925750349552,0.23134000651660358,0.4145997837110089,0.5333562369409757,0.056320699378333394,0.08636923034541777,0.15432232357023512,0.30920476897110305,0.1905048975674781,0.17486374903380475,0.0909856113579448,0.6347645225588979,1.3229729306094244,1.2583062789004518,0.39492225597302466,0.07744306425140082,0.13442817247882388,0.0,0.2583647163995457,0.040876644400938966,0.2120116922599704,-0.8728729688279233,-0.8115571308167719,2.0989971859186805e-11,0.0008406063423191945,0.006331948698911738,0.03455652000413423,0.06589962264395215,0.004779630597867279
INTU,2018-01-02 14:30:00+00:00,0.005939727226709657,0.001387198861888983,-0.005842110231760955,0.009495517079597171,0.115880850821382,0.19208040098999302,0.3367844006157945,-0.003741398322698153,-0.010561190566724221,0.046896389964480534,0.07756574080972722,0.11750534592965381,0.14324478503308818,0.05474693233392108,0.08080923471585534,0.808970817294428,0.7651751157130108,0.30142696561903953,-0.005851376514498829,0.06309565800280276,-0.014956854801444597,0.12199123697962011,0.017275939896541637,0.11638004423698867,0.41629408082944075,0.5657713960058203,2.6125763205059238e-11,0.0027884337781192148,0.0031601567184929014,0.020056707646321392,0.05830072639590841,0.0030025721506590167
NVDA,2018-01-09 14:30:00+00:00,-0.00027059295986009424,0.10734500489562415,0.12802385902186497,0.14496359200712217,0.18063969767995958,0.35489500222943904,0.730853053702703,0.08647870626610588,0.1008299950576399,0.09741250839993065,0.21883980130324976,0.3373807478764629,0.32970852791446953,0.15373547528723738,0.4296735747950941,0.5478769348872279,2.421765069812179,0.42089488260741675,0.03808238850969668,-0.020917002177061106,-0.00027055635288697477,0.19207193890453955,-0.016675807346049454,0.24123939505599346,0.14158817925341602,0.5706436531095128,6.420451490041805e-12,0.0009906990341463917,-0.001260007099217142,0.04413359694948227,0.05816476192913002,0.002476837297001059
V,2018-01-17 14:30:00+00:00,0.01312088542573786,0.02380976009570901,0.06319486014987685,0.07717768984881346,0.12072192883500321,0.22656386247092364,0.4132570678903571,0.005586120428096919,0.020985588963769786,0.02457272344407091,0.08688117490029601,0.11442879532148707,0.15469345869060303,0.07164472213760596,0.674460389379991,0.7803945290049719,1.1868163643281575,0.4798417256307164,0.010487984972464878,0.006610478459895652,0.0,0.14180650436300435,0.024952038480392735,0.10825638106271906,0.7513902784161114,0.9555103161060091,7.031841101130231e-12,0.006728343776600365,0.006435696602075325,0.05619210088504367,0.06544519449056317,0.0027010304905566687
BMY,2018-01-25 14:30:00+00:00,-0.003771236985183446,0.026965823075824957,0.024059121071001055,0.04767720285608368,0.004495519602522258,0.13894297796835797,0.27513951942718906,0.01249521359468364,-0.00964879927399176,-0.09999634599641283,-0.00664997519851962,0.2263047084568018,0.2033985207258723,0.3149291572754812,0.21067702559615345,0.022102027027920402,1.3797890153195151,0.428986026534986,-0.03142058517517754,-0.1396812087411315,-0.0037641348017946052,0.0666800115654651,0.004720030912570561,0.05944494761745345,-0.12241501609475636,0.10944999454316659,2.3274141850484698e-11,0.0037640886830501152,-0.007499992846647707,0.05732600213007544,0.06286303785138485,0.002476837297001059
INTC,2018-02-01 14:30:00+00:00,-0.010230638053002394,0.05057561645255504,0.06884325861505092,0.016931904145550014,0.05229891762788075,0.2761299697475126,0.2939356032866449,0.056740553650782566,-0.02910056360171076,-0.04390849883540149,0.13661377866063162,0.4383986342081364,0.30585020054334183,0.14822799602446837,0.0386221644511587,0.17099520462949477,2.363771919648033,0.5394410303244719,-0.09187835050752875,-0.1751134718699097,-0.04852233653170668,0.12117675713028264,0.007765409499230325,0.15880674420153795,-0.6236451587977138,-0.5702502538507579,1.0081653959089505e-11,-0.009139861489274481,-0.0010482020185635932,0.046032467747260775,0.08793829056548351,0.0015428991898820512
NKE,2018-02-08 14:30:00+00:00,-0.04902648661629616,-0.07934088646621795,-0.08022743575006253,-0.025281575605491824,0.12826527355681083,0.04907618116920265,0.16150701904351683,0.00927035582657787,0.0381634975695615,0.1272538336777247,-0.0028412870281870894,0.3247201594518203,0.23027113551969952,0.2727132744402275,-0.07785650157406666,0.5570184611602692,0.896265206919649,0.5743122040811568,0.031582036031779614,0.1273587551842949,-0.08399295594367917,0.12441776445470287,0.03163921311055429,0.12407324454422808,1.9336888708573126,1.5676558108190837,2.4829442924127642e-11,-0.0015238607361025558,-0.04639092259307653,-0.06344507317505332,0.24237381145420622,0.0015428991898820512
USB,2018-02-15 14:30:00+00:00,-0.003804190493825299,0.045483475301804965,-0.04193943069546169,-0.02225490399524377,0.06674431438726769,0.052811294855613866,0.02118030225192502,-0.012676250411094436,0.0012540831345222436,0.0035685215027787542,-0.05832335306229197,0.25229204009971257,0.18423616083972366,0.2633943586377295,-0.08821088444347287,0.3622758642117599,0.8152064219152529,0.6930685517910448,-0.0030902267143354846,0.015243002318244367,-0.05179837763736428,0.07129557866809,0.01237933048009876,0.048199363700249576,-0.3489460805986461,-0.3134636032127895,3.0545562770871414e-11,0.005242991480345571,-0.00899280600315755,-0.023508987129766012,0.26149604126294074,0.006954193560742764
BKNG,2018-02-26 14:30:00+00:00,-0.0007239558280929259,0.010890132866165025,0.07666737580002358,-0.022842050819328996,0.07996453332387077,0.0484515886813659,0.15524465711984892,-0.006727033646629188,-0.003723148312039015,0.007200913696951083,-0.09215643048856226,0.26528483054836227,0.19456036059122378,0.1997978375749217,-0.08610387096809449,0.4110011570747356,0.7256762205879687,0.5980890297948946,-0.008967917906048966,0.027161704836707157,-0.029190828457070217,0.11082379824966893,0.0073982606532649875,-0.0038216604885373817,0.23175728619097044,0.5274507037857921,1.2772999903982483e-11,-0.0005611658434605538,-0.00016261924820648588,-0.01911890250728998,0.2669863280010853,0.001036283453511209
HON,2018-03-05 14:30:00+00:00,0.0024944947967329156,-0.05240362486763139,-0.031647407656221205,-0.06748380528313991,-0.0440995057393474,0.08139458965762714,0.1825570373062062,-0.03183305862758523,-0.03395927373403129,-0.07666414958382095,-0.024508894761914313,0.26780454577703283,0.1864702558697532,0.24031031301241348,-0.2519890209008072,-0.23649619363503355,0.9543482972526242,0.8537741675643272,-0.03548972568305622,-0.07517751814295888,-0.0955103838132706,0.021994783627603987,-0.021494145680687637,0.08001611530329567,-0.25467505838778876,-0.2300806446283969,2.564358896029703e-11,-0.0038477928367651737,0.006369911574384934,-0.033524531549108616,0.2677613322918302,0.0015428991898820512
NEE,2018-03-12 13:30:00+00:00,-0.0027163011387760783,-0.004072380153773203,-0.0016824497365934832,0.06787905860369836,-0.017122945470355866,0.05395626085171701,0.19850460092858002,-0.02698915544344338,-0.010124427429659022,-0.0758149552781422,-0.07883159134316164,0.1991006991373719,0.19308479608199486,0.10327167196945439,0.34092827849320806,-0.0886809620322694,0.3986779974680689,0.35086763412282845,0.03678078499639095,-0.04052215840790038,-0.023582154691605517,0.07023586483151956,0.005620132870876704,0.026785262677959,0.08232057550543644,0.23639733238337512,4.0702432890035354e-11,-0.0007101756926130021,-0.0020038627328392566,0.07800348603335738,0.15219255589108638,0.008504466009606915
UNH,2018-03-19 13:30:00+00:00,-0.012408923940952832,0.01018256258986483,-0.011382857046631223,-0.0009957432819120982,0.020334871017277045,0.13382295259878063,0.2968756830897483,0.0354601459010091,0.00443807970877419,-0.0069144197473143265,0.04247993637968328,0.2008852630790719,0.24432306921422905,0.097055326239091,-0.0049567761549544655,0.08322943503729024,1.040284690525763,0.7355944545666089,0.004656979586325763,-0.008012148992812423,-0.0912581734866641,0.04312616472089448,-0.01347606050745398,0.112846527193875,0.05933420507209093,0.141877313426377,1.683535152805964e-11,-0.0024139051992015936,-0.009942345396060426,-0.005433822990686288,0.14857691142004256,0.0015428991898820512
BA,2018-03-27 13:30:00+00:00,-0.024151549208187184,-0.05013574594683412,-0.05321139158886723,-0.12390921250994058,0.0894247103263579,0.24350708208002292,0.6246212414132,-0.010797923563897527,-0.06340111118699276,0.11172571202652026,0.18879040083381682,0.3216842761009453,0.34610754495120377,0.2475377439231463,-0.38518890015953894,0.2583726117238083,1.2533650969397934,0.7066684799809361,-0.04807047022966125,0.1173760074841364,-0.11935059723568076,0.09424973657072355,-0.009933782360457277,0.26191729669478536,-0.5799146877605214,-0.6933548668535984,7.578477803337879e-12,0.007721241719897076,-0.031341480927475796,-0.060508101322947816,0.20186637667737745,0.0015428991898820512
GS,2018-04-04 13:30:00+00:00,0.008108110383829192,0.021446116775885926,-0.04098983823282687,-0.040723792289334426,-0.009197919489492001,0.0544837852929172,0.11105029827308055,0.009276906647290417,-0.012955467335028281,0.006062469266661985,0.0007597131921697198,0.2957321698489788,0.2946506621551934,0.16847824683135654,-0.13770497917129135,-0.03121635438459469,1.1998806171304388,0.8353586570305933,-0.007405117406483003,0.009112725188892452,-0.07593824476293698,0.030009074250157086,-0.006387450550965346,0.08035343183139698,-0.17950987611006305,-0.1561301113969774,2.2588324039439686e-11,-0.019434906586704548,0.028122535569507612,-0.027768324954306145,0.22226975602474303,0.0015428991898820512
MRK,2018-04-11 13:30:00+00:00,-0.005146569703764925,0.02998265400367206,0.04457337154500518,0.023766400333799176,-0.001912598865690729,-0.11793215397310952,-0.07533929541096107,0.029941417383891,0.07441026395799444,0.034172851900200474,-0.16507389248724724,0.27218747355361794,0.2557686832058819,0.12730907195719018,0.08731628984798764,-0.007477846160513621,0.6372922896685478,0.5290442512890501,0.05604134414052425,0.021084380676625727,-0.08665271701139277,0.05570695942869608,-0.005361351619230459,-0.06054942732581148,-0.8526525033644684,-0.8844410566592061,2.2076546576275116e-11,-0.0076116475830591,0.0024973074025227415,-0.05064386362419526,0.235225891570572,0.001036283453511209
TSLA,2018-04-18 13:30:00+00:00,0.019482988949146574,-0.02551122407304085,0.022093326004024583,-0.06662422801925061,-0.16841926069309654,-0.17827948807165983,-0.023248979074329323,-0.050420440668605515,-0.06616716430176428,-0.1390193868551579,-0.2450288196246535,0.70927514774558,0.5109669713137587,0.40439965537030953,-0.09393283866072945,-0.3296088987123179,1.3342106564980967,0.5558611913938387,-0.06601440873668171,-0.12919363571881923,-0.17925683841456697,0.16187419658646252,-0.07880972056348734,-0.048356810208221024,-0.8944824210736414,-1.0009795783103859,1.112646160896063e-11,0.011783508594581438,0.00779861731772713,-0.0004570637174863279,0.23915032764920507,-0.0021952406906264074
AVGO,2018-04-26 13:30:00+00:00,0.006181802354596311,-0.05258106381179184,-0.038357042885467596,-0.05877965283071873,-0.05611146614614437,-0.05107967756638798,0.06815192728611397,-0.04306232565213941,-0.08088949683917779,0.0014056936756343674,-0.09805438334354433,0.32863352309631094,0.35708956355405147,0.19175102271564537,-0.17886079386214193,-0.1571355532983841,1.0252945296239815,0.6185346572474076,-0.08144875494343137,0.0028605631786336252,-0.12684389116578787,0.02497325670181416,-0.022685863154485286,-0.017879667889916018,-0.4101779543009055,-0.39788470098132633,2.229293073673606e-11,0.008733725085675825,-0.0025108469107293363,0.022109844008459056,0.18299411011458322,0.0015428991898820512
GILD,2018-05-03 13:30:00+00:00,-0.025593897465955973,-0.1254065260641637,-0.1326870395021542,-0.14550105891910992,-0.24036771390655964,-0.1257817848062528,-0.002402042251357983,-0.11120485733812924,-0.141240024072939,-0.17481382255697397,-0.15643530991994936,0.3411547727469732,0.3195865669633634,0.3534141003830921,-0.4264957448712722,-0.7521208297034424,1.1008443660463458,0.7358685972719439,-0.14081032271517552,-0.168203081941954,-0.20672536046134793,0.0,-0.033648595986171315,-0.007260665375202868,1.5865799827758287,1.7939194415857387,3.355771042371719e-11,-0.004186674556047487,-0.021171112088416932,-0.004261034846170908,0.14475755460554793,0.011607781041872128
META,2018-05-10 13:30:00+00:00,0.015590026430575499,0.06404645403036202,0.0632420601924375,0.10930296051797317,0.07816690507248314,0.02887175393142183,0.21064972822072559,0.028813580976619235,0.07837235893018235,0.0198766810755302,-0.03042990994461725,0.37556675011646884,0.36739416461647484,0.1874703224848909,0.2910347108312349,0.2127603337251752,1.357893960312024,0.6486772859073525,0.06730248343309453,-0.0009850380382142587,0.0,0.21882783916579562,0.0075755827570529455,-0.025691299714006077,-0.39022901774636365,-0.1889444184613202,3.05904478343229e-12,0.0026824863116674535,0.012994840092542814,0.030930601587790818,0.1178813739076494,0.0015428991898820512
T,2018-05-17 13:30:00+00:00,-0.011520991189217344,0.001567058713789482,-0.0003128942117092137,-0.0977840009616533,-0.12861722393340758,-0.018331617547471257,-0.08979273218868888,0.0014871022234035358,-0.1038853424442654,-0.12882767870784706,-0.08171786520639968,0.25019557694194433,0.19803071331421193,0.24994910925385688,-0.3908302543027897,-0.649481192997234,0.4735618296074866,0.40162925399831956,-0.10067336339721913,-0.12871688728144076,-0.13148746451083426,0.016879061534172513,-0.04586072867818547,-0.026023478739663375,-0.45173224336596535,-0.6393002537004869,1.3652407116727039e-11,0.0024770474709601142,-0.013897501407816093,0.006101341482612099,0.11056558342937695,0.002200159317568234
AMZN,2018-05-25 13:30:00+00:00,0.004406755128004036,0.02247216879637115,0.004506608960240577,0.058959975823014155,0.056334883054954155,0.331223192818924,0.48296937376081583,0.019347641677000205,0.03720863017553899,0.07298179472196775,0.2751064848590179,0.11818731032989824,0.30646618922807584,0.07015045791690194,0.49886891967029434,0.18382087497759517,1.4609058522097784,0.7784031472246918,0.02718330767318,0.08065445373051355,0.0,0.17358722273936644,0.041361615232250015,0.20927861138374237,-0.6773853430485474,-0.601253909619696,1.1059460766289007e-12,-4.368981954216977e-05,0.004460363843966864,0.021751345647475162,0.09122074220824404,0.0015428991898820512
ELV,2018-06-04 13:30:00+00:00,0.016743645619296643,-0.03125069482146703,-0.029010306516826567,-0.024255067833390598,-0.026503478528725033,-0.035991708447356,0.19630952182528993,-0.04112023646774965,-0.07007762385318284,-0.04029667474804022,-0.08234954851114473,0.25285396645247327,0.2572312257186581,0.2049608806577223,-0.0959252020986177,-0.10303367507066473,0.830199141982966,0.521152115949542,-0.0622969145244885,-0.03795457819520319,-0.05816463531994753,0.04456713629402853,0.005714687161900933,0.0408101917227599,0.07047776465514272,0.2126276804929464,4.3815176868987533e-11,0.004785250967829446,0.012041732405875472,0.04582255601979224,0.10143514551096261,0.008504466009606915
MDT,2018-06-11 13:30:00+00:00,-0.006790726630825361,-0.010683063514584035,0.003354735260326258,0.010564838037957713,0.04449933511120019,0.08346325797300036,0.023450178145299816,-0.023979468750853883,-0.013321250164361587,0.04032650894528533,0.020598421999299177,0.16558208249212011,0.21616653492828328,0.08137652184428232,0.06380423460648578,0.20585672581541614,1.012121370799315,0.7415337270768156,-0.013610782296407043,0.0402759285720472,-0.014118579856048363,0.13115585514668604,0.04065589632527011,0.022739418705222114,-0.48470519077591534,-0.4682242228582983,2.6004806120567833e-11,-0.003097071361003234,-0.0036820539723844137,0.0238860882023193,0.09545866881608954,0.0015428991898820512
SO,2018-06-18 13:30:00+00:00,0.003146123085308261,0.039588477632410246,0.014463220337637583,0.0353960261196149,0.022865588384367808,-0.1179572364014434,-0.09501148596491849,0.04224945818512893,0.014250874960400228,-0.003923840539972634,-0.1719959560903752,0.15220165939265012,0.16428135684506273,0.10520877460288758,0.23256005394987295,0.1391855340343508,0.1707585867880552,0.16149234653155137,0.0317853099902476,0.018291063360388382,-0.02604288140974076,0.04828585920934447,-0.006829627914502923,-0.03754088756421892,-0.5969262705693799,-0.5422413515782629,4.869398420674764e-11,-0.0009002464631245877,0.004054974264092737,0.02114515115921467,0.09228518764576041,0.008504466009606915
AMGN,2018-06-26 13:30:00+00:00,-0.004162815350772675,-0.008630634550629956,-0.0025973779491765825,0.03500599309807484,0.08328554523435905,0.06048920029628224,0.08973347867143211,0.005789298546106991,0.03272874176634666,0.03714710424669665,0.0366517610087822,0.1518016196000078,0.19833796799053255,0.08899081525820585,0.2306035547599193,0.419917306192905,0.9345657404177466,0.6028890821663958,0.03287775202112099,0.04016613897100383,-0.010294669050682992,0.12023285407011075,0.03886898400667338,-0.0007311809992303075,-0.5815629038885564,-0.8182555325384973,1.8095091975979613e-11,-0.00010798270010159428,-0.004046617109915274,0.0022772513317281806,0.09656525602711037,0.0015428991898820512
DE,2018-07-03 13:30:00+00:00,-0.00653879225901477,0.009178678768590132,-0.009478987085390855,-0.0725316283362174,-0.05273842308699361,-0.11038921455258421,0.13302341946013385,0.011801330611138638,-0.062316686179114456,-0.084085002103512,-0.1264754048129486,0.2442475694609738,0.30863957336351105,0.18348474278385196,-0.296959468199771,-0.17087382059357337,1.6756187172004309,0.6119294122639451,-0.05541528006265596,-0.10526333760727409,-0.11359938710348871,0.04591980016866848,0.0020396371336661723,-0.005967965512256979,-0.9543170044740105,-1.3480243358784074,3.421924743197284e-11,0.004533810341852185,-0.01100139298860714,-0.010214942157102946,0.0807478562336713,0.008664539685646618
MCD,2018-07-11 13:30:00+00:00,-0.012529814563650099,0.013583513045086093,-0.014333443880851782,-0.04842353855811066,-0.022990338278652267,-0.07725798369268322,0.04816522374170695,-0.008675791683517176,-0.04717149589334113,-0.07655498540399286,-0.09473718005213261,0.19207157555829962,0.22409086466574682,0.14371985819855337,-0.25211194533785986,-0.10259382198798946,0.831763900594524,0.3752669244806721,-0.047382134667551194,-0.06754347810559481,-0.06407827840935398,0.023647713379991053,-0.004749671962886892,-0.006000204764821326,-0.39074603811303726,-0.2803826413810649,1.625384065095706e-11,-0.01077063025316738,-0.0016993157164805206,-0.001252042664769526,0.09624039178912533,0.002200159317568234
SBUX,2018-07-18 13:30:00+00:00,-0.002538601937720486,0.019943069601571217,0.0476469557436463,-0.11214116921690342,-0.14599825206858608,-0.15989715241682756,-0.10888243546247223,0.005076993268742669,-0.12841618343768113,-0.18951975893119055,-0.1740187854414934,0.4000625418803375,0.27308519086094984,0.42601513717451095,-0.28030909539750387,-0.5346252999230772,1.072057115781464,0.3851635158935649,-0.12958891402173267,-0.192655793190173,-0.13409479769143418,0.053769940427861096,-0.07612036100430297,-0.03401267755294335,-0.3239173270518342,-0.15843481646113097,1.7197247319494705e-11,0.0011697378592319119,-0.0037007913162818706,0.016275014220777706,0.09832617013331141,0.002200159317568234
AMAT,2018-07-26 13:30:00+00:00,0.025986798648360843,0.010656540416554616,0.03209770357412145,0.010656540416554616,-0.0640287675595097,-0.1614917005306853,0.003902409721511013,-0.0011697558903027705,-0.03186958269455564,-0.1305834876498233,-0.17052926079922015,0.2712020819375226,0.3192126348690299,0.1873442100407862,0.039293726436103044,-0.20058343738737075,1.363239695530465,0.391222162564942,-0.04731675870552641,-0.15475880391154415,-0.14715454908881975,0.05290201114824411,-0.04992114954951343,-0.08048845720376441,0.5044391455057863,0.6674274206926998,3.0690591498937094e-11,0.00087051533983451,0.02543474280150404,0.04252612311111026,0.07625213088561189,0.008633861568423327
CVS,2018-08-02 13:30:00+00:00,-0.004848503823890127,-0.03935322685166032,-0.028768295684225453,-0.0036599052909185303,0.03152536643139259,-0.19616003321877296,-0.1955165721131542,-0.03592794701759594,-0.04538340041051292,-0.04580574255089109,-0.20793725085147097,0.23887736588014274,0.3040396892707595,0.1887398782633615,-0.015321272810563794,0.10368832604390012,0.8762033166339455,0.2626234353957174,-0.040218170096267374,-0.03623240773786546,-0.10966532639884452,0.05854661858278565,-0.0011215641774795504,-0.02772998753418454,0.03680042185801876,0.07867911020794913,3.300381172604972e-11,-0.004992773226498937,0.00015678722691725433,0.04172349511959439,0.08203016295762668,0.008781143989039737
LRCX,2018-08-09 13:30:00+00:00,-0.02953426425268546,-0.014048009508340176,0.039978010662900854,0.08615904859441548,-0.0951827423405982,0.13649086479705286,0.18621269842580368,-0.023678115047843118,0.057064752663921414,-0.14691108380864204,0.026472299332056082,0.36094569961573414,0.32526795332974306,0.14078775737013935,0.2387036296211345,-0.29262871231616816,1.3712647505876374,0.358537786556637,0.04626306614176362,-0.16611599360208748,-0.10353653466265356,0.10307906195354088,0.004974625106430208,-0.06126604316836226,0.3864345476760126,0.714453153990104,3.2281269912452464e-11,-0.01757729650723494,-0.011731298006019797,0.029094295930494063,0.0641691069661622,0.012415302941952493
QCOM,2018-08-16 13:30:00+00:00,0.0012175083840406664,0.010394740183813589,0.01516959618060687,0.11255063775060092,0.15423195379448496,0.02626673627008591,0.2482442963382896,0.01387564832803978,0.1018033262971616,0.10606447696105326,-0.022111195337785272,0.283377379719125,0.2250725700341902,0.07381092865272605,0.3971758009131063,0.6852543327294658,1.1575311583427497,0.4559441822073521,0.100110289874831,0.0984765985410352,0.0,0.1919523310113107,0.053017950652205936,0.0019018115796709534,-0.21610524499324385,0.007143228923349292,1.479471288503248e-11,0.0027407604014908493,-0.0015183491220859269,0.010747311453439323,0.08189634533946179,0.002175295636898711
ADBE,2018-08-24 13:30:00+00:00,0.017396476141025907,0.06236129393076517,0.030320106460966834,-0.0016047034929105308,0.07110925231804366,0.2091790181600075,0.550451810849582,0.05346462218995374,-0.01655321143344768,0.011357369934668071,0.1660740474436455,0.25181154401771527,0.22637215314289574,0.273659300018188,-0.006372636723905071,0.31412544047834573,1.434468475875307,0.5551616387687598,-0.02304786689498278,-0.01460293933511772,-0.006307723438461421,0.10026092992389368,0.0024160539621518318,0.1474619303522775,1.4394788017838613,1.639123477429262,1.4905942874601265e-11,0.005175045027237424,0.012309926680206251,0.014948507940537148,0.07233780783010196,0.0018195771693148752
CRM,2018-08-31 13:30:00+00:00,0.0035430397278259917,0.0024919333260262633,0.0514724484955531,0.07859186648957461,0.1406300990414362,0.2202330127426455,0.46932256869351097,-0.007000886850520693,0.05072525853842613,0.08125493812779627,0.1470646556096904,0.16376498508015336,0.2102433180428821,0.08902594004766409,0.47990641254055927,0.6688921215215634,1.4502381881713604,0.5411311079089819,0.038178647464019416,0.05452197325565605,-0.013695287065775164,0.14874679066891217,0.02371272731011187,0.16255526152475208,0.4969955178756112,0.8628764093006294,1.3455286057269647e-11,5.382201573311818e-09,0.003549318311055538,0.02786660795114848,0.07140719700066274,0.0018195771693148752
LLY,2018-09-10 13:30:00+00:00,-0.005715982950044385,0.007261750176137838,0.006126555684778268,0.0460704987636138,0.2201864730237082,0.30982240446120457,0.2756106681617432,0.01493960204958622,0.03551184822541664,0.1817855692197865,0.267248674491368,0.11013191309277329,0.1577826719850894,0.05132233414797588,0.41832106126046115,1.395504780426814,0.6222709883916643,0.307705578243705,0.039500156857127676,0.19629070465850862,-0.005699677800945713,0.2638255071644888,0.07545644521273709,0.14722466996597317,-0.14398375996674223,0.016667496084329093,1.8736947931528335e-11,0.004390964813417497,-0.010046528660518028,0.010558650538197156,0.06847162483201727,0.004779630597867279
PM,2018-09-17 13:30:00+00:00,0.012152886254523043,0.024200904750571794,0.03047202231099888,-0.053109591591606,0.017411102482929763,-0.2118788757112675,-0.3217981469679936,0.019790167955138216,-0.07155988706946292,-0.028061518669144192,-0.2841409257876819,0.20610116006727233,0.1950092623441492,0.12259190737955857,-0.25768700949703915,0.08928346414747691,0.0612452915077415,0.02479449786432218,-0.05423958531655131,0.014626118544849902,-0.07531086880489157,0.036798048637857406,-0.029548051127830433,-0.09416880589572296,-0.6332123658445504,-0.5886023611635397,3.089045584928431e-11,0.002646775128113177,0.009554967657566138,0.018450295477856926,0.057515276870379696,0.01230557063911025
ABT,2018-09-25 13:30:00+00:00,0.010582186100380753,0.05392136639722622,0.08073568761259331,0.08827137408663521,0.17617090922257317,0.18972672675105695,0.3354714929035425,0.05007529147770917,0.0727602096362645,0.10318511372055506,0.07060249026137644,0.17025337897124354,0.15884625461477403,0.0977636878487359,0.518470614915341,1.1090655530394091,1.0076940977236029,0.46651556545276784,0.07264086522117648,0.10262355387752764,0.0,0.19895118066215178,0.02839864389481006,0.07664989356451724,1.4392218528688259,1.5510219096043791,2.17972906492889e-11,0.00419941774313215,0.00641203091934317,0.015511164450370707,0.05853806606706648,0.003472299606151821
COST,2018-10-02 13:30:00+00:00,0.0072188632150966825,0.01457574637556025,0.008498173447755164,0.013717517226626619,0.1344946726518721,0.2475423243761563,0.365015473481769,0.011260808224935914,0.004384234802178533,0.05557128715668114,0.13727235986444697,0.1474424736028954,0.13254665064413182,0.12836078550305088,0.09303640186864881,1.0146968784067614,0.5065748496298,0.2686565878723821,0.008989511085909374,0.09451407051237098,-0.03218531765640109,0.1329098325263609,0.03257589329268695,0.12996326118944146,-0.7586353551769309,-0.8215732217431124,1.3071850042708269e-11,-0.002343768356706799,0.009611276983256145,0.009333282424448086,0.05607644875848694,0.005335054171052354
KO,2018-10-09 13:30:00+00:00,-0.0019381332832892895,-0.0025832062238548836,0.01542358016147638,0.015608894938855311,0.0435691004615677,0.07045833903980236,0.05564229136478849,0.011999810866568428,0.013180777731382154,0.0014880367854033238,-0.025187371761702604,0.11510536339215556,0.10619529055665469,0.08467839810713694,0.13560527918822468,0.41027337684361614,0.3157904023136804,0.19977842179961713,0.014842118829042593,0.030280304433484152,-0.005360096137347781,0.04968803140472566,0.007335540525196915,0.040219439209783214,0.3393427466755871,0.528609901423544,1.539600480397442e-11,-0.002151366518616138,0.00021557398148464024,0.002428117207473157,0.06357593460262127,0.004038050201799243
PG,2018-10-16 13:30:00+00:00,0.010922320142342734,-0.014582536855051842,-0.040520769832764536,-0.03921611800482516,0.025086829379571185,0.05354886624626154,-0.10622533522088506,0.01052847219292019,-0.012122489368892708,0.02298285108420739,0.007923381088293269,0.19133437671658177,0.13659141269222533,0.14549178096054013,-0.2049611715249419,0.18366329833704917,0.5391286165014454,0.4520528018259557,-0.024609167482330954,0.023952514472042632,-0.05604753512434557,0.03184313432962638,-0.002354978557772891,0.04323158256056847,0.4776858975440325,0.6209570281504118,1.6867343996923655e-11,-0.002745487094388599,0.013765466446956198,-0.027093628635932454,0.17625060755072913,0.001898617657465886
AAPL,2018-10-24 13:30:00+00:00,-0.034903556463036445,-0.02796541785694373,-0.0058869956139879775,-0.03247623957466361,0.10561759728001485,0.2771996473081111,0.3291809591869508,0.027448180962918123,0.058966925525815395,0.166601089989586,0.27162841992736864,0.3276777791150848,0.26432552600671266,0.23073847196650302,-0.09911028957278646,0.3995739604707441,1.3064088994063876,0.6463792486073845,0.08698592510248976,0.18528697487268317,-0.07316745234734812,0.13656132958812806,0.006708591481239479,0.16220142980332275,1.1428380536369285,1.1004089068515088,2.3375498248568495e-12,-0.0005834480925753782,-0.03373768894760365,-0.091443165100479,0.20240882475945077,0.0015428991898820512
CMCSA,2018-10-31 13:30:00+00:00,0.011338152968696225,0.11137960576721317,0.04669476342338408,0.0661126729247048,0.10161785418037361,0.21812486072777126,0.07771978556520942,0.09103660751923437,0.14052777792782933,0.13883306880790158,0.17800896637301555,0.3845343447712654,0.2882263879647786,0.21534399030673285,0.17192917569958788,0.3525626327898588,1.4199652646631737,0.710488694395477,0.1717795371954044,0.1544621662684482,0.0,0.13275884170326435,-0.009750879680941793,0.02880780634951563,0.15288891614273634,0.5532055733833517,2.3698187356205055e-11,0.006629402192610545,0.004741835713473863,-0.07441510500312454,0.23533015863793794,0.0015428991898820512
JNJ,2018-11-07 14:30:00+00:00,0.015175132843194383,0.03343707642566862,0.051602725669072314,0.0390965415495268,0.10492751433244596,0.1579298260019577,0.06152916382993112,-0.003533477505843763,0.06195807553071564,0.11480228056796449,0.1160762507694324,0.19201365968631556,0.1486137769269979,0.15094219469632733,0.2036133346627377,0.7060416369337581,0.5450092840142098,0.5603415393860216,0.051556289816081055,0.11030935360827361,0.0,0.12520959640831508,0.0011410563991756106,0.06790514774827439,-0.39423279928159355,-0.12731522949295518,9.148487515270649e-12,0.0037176389477844296,0.011530355176055718,-0.022861533981188842,0.22826901894991222,0.001036283453511209
PEP,2018-11-14 14:30:00+00:00,-0.004191763807792626,0.008955971309019262,0.037292225033672466,0.08271106355343072,0.029026702480595468,0.1924199903441437,0.03932854661943885,0.04797859786613312,0.11948421504376139,0.07444318712900166,0.1896689981591182,0.20794725374442977,0.1756894745872319,0.10009567594403825,0.3977502085941651,0.16521594448837268,0.16093339790916977,0.14316503287666862,0.08862909177459828,0.03633573167615312,-0.007064809129097016,0.11031800401833336,0.013252740014691566,0.0344396312419466,-0.6107385982412924,-0.43332271452034743,2.1332878171143662e-11,0.0025610842858010407,-0.00672684689246017,-0.03677315149033067,0.20847851902441433,0.00444381191209758
WMT,2018-11-21 14:30:00+00:00,0.00010630561483138123,-0.07525256351989595,-0.1023614487407607,-0.037822800562978376,-0.010668022275050593,0.13386108678658415,-0.0013764573697372384,-0.056140928617577135,-0.006700407319797375,0.05981945423293977,0.15337836738238897,0.230415763108621,0.1776527472728341,0.12002748887262774,-0.16415023023033462,-0.060049858157650356,0.45866861712260143,0.4257038332738495,-0.02354793549258275,0.021662371099331203,-0.10790064985771575,0.009216568961068816,0.03332966147710259,0.07888189075982033,-0.2961331490424238,-0.43056245065552234,1.2752394755217635e-11,0.0021241591682097383,-0.002013570757949834,-0.031122393243181,0.19683945667857156,0.002882599007299396
CAT,2018-11-30 14:30:00+00:00,0.040923454756004674,0.10358497037105696,0.0471625325275129,0.11179376951631781,-0.016815758816925985,-0.10447356341437253,-0.017478909618553473,0.057278965172862684,0.09311809097113422,0.029590385216566872,-0.1174425802945196,0.40352633126397675,0.37945833279321556,0.203203160770728,0.277042068521633,-0.04431516549694449,1.6381171106409305,0.7519889182530936,0.08120082093862285,0.05920293976320619,-0.13705831457067308,0.20767320024510139,-0.05124256620707146,-0.055055947605429756,1.9409491177716482,1.7993184672635312,3.151112327196581e-11,-0.0013820270065704188,0.04321410984741614,0.018675678545183594,0.1887224936398954,0.007501637390864317
INTU,2018-12-10 14:30:00+00:00,0.021161189264004676,-0.03674586028727589,0.048246298448844094,-0.07043316524110477,-0.08098652679946383,0.006121801501857149,0.29341906891493963,0.007331253892727041,-0.008061175674773047,0.0018188795405835734,0.05052630403798286,0.4341459667867056,0.38615418005772706,0.29532121590868027,-0.16223383522921989,-0.20972588406878562,1.6436000520524399,0.8170643106262293,0.03208144005673229,0.055112443371261505,-0.10410618309807973,0.05948360981812306,-0.019234830778157352,0.05193647043311933,-0.6453291904395466,-0.7282112164054321,5.481049841455184e-11,0.002469428563562248,0.018870646658382118,-0.06237198956633172,0.22026228732458494,0.008189575635773792
NVDA,2018-12-17 14:30:00+00:00,-0.019791680275669243,-0.05606681551845982,-0.1294922025933829,-0.31627508410706007,-0.6449801030976581,-0.6116300672553903,-0.25859150605100734,-0.022283446540009688,-0.25914235211939207,-0.523980590983727,-0.5361031762935331,1.007421733855007,0.7606043955365048,1.0325645775228123,-0.3139450673719333,-0.8479836652044467,2.3293933880120075,0.6070635276967176,-0.1831904759759241,-0.36312463962678815,-0.5033050703495897,0.0,-0.21232729075174117,-0.18003227583526427,-0.4431619712934584,-0.5075742690436527,1.0839715274783299e-11,-0.0082621587001378,-0.011429383384692682,-0.057132731987667995,0.2243611854684534,-0.006015067907835624
VZ,2018-12-24 14:30:00+00:00,-0.034642308096413554,-0.05322325408951478,-0.09385228817848423,-0.10901070475820385,0.0018262483877817814,0.08979162418114273,0.04713111611094467,0.02783818072236066,0.010071827139020773,0.2144016483446567,0.22595495191338122,0.25148292763125,0.2213665592553417,0.19935002777936262,-0.4334715910339905,0.008249883785180228,0.18546488421704263,0.17547577946895793,-0.0869250767676128,0.04125152032817512,-0.12530885155279414,0.01108125652401215,0.004613261446181793,0.11007210960509228,-0.6156144106856591,-0.9828629151383421,1.7430993346436653e-11,-0.0043695668804818455,-0.029809821853950647,-0.11908253189722462,0.2421724920551675,0.00444381191209758
BMY,2019-01-03 14:30:00+00:00,-0.14230281733983752,-0.09544647923488991,-0.12556995656941972,-0.16175753909587698,-0.3163738361374162,-0.18828698225083462,-0.2722363016232281,-0.08900863013565807,-0.045747853644762415,-0.1446247242283607,-0.09546125583697007,0.5697349863477233,0.4321489655642402,0.6296082776264191,-0.2839171596829975,-0.7320943964874221,0.9759966792530569,0.542528793043682,-0.0485324713343975,-0.1487472732495164,-0.2807905071886817,0.0,-0.007972881904263152,-0.06919995461582962,4.214744692431941,3.8494242308697615,4.415580352415047e-11,-0.098039377915906,-0.03836315659036571,-0.11600968545111456,0.29219728589667143,0.011320646515622671
INTC,2019-01-10 14:30:00+00:00,0.011391038307328127,0.08753577770279408,0.05003683556963656,0.02819450277586899,0.04854659842628095,-0.04060285421665588,0.13213724853844955,0.029141234580456032,0.041732530924642575,0.1473181501225751,0.01608763380347389,0.4360321261277521,0.40407861308187953,0.32305750979712244,0.0646615262647146,0.12014146964131414,1.3010434992008721,0.8120838280229388,0.04580806629082928,0.17705268366672733,-0.03131869953540034,0.15194716092172111,-0.01161528085048713,-0.03577004826206165,-0.14302008719736828,0.12093491060726762,1.5892408866702498e-11,-0.005415353617988616,0.01696337954622651,-0.013538028148773584,0.30339212334600146,0.0015428991898820512
NKE,2019-01-17 14:30:00+00:00,0.018494121464725843,0.03484728980683638,0.08406279022620922,0.12402658141149292,0.024035549511409293,0.03804915502292516,0.2264153382126608,0.0195444999595642,0.08847845073454419,0.08239330231245923,0.0943029295286113,0.47048361372409786,0.35589711388936945,0.303955191692105,0.26361509262727456,0.06753510656138881,1.0590403166188171,0.704587259062647,0.08637967784417006,0.08583876251499588,0.0,0.1717751993360177,0.001229006722909709,-0.011334851127234757,-0.3125755639385833,-0.10089044827000745,3.208820404998921e-11,-0.0018023432223095437,0.020505498054551596,0.03554813067694873,0.289257282711186,0.009610516574009038
USB,2019-01-25 14:30:00+00:00,0.009388024805831119,0.03204389791379292,0.08233241934661706,0.16847276097249209,0.008138314406154201,0.010209091622623845,-0.0899314529863724,0.02113826938930785,0.040957566959182845,0.03082804553325058,0.0665345579611687,0.14298948750934662,0.2091029586462872,0.08512066857876047,1.1782178110225043,0.03892013034555264,0.6483929277805974,0.7401631841652172,0.0857928109896916,0.022850175602206778,-0.058367896567191324,0.1834959891259953,-0.03532314741901077,-0.022213689379382506,-0.8540962092148853,-0.4802527603274345,3.1735524457191125e-11,0.009039216966778785,0.00038949286000367067,0.12751519401330924,0.17647337246096229,0.006355225151146147
BKNG,2019-02-04 14:30:00+00:00,0.012996678749861879,0.025794817630167444,0.055647141223491126,0.11241311974584267,-0.007275915705826641,-0.08843828075155535,-0.022685452027421782,-0.0049131460530835724,0.004868111290758925,-0.017486917254979417,-0.06143406767318016,0.2485827257818599,0.3129803052898673,0.1601422243691241,0.4522161360660642,-0.02324719984884684,1.0775109467426176,0.7770706122038342,-0.0034678041320374275,-0.018278381652244585,-0.06865283009176937,0.1510114953104802,-0.010288954623448587,-0.08760787325033137,-0.81358395067824,-0.6721243868742137,1.6043609506226644e-11,0.001867355288517114,0.011193245602252322,0.10754500845508375,0.11480186325580077,0.0015428991898820512
HON,2019-02-11 14:30:00+00:00,-0.0008748864950423041,0.003711662014183048,0.055385183255518555,0.0750099454462605,-0.0059436998882000935,0.01664539551993549,0.07950410339114367,0.00856350581421772,0.03071132391354947,0.025667696294194187,0.0581315579378483,0.1281027228906963,0.21638996859760115,0.0,0.5855452854836096,-0.027467538937782275,0.8640904146912722,0.8813960695997064,0.036731931195808504,0.02137140454801508,-0.008236746059349986,0.18945814506950454,0.029950501953237563,-0.03707627127133917,-0.3363416951753854,-0.10490488263750593,1.6508749209839347e-11,0.002557325258964349,-0.003423075235639672,0.044298621532711024,0.1211906582845602,0.0015428991898820512
NEE,2019-02-19 14:30:00+00:00,0.0072009053927781785,0.012813149294999882,0.04000875214974542,0.05477218876905399,0.05347554718123115,0.07155182239183189,0.20935484947559724,-0.013526924165274679,-0.0005637163766594178,0.019724243346237014,0.08321700320524394,0.19555934917428444,0.19817427174286717,0.20399670035389972,0.2800796228884995,0.26984101776145863,0.36608540783293836,0.40400354768495533,0.034514521365980703,0.04111968735190391,0.0,0.10286763486671124,0.013380489584554622,0.04315707404553115,0.3467831129687406,0.6355676544249822,2.100041179862066e-11,0.0004892800476847814,0.0067343192399555996,0.055335905145713404,0.1161613896402143,0.002200159317568234
UNH,2019-02-26 14:30:00+00:00,-0.0061414327566096105,-0.027861329517478772,0.022457137805116822,-0.019095721962930412,0.012473474869810097,0.01250820065652114,0.14669832154484386,-0.033249798670931696,-0.06891446773761167,-0.045777933020955786,0.024744269273745623,0.19234152160793755,0.2611646077804695,0.12330025632825944,-0.09928028957707055,0.047760969511975705,0.961775807662085,0.7801317864168024,-0.06701018641708656,-0.04355132000178481,-0.0815496055963536,0.12896011998498924,0.03400019437266821,-0.0006511767802671597,-0.20188515288307277,-0.16544926738391164,1.0442376954680833e-11,0.00022656465303261264,-0.0063477391852327925,0.04981874577468126,0.09510626610480104,0.0015428991898820512
BA,2019-03-06 14:30:00+00:00,-0.013246543221686835,-0.025539333403004072,0.006879414382193083,0.07189258379634378,0.20719606185497508,0.22331793965353341,0.20458161152014132,-0.01861922165957708,0.052442354201005514,0.19621050925566763,0.2587385310877188,0.17439889445617487,0.35231312171362106,0.09430147336739117,0.4122307312814408,0.5881020293742993,1.4688419777661286,0.854224816580198,0.04332327008952183,0.1910600210481545,-0.03667556520326176,0.45020520551564114,0.11708979287790422,0.061807984858354814,0.2529420823225014,0.40139856147258673,5.327745573037001e-12,-0.0009764996223637912,-0.012194602287822764,0.019450229595338264,0.08609634952608408,0.014708513002302685
GS,2019-03-13 13:30:00+00:00,0.0031481773781312228,0.012806931398144705,-0.004300042853733643,0.0345024586246474,0.10206657155455545,-0.1538057621803004,-0.3114830745033297,-0.0019135622281796216,-0.00452010839704986,0.03228341114892075,-0.1407835162458877,0.1601412340631006,0.30508156639414935,0.0759825857306372,0.2154501857469911,0.33455502658161523,0.9829167624388643,0.6123341601931931,-0.0038534766143728666,0.033475533455897044,-0.02218550170126743,0.26668714164449225,0.024311807174444144,-0.09206124627100709,-1.6065061294336094,-1.7400913120174282,1.4678429900781698e-11,0.00569598508149749,-0.0025284450035740758,0.03902256702169726,0.08976235466005955,0.0015428991898820512
MRK,2019-03-20 13:30:00+00:00,0.0020733881618770766,0.012628530874923882,0.02297589691532398,0.04197663832761567,0.09390753596679069,0.16696575033143546,0.43535841894249483,0.007807731750127722,0.024473345641396804,-0.014479792542090308,0.17957793393648558,0.10086110304032521,0.19464835810107337,0.05581649834423552,0.4161826220642562,0.48244710041698957,0.7457724463537782,0.6919417935403767,0.02892316492176803,0.013075252830971912,0.0,0.1614476094211168,0.0400614625437532,0.0995772090993916,0.7490465737267024,0.9500939582716919,9.666799252276787e-12,-0.0007324404894442083,0.002810037792343678,0.017503292686218863,0.08439894485754734,0.0013129614329440336
TSLA,2019-03-27 13:30:00+00:00,0.02602433313463104,0.00448557897679791,-0.05013551488624124,-0.08047076969870925,-0.07214378224745133,-0.08656246844231097,-0.10146691789681483,0.01067568439527733,-0.08639548781299577,-0.25540244014972835,-0.05724572638771308,0.475682963332421,0.5612674494945807,0.36624919651851706,-0.16916891270388837,-0.12853726385240502,1.2744156355342102,0.3699939394958572,-0.08802132309968876,-0.3056914812251281,-0.20868959856673563,0.05533368950600526,-0.057944902317998204,-0.05790286430691338,-0.40051091253403936,-0.3561719858418927,7.86666850612747e-12,0.0036599125531655563,0.02262321134142331,0.00592471811428652,0.11893053435949219,-0.005214468883096828
AVGO,2019-04-04 13:30:00+00:00,-0.007258579288265565,0.009749150630046,0.017368415062114284,0.11591042051078304,0.27707539857009733,0.2159705528011684,0.28258553891684945,-0.012720525578453046,0.076204257967178,0.11037399797607028,0.22101826411619685,0.32843841640666116,0.2672477006903646,0.09213510736574887,0.3529137114315724,1.0367737415676372,0.93995525561543,0.42747246883526024,0.07858840434760095,0.12038354096328843,-0.012394371842857854,0.30642526166760975,0.03842890662527698,0.1555877982680356,-0.7345258939252749,-1.3587442683548416,1.5268954759089673e-11,0.0018077910391109953,-0.009023777360150587,0.03970616254360504,0.11379002798827671,0.0034971632868213446
GILD,2019-04-11 13:30:00+00:00,-0.016304390921439094,-0.007961076067975803,0.04031315509519828,0.018109044494235338,-0.01612700269411782,-0.12544457988297708,-0.08038235167012697,-0.01155661524820406,-0.010472163603273632,-0.12802939934603508,-0.1385754248386002,0.1911391761839235,0.2117274074068349,0.095184893668799,0.09474271499846754,-0.07616870622294888,0.9735012805113892,0.4815106140499956,-0.00971479818725213,-0.12506412912705267,-0.04423245422494704,0.0707101046368459,-0.00032473932985721543,-0.0551645090916395,-0.5907746047783443,-0.5436896994450995,2.8709078834810263e-11,0.006528083674290475,-0.022553049261124558,0.02858120809750897,0.10556420938331675,0.005172433517024337
MO,2019-04-18 13:30:00+00:00,-0.03274840861037598,-0.02918207655354621,-0.004221430024139217,-0.010374735675991342,0.15854112036128454,-0.08070094257501381,-0.06768559593755086,-0.03539628383387239,-0.04034935192903033,0.05572730627631328,-0.12515700385893513,0.2574350856896629,0.2868591169958046,0.26062920458871014,-0.04030039513921599,0.5526793849944232,1.1437849661456971,0.4066256514192086,-0.044659251112203806,0.040944225498795686,-0.058201885599710845,0.2726725282514182,0.04448220306501338,-0.019903455642586332,2.5803578312395086,2.2532659125929575,4.13042094334542e-11,-0.00035609970390992896,-0.03187323576184764,0.029974616253038988,0.09921440601892065,0.00874358017379763
T,2019-04-26 13:30:00+00:00,0.011144123088994373,-0.04306205650034789,-0.04835534727845392,-0.0021291560081606598,0.021719331735375214,-0.03061153951409512,-0.054480530396237015,-0.05485679065506366,-0.050088611834394836,-0.08198358797982674,-0.1116247281022007,0.20426838932820782,0.1924276289957426,0.23107059139536043,-0.010423325974043114,0.11287013122141493,0.39280134353449214,0.19401942060207025,-0.020967694691888573,-0.01901531445720569,-0.04868206408802034,0.06684392199118938,0.030310337116672414,0.019381377323257176,0.32787054971794005,0.4695422839636173,1.2853958482665266e-11,0.004284931938522085,0.0068919865086769505,0.047959455826234176,0.06352587716963456,0.004038050201799243
AMZN,2019-05-06 13:30:00+00:00,-0.006087452957942219,0.006232967491742514,0.03295879684050984,0.06990140660565203,0.17750275477058164,0.1993522734761859,0.21571181060721223,0.009425006803256863,0.050228457306415564,0.09867341333240187,0.11031193048885335,0.18606888966009041,0.19910733421567336,0.05302371141646843,0.3756748736091644,0.8914927994481127,1.5796692001389259,0.7208487124187745,0.038824654521753516,0.05297847203345392,-0.006068961956245067,0.2281358063109502,0.05453280218049228,0.022970351504250752,0.9209219382188413,1.1367778292942936,1.0268978994449448e-12,-0.022665419916836682,0.016981347328546725,0.019672949299236464,0.0681489181475722,0.0023453120229728337
ELV,2019-05-13 13:30:00+00:00,-0.0268565323144605,-0.02830919441147728,-0.019299601063419658,-0.056165039247118465,-0.14308105385459768,-0.09923016361208692,0.15743945996338482,0.013251840539015625,-0.030681414415633768,-0.18520120414231922,-0.10973891771741418,0.4138486421033882,0.3621036798376749,0.36863684880960207,-0.1357139628673404,-0.3951383590432955,0.8198994355246612,0.2458465296005276,-0.03527102963266192,-0.17761534129971446,-0.1749549398283763,0.10560855318796736,-0.07470077225779326,0.014928007920223862,-0.2503893281406437,-0.004049612483200748,2.4939295704785867e-11,-0.014237248010329773,-0.012438950993283404,-0.025483624831484697,0.12307054138438844,0.003761372222366418
MDT,2019-05-20 13:30:00+00:00,-0.0018255434153875427,0.0027443132119060465,-0.02903650021426607,0.03900583089742238,-0.047464444027190744,-0.039423311408381956,0.045447887558737854,-0.008010360921515414,0.05994898887581179,-0.07399919498805918,-0.09970936620424453,0.12439040385767103,0.14592429550919184,0.06117977715181235,0.3135758843749178,-0.3252675907159061,0.6508906924673269,0.4835449287604983,0.05263753749642888,-0.06473566645455847,-0.061200683326191,0.04064170946028223,-0.010596032641118747,-0.021384207587096804,-0.16683386103822956,-0.08045012363165155,1.8748144822935995e-11,-0.002507766791902566,0.0006856080123942565,-0.020943157978389415,0.13795578371776587,0.001898617657465886
SO,2019-05-28 13:30:00+00:00,-0.0146418581951,-0.009661879559388797,0.0015034123290575963,0.030762668300110096,0.09603757710355287,0.18404224407252645,0.24026295476477255,0.003692774704084467,0.07685521469668855,0.08824594955961063,0.11799920863781832,0.15206075974691047,0.11772044860639645,0.08396512469840171,0.20230510719077954,0.8158104920637771,0.015639789455171187,0.015023355384454136,0.031483546021205296,0.0959157176892525,-0.014535187443353026,0.09723363576866983,0.020302759762664158,0.11174203946512407,0.2551966718909424,0.42328629326053285,4.021874110912726e-11,0.0009202003788439939,-0.01544117884357532,-0.04609254639657845,0.14329039904075333,0.008504466009606915
AMGN,2019-06-05 13:30:00+00:00,-0.0010302404133710752,0.03124831539038997,0.028238123393744097,-0.005704903934367067,-0.039521202518971954,-0.16025268981603347,-0.030503222213411618,0.014718464021180822,0.028827490664893318,-0.06436791976255307,-0.19608495965892203,0.19879901696736554,0.19295777163491945,0.12353751132089945,-0.028696841772127942,-0.2048178841624839,0.9296903218440584,0.600207223297039,0.026399529114665345,-0.0626209550699252,-0.09905923455109222,0.05043451746660832,-0.04596333745277725,-0.05198533005509731,-0.41534539176866114,-0.27503555077976594,2.026479325609746e-11,0.005437354222362467,-0.00643209056548566,-0.034532394599260385,0.1630457995070453,0.0015428991898820512
DE,2019-06-12 13:30:00+00:00,-0.008099089775458701,0.017423637693467775,0.05285468079320754,0.017013558632086756,-0.06582192281925714,0.021906418343971445,-0.03215926228827648,-0.0015977214605049639,-0.0090364408731185,-0.09496950559048667,-0.07702432483289279,0.3625651705908368,0.29590388820485547,0.42392447853564147,0.046925518533292736,-0.2224435887563882,1.3768404822361795,0.5661931826871992,-0.018853135248912287,-0.10595349473801577,-0.12036638212501616,0.10362009465423738,-0.07458895775397822,0.015602409591538802,-0.9053194096753434,-1.3945511351611533,4.03847252972784e-11,-0.004999668061025808,-0.003082122038606916,0.026049999505205257,0.138442397171908,0.009666620054970562
MCD,2019-06-19 13:30:00+00:00,0.00019578328745772922,-0.0018557537217711584,0.02184528883019965,0.0333968758188119,0.10645806009055025,0.13566205956998267,0.231696088680323,-0.018258782192235756,0.0016985219765635051,0.06572824797365229,-0.013455081055796292,0.13515429917918154,0.1161446425370559,0.09781936937294726,0.24710183857737159,0.9165989731862565,0.30139565454988504,0.3186162575643771,0.023843129714373582,0.09418227170788396,-0.0045256302790948055,0.1078393968096345,0.018568771895364655,0.09152127130236654,-0.9958691000360271,-0.9463576579052398,1.1420665532986059e-11,0.0005380452758192433,-0.0003420587784526141,0.031698353842248395,0.13072327249087895,0.0027258941712261925
SBUX,2019-06-26 13:30:00+00:00,-0.010380251792523332,-0.005144074605032856,0.005411471905345522,0.09662971462311187,0.14114504227342461,0.329607337033504,0.5203980183931316,-0.0010497571299756814,0.05567102399244739,0.0983194422131044,0.10352307907090674,0.17441031764037113,0.1553931042511687,0.0841296540233623,0.5540366873384146,0.9083095607980498,0.8217000515929426,0.6145514034730395,0.06297395641871549,0.10595524449436078,-0.015468272280778517,0.13259609864205268,0.03718203058771952,0.15501730776546063,-0.3240922146025428,-0.14432843699633846,1.701890563241226e-11,0.0005933858875573073,-0.010913472894273024,0.040958690630664485,0.1214337074714636,0.0015620183071691676
AMAT,2019-07-05 13:30:00+00:00,-0.015566989512840745,-0.016014570174403886,0.0176628634466911,0.08021332914123613,0.03651314889958357,0.3426820248143647,0.0019183316429320918,-0.03927853182106933,0.022116374004922168,-0.006724360936706475,0.13274311438404762,0.37024504201919517,0.32300572669033994,0.23630410712591637,0.21664929989009146,0.11304180044643017,1.7360993329928125,0.6233092180090625,-0.020648755919831896,-0.03855146308746975,-0.03721517456789836,0.1367281771493123,0.02564373218938698,0.10464669407949034,-1.2803937779416603,-1.264787462157615,4.454480974028778e-11,-0.009625940241643871,-0.005877082422672264,0.058096955136313966,0.08069807406319715,0.013411242662821883
CVS,2019-07-12 13:30:00+00:00,-0.0072714596630381045,0.03501078074809705,0.050059283908734376,0.06998658753234466,0.09777460971939878,-0.11302141502529572,-0.12491471477111693,0.027230412833151973,0.023130623635058356,0.050352271148391914,-0.27234615024821984,0.2138356418212795,0.23309876250845868,0.07672603841932865,0.3272914979759939,0.41945572197471764,0.42317300572373456,0.2107264981715394,0.050158408453847225,0.07770675616785722,-0.007245086562583936,0.10586187684956538,0.009706227131294431,-0.13283328743167444,0.32005722598515296,0.774336013731154,2.5822751055594718e-11,-0.001207441096342965,-0.006044944380511175,0.0468559638972863,0.07867184619176376,0.005006082573001946
LRCX,2019-07-19 13:30:00+00:00,0.0012098087885008546,0.03710868938546241,0.07766077207053002,0.08982312045988383,0.024589092601395635,0.3483962252900148,0.11604529235791228,0.04861911626826121,0.07088061191586092,-0.005108611806486252,0.21588470679716165,0.2923398500810953,0.3357183491057216,0.13356892334902032,0.3072558203575969,0.07324321910582327,1.8007153273144176,0.6286470191962367,0.055713054986877474,-0.02888801891193022,-0.03927878088143699,0.1576792227433852,0.009927080738574956,0.11023723583066825,-0.538292089195256,-0.16774291448154102,5.087031513548778e-11,0.010391753322174013,-0.009086784793743252,0.018942508544022907,0.07778798686724787,0.012132484314065115
QCOM,2019-07-26 13:30:00+00:00,-0.0017264690985303588,0.0029296209088842673,0.004263720064893839,0.0035964480093362283,-0.13224518066984725,0.403386581693995,0.27630885937776206,-0.013170029904035374,-0.035540028822663494,-0.166247801735933,0.2656810409127073,0.21534696377177595,0.3719647472980465,0.16140268459372387,0.016700713798536455,-0.3555314895577519,1.186402537011496,0.3762793789518841,-0.04283516739383987,-0.17258597656769192,-0.1498759874344716,0.1611987790160545,0.04063320945349558,0.1579373632957639,-0.6674005894210658,-0.7009692849294841,1.3187449004520798e-11,-0.0031848421413281924,0.0014645268199957595,0.03913647683199972,0.07560724797979851,0.002476837297001059
ADBE,2019-08-05 13:30:00+00:00,-0.0465184174952622,-0.09148966791033875,-0.09580942581959384,-0.08088750652383858,-0.011701911391271302,0.09583100066023587,0.1057727120162717,-0.03196610521320409,-0.03192947753756936,0.013691557057944337,0.04239512767127174,0.21138416882139036,0.28481106859240723,0.19987077129416414,-0.3826564069335992,-0.041086575213191215,1.623657815456366,0.7648050988204228,-0.0013964201309432656,0.029528392117842313,-0.09930287131089177,0.08234562279868762,0.04191955142847692,0.11227014300277238,2.638598944592253,2.054579027284124,1.3436045134784834e-11,-0.029518855885869333,-0.016418829121179646,-0.04895802898626922,0.1344270792814592,0.0015428991898820512
CSCO,2019-08-12 13:30:00+00:00,-0.01712073455095986,0.0033041263088327,-0.09946420804062628,-0.11722230123630428,0.010958506220188013,0.09254816303739943,0.19023477513089304,-0.010703158689861603,-0.07449118933378429,-0.019216345279783553,0.02025316124970633,0.24136619571776233,0.27077556558469706,0.18694609867740736,-0.4856616349597534,0.040470809086945676,1.499191223388061,0.7260319671095713,-0.05316019330643319,-0.03427936631560743,-0.11214458927732807,0.003309590951130037,-0.004465282045455821,0.10019458264747283,-0.08503250948228318,-0.11980668637082764,1.5085010854614056e-11,-0.0030516901549982878,-0.013965937169077902,-0.04273111190251999,0.16454487100981008,0.0015428991898820512
LLY,2019-08-19 13:30:00+00:00,0.018023327357343355,-0.003873353981390437,0.040126242937543743,0.05794603850686464,-0.026760790699634107,-0.07068164239710661,0.09698526159159293,-0.018582074587474295,0.07445800292050198,-0.06088968867226807,-0.13134529133060902,0.2664703676927558,0.24482516304970478,0.267040429904733,0.2174577196278622,-0.10930571991164605,0.763153336834841,0.4657295456035539,0.07054719924683012,-0.05280637306994555,-0.043845868288945766,0.05965781344965526,-0.00670248866751999,-0.03723819326343092,-1.3469972718288885,-1.3079701427852088,2.5627675694634e-11,0.00479552516109738,0.013327291197043012,-0.016511964413637337,0.21708896659041885,0.002581057347197048
PM,2019-08-26 13:30:00+00:00,-0.04392027369748863,-0.08952754277907449,-0.058101046280496504,-0.10087352572689934,-0.03299057307158204,-0.07945142726309484,-0.0004559963740096151,-0.07447875975469032,-0.05321312747595819,-0.0654253422833051,-0.11967782401876015,0.3101962196272772,0.295686041170048,0.2673620644675887,-0.3251926340305051,-0.11157298106138626,0.617292647275182,0.32915046362717787,-0.07145311232038642,-0.05301231762204613,-0.1239716568868261,0.029400079912946797,0.012484769177958821,0.019406467027875962,3.023627931596348,2.2045149743592485,4.509109521365048e-11,-0.002708770098369895,-0.04037032892632142,-0.04766039825094115,0.23723769018877103,0.009186905699338076
ABT,2019-09-04 13:30:00+00:00,0.0019013383981558718,0.006790919868268297,-0.003792782712034537,0.012665936747574769,0.07165390263465099,0.08839922835223923,0.2476821213106204,-0.017732139736931884,-0.02158417658681433,0.028264863150217145,0.020163471624224272,0.2450638159300007,0.2000653642566656,0.18687551478423536,0.0516842386523216,0.35815246132621725,0.9624986342014326,0.7314257401892692,-0.02029975055801901,0.029892011391571383,-0.05093543278995938,0.055505079394267964,-0.007645909179760824,0.10286745188878732,-0.7968157192337647,-0.8222032995999163,3.645746655555773e-11,0.00523408574930162,-0.0033135950206875098,0.0342501133343891,0.21171769811657984,0.00814874754202308
COST,2019-09-11 13:30:00+00:00,-0.02147464088914397,-0.018507317928375677,-0.0035875398488149912,0.07120495027036,0.12449639602578877,0.2117232235222053,0.18843366203276002,-0.04001747149105572,0.02945196837198516,0.07861856213264762,0.13669780685783461,0.2882925372193568,0.19777718119492937,0.13567088068856528,0.24698853101487458,0.6294780584575377,0.7476393207632318,0.5774903503819474,0.03998877924401952,0.09019632345583234,-0.043027403757433746,0.1217627277067157,0.023484621353252244,0.15239719289811382,1.8335755020638083,1.6562234602810568,2.5049052369699288e-11,-0.00909086867015041,-0.01226634557334949,0.04175298189837484,0.1924945592135512,0.001036283453511209
KO,2019-09-18 13:30:00+00:00,-0.00018474521154177026,-0.002623884461046,-0.02071728451642052,-0.0011620231289444227,0.0663429613499904,0.18992312428333902,0.18928930284371637,-0.005339090035887839,-0.030921489996077245,0.03415295035247201,0.11700330116892266,0.12345975964567912,0.18289560524265375,0.08940368264611086,-0.009412160952518844,0.3627367714055839,0.5917915210889021,0.4906772417404935,-0.01877342329303974,0.04729318577790051,-0.020504155930225476,0.07279024454970551,0.020519285875424842,0.09204893518863799,-0.6749138354536917,-0.6452953928992841,1.2918083453833763e-11,-0.0007378027889033412,0.00055348300301028,0.029759466867132822,0.13720373163263191,0.001898617657465886
PG,2019-09-25 13:30:00+00:00,-0.004784519094850559,0.013173600162712518,0.014327497836237768,0.030537918216669624,0.12077907946671651,0.19207900791779053,0.40848618551554594,0.020285122534915878,-0.007158809302644009,0.0916062733663443,0.12008060175709812,0.15336877409352154,0.18353412120490586,0.1093359154765474,0.19911431383058553,0.6580742516639357,0.6744261775709747,0.5547706717929415,0.0051142583688843606,0.10110417535942327,-0.004773091515786643,0.12919907971326872,0.026287974062332076,0.12829730834226694,-0.43732570321379416,-0.392332523577936,1.1378204610979977e-11,-0.0004045054647867641,-0.004370353883028644,0.03769672751931363,0.09358663561105095,0.001036283453511209
AAPL,2019-10-03 13:30:00+00:00,0.008458663879146844,0.004220496717187938,-0.000633935279006792,0.05410481800796241,0.08189313737846504,0.12845193294765922,-0.022197731448513558,0.026910672321644125,0.06165503937472394,0.1041512743971067,0.10747256013001083,0.2145168751937858,0.27174259750644875,0.13611332325032163,0.25221707131006044,0.3013629005166245,1.4230354152302427,0.8188588803609537,0.06484905040569215,0.1135672546330394,-0.016786377865243285,0.14647255166094308,0.03965272007521681,0.11621233312570611,-0.02787638539623506,0.13605888526878332,1.6104030756421038e-12,-0.0024207609770713345,0.010941787888481436,-0.007550221366761534,0.10165521077079176,0.0015428991898820512
CMCSA,2019-10-10 13:30:00+00:00,0.0027004787872235703,0.00993683465791273,-0.004278981462771281,-0.03714046810310778,0.001528317673008761,0.09054044009694628,0.24801659105406326,4.843067493576214e-05,-0.01796849715664317,0.021678418623618523,0.06326820247654918,0.13606829755211733,0.19974862687482176,0.08823192091440801,-0.27295460273457245,0.007651204901481128,1.0198418096845716,0.83154156159455,-0.017588090557845285,0.022078233091805427,-0.048152492477504305,0.07445996472898186,0.021233690993122112,0.07969191118321772,-1.1634568574688007,-1.4968561955945325,1.2729064224831428e-11,0.0004508901331614634,0.0022522227263599426,-0.01917197094646461,0.13134734835515427,0.0015428991898820512
JNJ,2019-10-17 13:30:00+00:00,0.007371167576719628,0.053627009728483443,0.037257759454198514,0.0432207284483388,0.05145326797053862,0.0044195147428602866,0.024382857745477438,0.03341095849464004,0.044891853735801845,0.03987689080450618,-0.036854566831054036,0.18098043521854237,0.16402201670526997,0.10359651817220011,0.23881436905678638,0.3136973255425498,0.39930013581446283,0.40001147384708435,0.04388800900258578,0.04683081899590242,0.0,0.07406567846394285,0.008445631817221022,-0.020943823049267563,0.3380350721316213,0.5901791729982863,1.052464473799352e-11,0.005844865054791093,0.0015445090051031674,-0.001671125287463049,0.1418611795477905,0.002200159317568234
PEP,2019-10-24 13:30:00+00:00,0.0031960596589080126,0.006767300266608878,0.0,0.02051512869052896,0.056467762235905994,0.10118640329708484,0.25496172832905817,0.0028814111996728897,0.011188842538852661,0.05710514681585721,0.0678211668109503,0.17663023641899128,0.16672328982562748,0.1279370096039438,0.11614732056330518,0.33869150671729475,0.6437468090514172,0.6317002707134821,0.014511361740086921,0.05687807652538817,-0.01703754315758188,0.11610028894408275,0.011495475133918465,0.08083605922628201,-0.8479766254072436,-1.0842769456350525,1.5108022907476058e-11,0.0018188338741349508,0.0013798289493449634,0.0093262861516763,0.13918404530958195,0.001036283453511209
WMT,2019-10-31 13:30:00+00:00,-0.007138050022071241,-0.015569910056214109,-0.02176361431677698,0.009769701318525836,0.07429305232251693,0.14884539752739867,0.15632883379753348,-0.025165372774196282,-0.041722413560612015,0.03395135818587569,0.10792328075199409,0.1210391457341106,0.189873183380312,0.0840526075960013,0.08071522034687156,0.3912772251451091,0.6677102098662885,0.5658346700223041,-0.024612109513882333,0.04735649126417859,-0.024783619607720575,0.1144271332732445,0.015527326445513134,0.10170344245396179,0.7902502621185789,0.7686475778213281,1.2707192019179845e-11,-0.0014394272363695837,-0.005681385355480906,0.05149211487913785,0.10707555866970293,0.001036283453511209
CAT,2019-11-08 14:30:00+00:00,0.0077924458118934226,0.025082375551767733,0.05858117281985109,0.19646146999508218,0.24634458608334597,0.18307649907436208,0.12022797722502787,0.015878977327695054,0.14409242990804927,0.17139453504440283,0.07795159653544736,0.260628982355684,0.27822920711272564,0.08942215958639632,0.7537974795411221,0.8854016033749416,1.4223856973891897,0.7147839721906534,0.12197249638928544,0.13973670546696348,0.0,0.3170276067514335,0.06264246612969604,0.00579300111393688,-0.9548695682747862,-1.0778580033492682,2.2688892571603415e-11,-0.0023805042693703093,0.010227737375915869,0.052369040087032914,0.06350515507731665,0.0023453120229728337
ISRG,2019-11-15 14:30:00+00:00,0.02687037841661777,0.03682162076815221,0.018017863971848236,0.07308475624241062,0.1392616211188713,0.16435696666682986,0.13294461440680205,0.027597100589745516,0.031707247210814415,0.06979577050760533,0.06076221808292992,0.2431300100619548,0.28118437859086626,0.24330380166849586,0.30059948676754067,0.495267986851795,1.3064944735408333,0.5417713463412577,0.01902526936374426,0.048504871195439184,0.0,0.17532703207279776,0.03034748733051207,0.01946382510671807,1.6926769610492551,1.7451785791850742,3.030159359177579e-11,0.008765574631805384,0.018308582474707347,0.041377509031596205,0.055626953011402774,0.007976601440737145
NVDA,2019-11-22 14:30:00+00:00,0.00337222005504878,0.03228582644018907,0.014856751878733254,0.06884372385890614,0.24365723435625553,0.38831715815200085,0.38076515108036246,0.03501254035726564,0.03407881781132249,0.16186931463768195,0.2740944692217042,0.2629726581615586,0.3231084047072902,0.1376436679873263,0.26179042467833913,0.7541036717289638,2.0176332862444752,0.6183219554259388,-0.0012991077758604808,0.07863920511937061,-0.006548087655877888,0.30808818833440377,0.07432398145647601,0.12280837870800965,-0.6475437441236179,-0.7890065215811688,6.238191960435048e-12,0.0043294085743199595,-0.0009473945304192544,0.034764906047583644,0.054127961972593286,0.0023453120229728337
VZ,2019-12-02 14:30:00+00:00,-0.004658811774065352,0.003508640077549696,0.00753328719461388,-0.008469659969744026,0.042896413852028914,0.08522760257686324,0.04999714941364486,0.001235940848358208,-0.035911802528536985,-0.031231425415034764,-0.03006380889612581,0.10719664411515765,0.1112065334728085,0.09294070799247542,-0.07901049552115981,0.3857364537176017,0.42643928179002133,0.37355212309515984,-0.020172067533295073,0.01128539131433614,-0.01785415868789675,0.04131833675537755,-0.0025725127059690323,0.04551984565405065,-0.5149071576742942,-0.46059846501420687,1.1063070379415548e-11,-0.0006638842816176771,-0.003986738795369926,0.02744214255879296,0.059865193521145214,0.002476837297001059
BMY,2019-12-10 14:30:00+00:00,0.013131598711072723,0.07246170199014701,0.10020218173647244,0.06779723732591814,0.24024529195734745,0.2823105610485124,0.2000724573205992,0.05935704612257586,0.052967144626091756,0.19221813011695277,0.18840556531497654,0.18054837369679613,0.16328093238975547,0.10973692895841104,0.375507327691433,1.471361587915705,0.6808781016647122,0.39697522991997697,0.05769975196094865,0.20754464917511561,0.0,0.2723363425573342,0.04730144005992232,0.13649611946877238,-0.22759284885459793,0.004680890858176189,1.1196257505086303e-11,-0.004079478794765223,0.01736853014052908,0.01483009269982638,0.07416958856788673,0.004779630597867279
INTC,2019-12-17 14:30:00+00:00,-0.006956622387056299,0.012468186928617175,0.021699625149742996,-0.011452482403144337,0.10755776678572637,0.20888217863201497,0.22109401366505965,-0.006514451136799604,-0.036040692989980805,0.04326317245475675,0.11239757330352695,0.1610759085581253,0.2355348181224472,0.1195621900202209,-0.07109990876762078,0.456653362942758,1.5498374840690252,0.6371300951088755,-0.04956021283680634,0.007911594468577796,-0.02716489121714749,0.1665388587464638,0.02946103315861137,0.09611686022698951,0.7355061241623496,0.747846360440991,8.091273955380052e-12,0.005199247170746268,-0.012068978670118136,0.024588210586836468,0.07911426282315219,0.0018195771693148752
NKE,2019-12-24 14:30:00+00:00,0.0009994070527206134,0.0049054692682952705,0.03175529010825606,0.07292664692023543,0.10040604568172018,0.1983511404912086,0.39612742826026803,-0.005364330026670139,0.03534192312135698,0.018730129683581787,0.08750241839269801,0.130222211861908,0.162278831717519,0.0,0.5600169577642353,0.6187254654168226,0.695728608464555,0.40306214340287605,0.04677787933211708,0.04358177429926747,-0.009985090422331533,0.1258276769737634,0.033212488878647806,0.07586191214984073,-0.8887127562095436,-1.1248203253071392,1.3587030625334051e-11,-0.0020988304322204776,0.003105254461144291,0.03758472379887845,0.07483508166401001,0.002476837297001059
USB,2020-01-02 14:30:00+00:00,-0.0015191247035661881,-0.0008512637232067632,-0.017636060368797946,-0.002358749980191366,0.11995269189241853,0.12056709804687804,0.27420451055867856,-0.011835772417159163,-0.04865528324383073,-0.005278098809151643,0.026777571036644243,0.11907375850019947,0.12981169303124437,0.05726404335900163,-0.01980915031070775,0.9240515171737812,0.9946196942451804,0.6273379672166194,-0.04840619373948417,-0.004604318865259374,-0.01748145526528677,0.1382059139998575,0.014209291121982437,0.09656706702527584,-0.4454508918474851,-0.35142698795264593,2.0034841584041312e-11,0.003035923874829871,-0.004540111858546747,0.04629653326363936,0.06395794661853467,0.0023453120229728337
BKNG,2020-01-10 14:30:00+00:00,0.0012517236586031544,0.01031715759200491,0.010878908365245188,0.0913920388211924,0.061251795853431545,0.10308983561806251,0.2184766286277524,0.000173852938142538,0.04834413414857597,-0.04899524160604418,0.012992899109196543,0.11100668759989128,0.21446353901069473,0.055801772780306375,0.8233020982537804,0.2856047052845523,0.5696118410856551,0.18665275239726412,0.06687144258574358,-0.0015462221280996141,0.0,0.13540045561049574,0.03803242801497975,0.031213644966776366,-0.9589755376363124,-0.8681906436048122,1.2874735993232359e-11,0.0019577806699799805,-0.0007038952059194026,0.04304790467261643,0.07163531972181236,0.004038050201799243
HON,2020-01-17 14:30:00+00:00,0.005307983102744274,0.025145694283823516,0.02413887162520023,0.03628879763316917,0.09459833796670303,0.06747862240848868,0.29010093787910574,0.005950197169364735,-0.006971966088489268,-0.01462814537338808,-0.05332423809763487,0.11714002095062145,0.14067003304528908,0.060017142884301745,0.30978991926650024,0.6724839393209416,1.4498668768497285,0.7011517554706878,-0.02643355075408578,-0.06376552230287377,0.0,0.11216346044290004,0.003802951161654411,0.04687696041415279,0.3709102664575097,0.5270997780916109,1.4704208946616107e-11,0.0032920473532600525,0.0020233869643284663,0.043260763721658435,0.07098007146483219,0.0018195771693148752
NEE,2020-01-27 14:30:00+00:00,0.01138653049092575,0.05130525870807068,0.09095214553069964,0.10351292206262208,0.12123134214936826,0.25405804245261665,0.4499673166548539,0.07730748040555158,0.09652417933340995,0.04189296957369404,0.17535705445689365,0.11525180065205126,0.14337915458182968,0.0,0.8981458118396847,0.845529759907873,-0.4036256174761716,-0.21869217664730733,0.10633375766208243,0.1532543417697793,0.0,0.20752387959348484,0.03456102089517765,0.10274249891195897,0.6921855720655857,0.9347106350827483,1.7925073187609182e-11,-0.004171009329891784,0.015688048105942043,0.006988742729212127,0.09966398714971711,0.004287107076024377
UNH,2020-02-03 14:30:00+00:00,0.005745880665601888,-0.03608993802803884,-0.08546840336221795,-0.065263755050462,0.08483529417915658,0.10008212315472775,0.036301251021674474,-0.03814031076055002,-0.06331836181823292,0.01304201158895335,-0.012052853572116717,0.26278786414819477,0.21171809042541384,0.18766563641068013,-0.24835148024057005,0.4006993167598175,1.2339606520322983,0.5169805484358173,-0.06286321634916138,-0.0037547916173896467,-0.08884721559894715,0.09897518911323977,0.01076893422759162,0.1422632010222693,1.0865023128172815,0.9300795288394297,1.1121816982055817e-11,0.009836619924488588,-0.004034514043037896,-0.0019453932322290868,0.12001776724751027,0.001898617657465886
BA,2020-02-11 14:30:00+00:00,-0.0007256348664972379,0.07999918948907236,0.0843490406461429,0.04301165904556026,-0.018924363229354313,0.03971845519762418,-0.14166110195828008,0.06148938475233834,0.013965121666722702,-0.10584889798063468,-0.12215613059259933,0.3121749430734532,0.2709197321800536,0.16621921463861467,0.13778062589552495,-0.06985228826661159,0.7469099176269809,0.2621227122033973,0.02131651220458368,-0.08384916032019678,-0.07788276395553462,0.11462783592116188,-0.023375888124772648,-0.04802760001743889,-0.6571322968829525,-0.5624978178052006,6.034325648983087e-12,0.00861690056185549,-0.009262458534888385,0.029046537378837556,0.134662258392963,0.003761372222366418
GS,2020-02-19 14:30:00+00:00,0.01751225264723466,0.0036722817381784623,-0.019238188890885688,-0.0498470898383756,0.08031066720750957,0.17207321145910992,0.19821247785144358,-0.005503806723342386,-0.06887421856427522,-0.006565435826884958,0.015731257813449417,0.20737510607800386,0.19037354225627892,0.11783082254670152,-0.24037161827719905,0.4218583436315755,1.5631168440358236,0.7825366046933655,-0.07958871524346718,-0.055486832789744256,-0.04961556583175064,0.1182150919857532,0.01632202425898388,0.11088078916865984,-0.7563870245102152,-0.6985720512277042,1.9792733664310942e-11,0.0076754880660230285,0.009914901409424859,0.019027128725899622,0.13400274293346212,0.0015428991898820512
MRK,2020-02-26 14:30:00+00:00,-0.004119667463249321,-0.025443081027952452,-0.06431194017434816,-0.07423340357559827,-0.05982168950661393,-0.058217300894258805,0.016919144423242827,0.057856074794527146,-0.03596359817649919,-0.06612535063560543,-0.14630888174182388,0.1974372747455884,0.16763050902237578,0.13124546734456854,-0.37598474589589603,-0.3568663595636327,0.4130008147844836,0.3355897577167335,-0.05842794276412672,-0.062425106689012695,-0.13146469366485336,0.0,-0.04027127735789948,0.04211908699760247,-0.21443172734063073,-0.26100551652543913,1.1984515310127349e-11,0.0048585865615986545,-0.008926410099631688,-0.03826980539909908,0.20044387188353416,0.002882599007299396
TSLA,2020-03-04 14:30:00+00:00,0.005337746223421647,-0.03834791050821895,-0.20215901968480754,-0.03988759196153202,0.8056639170167452,1.203261485285167,0.997050807066473,-0.043264638875978534,-0.00448414219768134,0.7967162267491856,1.1201859557505438,1.0713658476490726,0.8371751854663052,1.0067650192684916,-0.037230598725037256,0.9623600066072094,1.7125830482469795,0.4291859163162953,0.020743755953502183,0.7903402543435581,-0.18303499590516448,1.268668375177353,0.2503876865278851,0.7871431006996921,-0.6724527814108174,-0.8877205990288466,2.4479334577665595e-12,0.024748148936536873,-0.018927705880950163,-0.03540344976385068,0.34215855663322375,0.07859425438166265
AXP,2020-03-12 13:30:00+00:00,-0.1326627633051718,-0.28378362274685376,-0.30049874948375077,-0.462357136744072,-0.36629774171567586,-0.3382012721099956,-0.2806084722816591,-0.08404238521560092,-0.15933769065811543,-0.1353727376811733,-0.15530342991588775,0.780569154271464,0.4957601214195782,0.5896573978736653,-0.5923333431944389,-0.7388608439638209,1.2806743649583996,0.9480153020378691,-0.0742879000578936,-0.07055800882077345,-0.38998022164779955,0.0,-0.06169067202684164,0.027671857763254648,1.3388924154004809,0.6611237581234422,5.0025447416212245e-11,-0.08093907201683326,-0.04711390269523774,-0.30301944608595655,0.60109316203683,0.0054336208187490695
GILD,2020-03-19 13:30:00+00:00,-0.011014572331685457,0.13573467270822093,0.04056270182779276,0.1631020164988244,0.1803245266589344,0.19694022745853523,0.23290456501109125,0.16321955895752271,0.5027824372956036,0.4577170550081555,0.41003816147678673,0.775539001316458,0.46827501547483835,0.3980072306587434,0.21030794869369923,0.38508252778782665,0.40008392611286825,0.4336404267332006,0.299002692874871,0.2913048184752659,-0.011698762988578082,0.2658711714845272,0.07244662368670407,0.047835140179530056,1.791102806439273,1.8992964255435076,2.3088777991484324e-11,0.019642704448503245,-0.030007411762052683,-0.3396804207967792,0.8702125212223989,0.00503701976262074
MO,2020-03-26 13:30:00+00:00,0.06395652176491673,0.014657065753472587,0.033156031937906505,-0.11224858421225914,-0.2893333475190629,-0.058079574244694676,-0.35128897998176756,-0.07180968569184554,0.05766592931672232,-0.08813777132019451,0.06144008595603534,0.9073424898224017,0.535633652211262,0.4959482726269133,-0.12371137191451274,-0.540170219560711,0.7937304252852109,0.8382988771144407,0.022617734873229017,-0.12963829725723205,-0.2654093005138417,0.19973809868233117,-0.11169007522942831,-0.03551172202772557,-0.9892740368340729,-1.4638329147707738,1.1851658533994885e-10,0.00785576052064707,0.05773672157461962,-0.16991451352898146,0.9806506280752814,-0.001912522196347846
T,2020-04-02 13:30:00+00:00,0.024996753008376338,-0.06201475640911225,-0.07982875489138097,-0.2833265306805788,-0.28333769838982725,-0.218269785569849,-0.025877710129893483,-0.024696847248435905,-0.0711773796231614,-0.0338397043363301,-0.09400258221792201,0.8893280342079483,0.5493433334428123,0.4504406092279439,-0.318584953788075,-0.5157752559116534,0.8360779949648327,0.8846313685384884,-0.10595329383100183,-0.0747379157738316,-0.26331977976360144,0.07433699704852659,-0.11029402683614786,-0.01019943055558692,-1.5876997159456758,-2.4495309310707207,3.623509232171589e-11,-0.0017826964625791142,0.027142875310605108,-0.21214915105741738,0.9706223380143235,-0.004855313060022778
AMZN,2020-04-13 13:30:00+00:00,0.059904424790509836,0.12888997600304464,0.13229977674441074,0.25743239348388514,0.14125507781108482,0.23173081633153725,0.16223119140996545,0.024183255847157525,0.14594880796758503,0.3037444010019037,0.2839731020628804,0.501947598956552,0.4747056532224452,0.2766922489127472,0.5128670682338858,0.29756350456794173,0.5857646344940822,0.7442883757517278,0.19212925176183984,0.23643557681914562,-0.0006221017409545615,0.2936043519404836,-0.021140572255729073,0.05923027107952383,0.045153517339309654,0.6025514127998272,2.0357920082537322e-12,-0.0013511179711827026,0.06317153631372552,0.11148358551630011,0.8013874997589262,0.001036283453511209
ELV,2020-04-20 13:30:00+00:00,-0.01740066939210383,0.09006946239396818,0.25823147919093437,0.27025650136489965,-0.14496089426361092,0.06097201546717734,0.1064741934074922,0.06792232923781594,0.10914089644314551,0.0145767928855145,0.11128321927621165,0.989838662151997,0.9242528878746767,0.42634048648789924,0.2730308601781002,-0.15684115913010463,1.258918728444576,0.8323858815573631,0.06742504888422626,0.05588408798115463,-0.13663994072151342,0.5067552666826525,-0.0881222524718438,-0.06232275443439039,-1.4140053134385282,-0.9827708909691781,9.713865291653654e-11,-0.019938529920232817,0.0027430706737918698,0.16111560492175414,0.5648763200203626,-0.01630926064646833
MDT,2020-04-27 13:30:00+00:00,0.014595886845696349,-0.007711308667866845,0.012382936752825202,0.09160545052914326,-0.16207377841379422,-0.032980292950163914,0.1643257502319626,-0.026994410921704848,-0.0023265052011307574,-0.047821415215987706,0.0019336976719683818,0.608219004783594,0.6737521660773962,0.31843522840204874,0.15061260797290726,-0.24055399978510236,0.9699678314767395,0.8878873825976001,0.0004944751230802763,-0.051252661441724995,-0.16413331584496837,0.39043666724204784,0.004362276557421829,-0.09322714816148325,-0.9983914920338975,-1.0126626286731366,5.046584419242297e-11,0.007351433030178045,0.00729784430593905,0.09393195573027402,0.4220239916366265,-0.0008575637023829071
SO,2020-05-04 13:30:00+00:00,0.009329655608415699,-0.0628072634378598,-0.011045885874772399,0.04697096358651809,-0.2436120857303714,-0.11290289304061973,0.0723620539526828,-0.05037712044135789,-0.07184875830793036,-0.11487920680355179,-0.05596329670400335,0.5732902434137778,0.8278293136393285,0.3043435722115629,0.08193225704805226,-0.29427815821041237,1.0930342139805282,0.8184685166241012,-0.08290305773976533,-0.10290264459914461,-0.2132932607232213,0.27041426615503483,-0.004561286023703981,-0.04997700900601909,-0.6089088890242101,-0.7650411500790033,1.1562311771349321e-10,0.0011028295243615815,0.008261372098202102,0.11881972189444845,0.37704223945869214,-0.01630926064646833
AMGN,2020-05-12 13:30:00+00:00,-0.023045280331949414,0.0035894809856227283,-0.0019376652464950794,0.08321272660679657,0.04247182335726585,0.08398142812696463,0.37669370025204874,0.0021839221233159734,0.04364107984398213,0.19443603716410784,0.14902110718252626,0.33516276788983806,0.5963134818416927,0.17202801112536578,0.24827556810888698,0.0712239864611029,0.817379624362414,0.8514829870093057,0.050867668840405174,0.16668427535523192,-0.022781765994560388,0.30163509633012375,0.08446371904544092,0.010628744129453693,-0.5101191750402883,-0.46910517040344385,3.566974601199942e-11,-0.00024742987735237865,-0.02253991316515802,0.03957164676281444,0.2797967003827181,-0.00026655832091271065
DE,2020-05-19 13:30:00+00:00,-0.012771392119974578,0.04583813201367448,0.007371906326502753,-0.0084108226572841,-0.18612303596427004,-0.23807987492039473,0.02488163262126175,0.02662460024696145,-0.04504886803065933,-0.04419626546262023,-0.18302920745313944,0.5006019713906037,0.7743519195574832,0.22849163541287837,-0.016801417369412246,-0.2403597527990029,1.088021889377683,0.8794711343717557,-0.04827381800752909,-0.031703602969792216,-0.22831433505820076,0.2318503072026452,0.008863272331223415,-0.14608364371062388,0.4162649945294974,0.5536631363058483,1.1415851398902522e-10,0.00862963534509964,-0.02113741116753809,0.03663804537337523,0.24737046403092094,-0.00036013661188026363
MCD,2020-05-27 13:30:00+00:00,0.015461081821870337,0.04438650517571485,0.06140398933270497,0.00979646619770147,-0.10639380527466002,-0.015837176102179384,-0.02283639219187883,0.005921245676806741,-0.046023736420743866,-0.08623145009439792,-0.001978482050908781,0.26139883371381006,0.7457298262425378,0.15108234719595595,0.03747708457041945,-0.142670712006706,1.0303967439371902,0.8593391794692233,-0.047720488826258824,-0.08561858014681281,-0.09322769509848605,0.36921945973219406,0.039053837576664474,-0.10939018188321292,-0.07171386166613197,0.19132313220365854,2.02007293360137e-11,0.02109953285944277,-0.005404282309024011,0.055820202618445336,0.24275167464023553,-0.0035636724728249163
SBUX,2020-06-03 13:30:00+00:00,0.022878441707964825,0.012391302961243689,0.047873847780746104,0.10726096273867025,0.004505237364815784,-0.0505314832332493,0.032464354010543595,-0.01576968802700396,0.010849626135475354,0.0014233299245898223,-0.06256108094103485,0.27624862591315097,0.7705226288346658,0.13699039173974004,0.388276909556074,0.00584698903863405,1.1455881902464053,0.8943272684610414,-0.003186725879820815,0.0009746405978603928,0.0,0.4207303670149902,0.0448715162244373,-0.10493649916575265,0.18867719301650818,0.501595270754003,1.976309529229569e-11,0.008613942294900312,0.014404141832719208,0.0964113366031949,0.19764508961511057,-0.0035636724728249163
AMAT,2020-06-11 13:30:00+00:00,-0.07724860972115666,-0.04792187053390817,0.013444716692969205,0.061164066139776985,0.2096301980466535,-0.014482183062069609,0.30414286511585864,-0.012476283597673277,0.013316331770665712,0.010727231398427683,0.017539854324207127,0.5174690385023777,0.9363289277210083,0.40685132830709847,0.11819850385018918,0.22388520939632406,1.542878794973956,0.8755658184291419,-0.012659188605871355,-0.0972529714523061,-0.07941534382053939,0.46434953986205163,0.07575618324512878,-0.04036394316653702,0.09957064780742149,0.2716335587372154,4.942226388343149e-11,-0.02672924486579864,-0.048918615795352616,0.04784773436911127,0.2895406387054743,-0.0031537338504121553
CVX,2020-06-18 13:30:00+00:00,0.004360156046558039,0.028351146404341776,-0.04612433923697701,0.025557664226901977,0.4858402814893017,-0.22842581560548414,-0.2439266518502894,-0.008386391287155348,-0.03981407606699339,0.22271489090027696,-0.21415867784528775,0.5051993199777756,0.7627181220010102,0.3906796923895725,0.05058926886130071,0.6369853652023993,1.590387717041301,0.828733752954974,-0.07840874857812309,0.06736889225482201,-0.10945367736588318,0.7205777850993205,0.045641072761596346,-0.11632983887007176,-0.9580569446333292,-1.1305780026193677,3.4673325259885345e-11,-0.005899086028245404,0.010329697157555273,0.06537174029389536,0.2729400956326887,0.0023303729873211596
LRCX,2020-06-25 13:30:00+00:00,0.02205857199366834,-0.007013193186863109,0.10545125771797492,0.1280828009486208,0.18689361430442597,0.06965229039186038,0.564131228368447,0.0031552557151681704,0.11134476905566482,0.02040342406275064,0.10435767634905346,0.4540808953592699,0.7304435016401315,0.35973036235359085,0.2820704466046328,0.2558632034986644,1.7634969920177654,0.7784928347203323,0.0985653320530955,-0.10671133538723399,-0.010697028044663659,0.4386417571740304,0.08314848218094517,0.017823613174611674,-0.8255113294900187,-0.5842773306116723,3.9863000419669094e-11,0.007816094550858743,0.01437520854043961,0.016738031892955973,0.2860162034569714,0.0023303729873211596
RTX,2020-07-02 13:30:00+00:00,0.002917414802727336,0.011884753748328425,-0.07915823810982126,-0.08794153022399964,0.14120179173097647,-0.43093935754327806,-0.2790371698498957,-0.0039912253907048445,-0.09239455026774124,-0.07848228681040847,-0.40112544203116585,0.5655368062840026,0.6574922757866083,0.3970079934241778,-0.15550098463412293,0.21475809972375107,1.8520685906397474,0.8308558317956793,-0.09618882878050268,-0.2656681899991579,-0.16680163801130687,0.248494534543366,0.041344700740785,-0.2016032506355152,-0.7821133227289342,-0.9387808435740203,4.0110525828845395e-11,0.017205026369752963,-0.014041762870472319,0.004453020043741596,0.30290987874737885,-1.8017978512165772e-06
ADBE,2020-07-13 13:30:00+00:00,-0.052242084486668006,-0.022613962000373355,0.035775994800066435,0.132218171395456,0.3220225017404905,0.26398603760172357,0.3576730476107839,-0.015377767529143327,0.08161301084280126,0.18399796005591007,0.288450819107962,0.31364027860620264,0.35290725083864577,0.2703333858257361,0.42155992203241593,0.9124847986977853,0.8998287362391199,0.6602788948493334,0.08668219372818292,0.19782405282647078,-0.05090092313310257,0.34493454012471725,0.08812967797906968,0.18159080139955086,0.8277059024898789,0.9612345267690946,1.2475614004181133e-11,0.0076576077081158545,-0.058113520300221544,0.05060516055265474,0.19661283358889575,0.006681549691089379
CSCO,2020-07-20 13:30:00+00:00,0.004694796182509009,0.022390361232088374,0.011778918073733546,0.03241664656683829,0.10691078686570643,-0.02543646563866897,-0.16768507008967015,-0.007756769601473756,-0.011598107127881452,-0.039113752496283904,-0.011923317851533888,0.20294295429542925,0.339276426114203,0.108615515887108,0.15973280116760571,0.3151141035355031,1.0467931358051197,0.7442406589410853,-0.013657695474947364,-0.04594669859752956,-0.01641389446205599,0.16744783484462866,0.009968894420880892,0.02976010475235391,-0.3735045284270011,-0.5305247242809196,1.2941317084760844e-11,-0.0017113430967177212,0.006428177919413303,0.044014753694719744,0.18884841078699705,0.0015428991898820512
LLY,2020-07-27 13:30:00+00:00,0.00599913284227771,-0.03993942109115434,-0.009796176253571431,-0.014597126370382796,-0.00021329326217234268,0.15866264734672875,0.4148575445360958,-0.03644320930496203,-0.06528411718094151,-0.12345851858413237,0.14966978522257524,0.17577772051734136,0.37779061451921375,0.11377979911746088,-0.08304309742680226,-0.0005645806274033177,0.49443114709212727,0.2989672096458827,-0.039658353379495456,-0.061149571391736726,-0.0510262717473956,0.1341153232490877,0.04044088470328466,0.14286361542811865,0.42389205443780786,0.40098213945920863,2.4521657072326385e-11,0.00037598418895190555,0.005639059292048554,0.05068699081055872,0.136481202225137,0.002200159317568234
PM,2020-08-03 13:30:00+00:00,-0.0036520742513186377,-0.025925635558913918,0.04873121873662001,0.08263743070085727,0.058793581824732044,-0.047580508184185355,-0.03148919684435203,-0.042688256687799075,0.031063797900446666,-0.09364440762261506,-0.07128561870471284,0.30331156584732216,0.28585512528102447,0.16878452327634597,0.2724506415375352,0.20567615069672798,0.7293105687086646,0.5515294129012801,0.045024235232817976,-0.05238105495191808,-0.02559245181274372,0.14708429418040847,0.027546391660944858,-0.04524818931079988,-1.351488635772055,-1.5747925454591656,4.788576904113686e-11,-0.003645413539088538,0.0,0.05157363280041061,0.12756153965776068,0.007642131805652239
ABT,2020-08-11 13:30:00+00:00,-0.00984432101363275,-0.008744446118843285,-0.008043532786586205,0.06603359821846677,0.05843543351339786,0.11325781233984156,0.17339854664948184,-0.017248662118783287,0.009918828255151446,-0.09613223137168347,0.11065436126160222,0.2253638861134552,0.27784455052938994,0.07816192650822006,0.29300878395939356,0.21031700424592872,0.7327075095754535,0.5501571546270596,0.02491788486824654,-0.054817455285443364,-0.03374945014714115,0.13911317766977094,0.05921444488717409,0.07926147297722652,0.08974576125396992,0.21534435030211205,2.7297627798385873e-11,0.0038985264772977146,-0.013641369535218884,0.056114769963315325,0.10487207231813774,0.0036468283808444696
COST,2020-08-18 13:30:00+00:00,0.0023213580246750354,0.024719878608589596,0.002821646902423147,0.044836996054308464,0.1142000586851255,0.057865792559369744,0.22307914058473077,0.007507483633089507,0.0016569619490551801,-0.03836646940874289,0.047226034967151165,0.16688764599167483,0.1579543262702754,0.10800671556990823,0.2686657588575799,0.7229941805437983,0.35532841132832366,0.4406489891167657,0.029493903134585983,0.059988836635653194,-0.007456468256449744,0.15148062053512756,0.04473746721516769,0.043768991198133156,-0.5808468224049876,-0.5301700159140582,1.1051065949388692e-11,0.0030594352799941937,-0.0007331378299754165,0.043180034105253284,0.10758855270153057,0.002200159317568234
KO,2020-08-25 13:30:00+00:00,-0.0012515594078990055,-0.010588375707946351,-0.0004174236266862863,-0.011827229010430873,0.03398189038434696,-0.16642270349448207,-0.09710777547877436,-0.026656206754473555,-0.07457130594840367,-0.09618720925714053,-0.27642944795570745,0.14993352785289668,0.24078342198778235,0.12162875234757517,-0.07888315028533742,0.14113052345468885,0.9474207706921182,0.7527466811221354,-0.07127227073937062,-0.08934301831829024,-0.03018556720621557,0.0996096722666251,0.021797244431164042,-0.05767038839352567,-1.486863527803207,-1.789339953224224,1.4294848628243992e-11,0.0006253992700178124,-0.0018750031784601218,0.06274407693797279,0.08650292585865754,0.002510931561084753
PG,2020-09-01 13:30:00+00:00,-0.0010854379601683561,-0.006348746430626662,0.01215864767397612,0.05114824433715093,0.1596811620848113,0.11718843841412241,0.15502397090917874,-0.030778766558684723,-0.019263231599994768,0.033243033303513414,-0.012331597807401451,0.09590046314373123,0.15109865940938522,0.03105860427667712,0.5333472087667843,1.056800654016213,0.4623239994098927,0.5847479159617743,0.018595329177536306,0.10122578070873861,-0.0063286357217777756,0.2067336204957746,0.059436905633186043,0.0665624595666292,0.05907394685040386,0.22648087614449272,8.002757709709332e-12,-0.0033980994783131546,0.002321137850163524,0.0704114759371457,0.08513410038649513,0.0026099654021971446
AAPL,2020-09-10 13:30:00+00:00,-0.03319035516731894,-0.14653108432966455,-0.10870511180432008,0.03693257790764193,0.3029972945405106,0.6081581825826738,0.7180680845882095,-0.07729687368294247,0.0339943944324288,0.19333918054932742,0.29959710194326483,0.5334460279700813,0.42524127975322096,0.4882059107423966,0.06923395427308968,0.7125302950747118,1.7028876018359165,0.7051887711793143,0.03192918169578232,0.11626185178421511,-0.15419565256425727,0.3423215829539301,0.12040509312146397,0.3103598056687433,-0.2749697304597063,-0.3186453965101649,9.758448844303473e-13,0.025912225789198384,-0.05707878623944351,0.0029381834752131297,0.2123327980225966,-0.004005927806480676
CMCSA,2020-09-17 13:30:00+00:00,-0.026627939803150813,0.03482522182977421,0.009035591817064148,0.045788956171473494,0.15061256642521537,0.25004402710878315,-0.007593937761836589,0.02884446970048815,0.054082415542474394,0.07171123799624324,-0.09198269190921371,0.2152194756641283,0.19898500548126327,0.13976657070126106,0.21275470554036557,0.7569040996880404,0.5723329873534125,0.49833676621519357,0.050535576548772596,0.10545473341930901,-0.0262765421215706,0.19278938729534922,0.027236522152970455,0.05885385575679858,0.9958848181386093,1.0128475526712035,1.801644569970674e-11,-0.018585874902887545,-0.007836311931950224,-0.0082934593710009,0.22018550283186805,0.0031067922008550064
JNJ,2020-09-24 13:30:00+00:00,0.0015908277097871348,-0.017133166410893352,-0.015364879117593766,-0.049820169932537794,0.04180621099417525,0.14720158721503918,0.12613668794572952,0.016110698716993888,0.0077849856128775485,-0.014019701208940916,-0.07511451522975232,0.19856034741622097,0.15269829817149383,0.15248376194427984,-0.2509069438124273,0.2737830839949712,0.4976780640986006,0.5678309128333606,-0.021151347638596718,0.014022879082389954,-0.05954632249044933,0.05676606033488829,0.0028160034880937435,0.03420519434609104,-0.42283801558318257,-0.4219699520450732,1.1262765247623124e-11,0.0008305278160083418,0.0007609339546239546,-0.05760515554541534,0.2332032955085376,0.001036283453511209
PEP,2020-10-01 13:30:00+00:00,0.015748311082026234,0.06772538573105624,0.05548877995807011,0.018665490761978987,0.06528468095398576,0.1430854558190795,0.07855510202645366,0.02696035438569755,0.0599356350900937,-0.015430283455455829,-0.15731358713174703,0.22341369457576518,0.1680203335311779,0.11283036289709754,0.08354676197187658,0.3885522637762859,0.6554767864184301,0.6605730389176675,0.04571711234119642,0.01237789546700703,-0.010311576968178415,0.07480898858536333,-0.005655477623631833,0.025253893630504898,0.9010784998183754,1.0683984376336197,1.9109871743257674e-11,0.006060555701026038,0.009753303120695778,-0.04127014432811471,0.24377155150804955,0.001036283453511209
XOM,2020-10-08 13:30:00+00:00,0.05120381159479548,0.06230986734702615,0.027021092227911936,-0.07352033277345704,-0.17074219803029367,-0.16273007471662337,-0.583507320016524,0.042576350316446465,-0.0891127569701915,-0.25394200815916923,-0.38329564640972924,0.3649240744448651,0.3220486021256401,0.19643893848831603,-0.20146747754392108,-0.5301752496465809,0.5795753181392339,0.3136650002803039,-0.0825573169878413,-0.21896275445486058,-0.2004533625379431,0.06913280223908513,-0.09271762793084559,-0.15152950201683324,0.9473434471720503,0.9958270068377094,2.162294536530939e-11,0.01134343789673431,0.04073191292668299,0.015592424196734456,0.1912639157853625,0.01762253900358338
CAT,2020-10-16 13:30:00+00:00,0.02223072313742236,0.05989157112222987,0.11818300073276866,0.09231013068801008,0.2258880088073152,0.39443192363488855,0.2765059444585125,0.05860565952837682,0.0549100313015094,0.15360133468656212,0.17612071015214514,0.2829169016755134,0.2701743707238464,0.26307158408412346,0.32628001417138225,0.83608229826582,0.652376380026896,0.42148971827937626,0.06791118923759863,0.1787298900202344,0.0,0.2830747563160074,0.034713588313571186,0.1438893064424216,2.468959076569486,2.0993266923449556,3.735748511749623e-11,0.013390958824943455,0.00896860986398118,0.037400099386500685,0.18875063208815976,0.018132244686954492
ISRG,2020-10-23 13:30:00+00:00,0.003459494927369633,-0.023116778451492515,-0.003677905793158409,0.11203297369080456,0.07059371890503208,0.3522870710182895,0.2943393537325312,-0.018906892417428267,0.04559889521048088,-0.00097928096784905,0.15746884582344833,0.2513850277909888,0.2903436871389749,0.12820395733414394,0.44566287290567314,0.24313846669323977,1.3737627176798854,0.8268879700379805,0.02076831349111631,-0.0277305999128392,-0.03872644404121872,0.14569670068015594,0.022408902934468733,0.18346759192487805,-1.3303074799484675,-1.6615470621262183,3.4261417716592494e-11,0.007353922559613313,-0.0038600501631195216,0.06643407848032368,0.16047296637328567,0.01603709509364165
NVDA,2020-10-30 13:30:00+00:00,-0.038348680412750635,-0.08090748375548262,-0.09705643878691417,-0.082690415852543,0.12991772160867932,0.5437606322620145,0.9160112782545846,-0.02313985644643335,-0.05059183567845871,0.13287497017373262,0.39427989137972075,0.403090660080775,0.488863499634513,0.2685355149821624,-0.20514098698286073,0.26575459551758146,2.0119763256031247,0.7920273787803495,-0.01810883245681158,0.13586763571049038,-0.12633735948114788,0.15555297813591862,0.03426387818088972,0.3998689160668052,0.5451050495655348,0.492903378779612,4.421439939860178e-12,-0.013359778118092414,-0.02459143777298023,-0.03209858017408429,0.21143094728908216,0.0015428991898820512
VZ,2020-11-06 14:30:00+00:00,0.006513440511393576,0.026663613203578684,0.009786368766403708,-0.011213171519522724,0.0027623312084328333,0.058828245919569255,0.009208973913551244,-0.04392888029434161,-0.029973567812779045,-0.04406342034670363,-0.13034321734529453,0.15436789593929978,0.11860891682538767,0.09481816281023753,-0.07263927160043655,0.023289405909502157,0.3411149853669651,0.587792656377589,-0.01761262382657532,-0.013210634348094684,-0.02403601910744846,0.039424627324804895,-0.01436420616253431,0.044633494585982536,-1.3770940025962177,-1.3908346874282507,1.1543644342243749e-11,-0.0012038546772342729,0.0077478810956155275,0.01876039629325632,0.22329442825344364,0.001036283453511209
BMY,2020-11-16 14:30:00+00:00,0.013737398300063042,0.006532852406822887,0.08085710046221983,0.051864721808021486,0.0305462962090135,0.04323721103077549,0.12647167733982956,-0.015448403586060255,0.008882227141397081,-0.04154283847311069,-0.1814184517452171,0.32420817470140695,0.2572231089649846,0.1087923636239003,0.15997351657091455,0.11875408991021767,0.7043552161901796,0.5678141667975023,0.02158977748471801,-0.020230061834977053,-0.014213567713175279,0.1248926735086402,0.020709193321726715,0.0169369073523582,-0.7902530682439234,-0.7909832242351429,2.583547821060941e-11,0.007859268253791685,0.005926344933759431,0.042982494666624405,0.21979033780670637,0.001036283453511209
INTC,2020-11-23 14:30:00+00:00,0.014653186492552539,-0.0028183362144194035,0.01003726864070309,-0.038166714394176626,-0.0633653571484718,-0.3080236842411197,-0.1991900219063809,0.01103096031265327,-0.0715097985677926,-0.10553736425699611,-0.4803647909911315,0.2446934822344083,0.32873810159247463,0.18021654549032828,-0.15597765026538046,-0.19275330982784486,0.8535716904635486,0.5427300905185795,-0.06662742711751841,-0.09936218854633569,-0.1499629046410318,0.051802789693363493,-0.07399646283661654,-0.0943267814198806,-0.15711862451887512,0.031405445268836395,8.2730414908766e-12,0.0019828844214409003,0.01275289878919006,0.03334308417361598,0.21674888334463785,0.0020043158247139117
NKE,2020-12-01 14:30:00+00:00,0.005478707082649414,0.009719130785830643,0.04014845630438568,0.12037065291007476,0.1649888993114521,0.2652936458337454,0.3774006335854052,-0.01399151885844585,0.005549291783133015,0.12353626268670936,0.09740288042770473,0.15405759070865868,0.2747734851898834,0.05654166819636179,0.7813354236969086,0.6004542221293143,0.47279510768561417,0.36235798838668337,0.06608367511145355,0.14539029551460422,-0.0007377484757333796,0.204982001918675,0.01945056692163405,0.23974532908282775,-0.8920460929475473,-0.8081660494967475,1.6084334478915362e-11,0.012917647877536798,-0.0073292288359831925,0.11482136112694175,0.1605271294198756,0.002200159317568234
USB,2020-12-08 14:30:00+00:00,0.004010044048380124,0.01636286428107514,0.0429268415742432,0.13830719391424484,0.21978673082275657,0.15790291455790717,-0.24584071480589298,0.004950485183140785,0.08266594718728904,0.12979266360581,-2.853800025315323e-05,0.29041288100322776,0.41761778766513963,0.1210438935433004,0.4762433175707094,0.526286804141085,1.1912383001797988,0.5216054476306342,0.07202520974334121,0.11258235116497456,-0.009250940750649028,0.3191151629978204,0.07635852291710665,0.10578491302195858,-0.7600549669869497,-0.719716004242938,5.811385464874376e-11,-0.012276541633429727,0.016497164796911656,0.055641246726955806,0.12302329632847861,0.016431312424881026
BKNG,2020-12-16 14:30:00+00:00,0.00031445021161502495,-0.003994603171578959,0.009714954214318006,-0.005180282232841726,0.16066719872992774,0.25375559862284813,0.047241260188381595,-0.012912414515046322,-0.0264540144479799,0.059010872461664476,0.07319794392561274,0.24428072630184133,0.5065733155533413,0.10043524693386677,-0.0212062667049745,0.3171647494981598,1.7444563967095796,0.6165371743432204,-0.04229138047742617,-0.016667829894740194,-0.014125348053814268,0.3083166253422207,0.08662161720502293,0.13402832463502534,-0.8861517822450616,-0.8218701680178145,1.8764030174015774e-11,0.009604010609043367,-0.00920114307705111,0.021273732215138175,0.11538060191442312,-0.0006432946580885196
HON,2020-12-23 14:30:00+00:00,0.009810536659161428,-0.001522799242168027,-0.010657821547479074,0.02610101029606593,0.2843439119559239,0.398314709603504,0.19787603460043712,0.0013288426020103827,-0.00617037660196651,0.1522953624039518,0.21044024784841575,0.1888265621974796,0.2911197601067746,0.1358628774693298,0.13822742940566188,0.9767248772520096,1.1681293298906765,0.672892401664938,-0.01159614325577546,0.13009412825474295,-0.021618473544788186,0.3091000815516909,0.0798829618419743,0.2260398323811854,-0.7454481158790268,-0.9161424520032779,1.734429208494337e-11,0.008031436721765983,0.001812821449983959,0.03227138689803244,0.08772337355699139,0.0028399031591351616
NEE,2020-12-31 14:30:00+00:00,0.016203126558949066,0.03723699936179603,0.03575826422312289,0.039661495805321856,0.0921264248025988,0.23479929735590765,0.27758540712718505,0.019980551353905085,0.013844310543674965,-0.01641354141190554,0.045544366731961716,0.13849853177563234,0.2001117624731733,0.06607175705077253,0.28636762640613034,0.4603748608478182,0.5038472432655279,0.408461836516931,0.026653578182365655,0.037438862041287255,-0.0030632616491474973,0.10270408118952767,-0.005061371574217488,0.11981211038915296,-0.8695558002599986,-0.6538617183449903,2.269144013406916e-11,-0.00013175884188587617,0.016469037877011372,0.02581718526164689,0.08430977019225132,0.002476837297001059
UNH,2021-01-08 14:30:00+00:00,-0.004502663975808119,0.03560278451188115,0.07364459091602704,0.0436767342840616,0.12324421571685917,0.2290671632585628,0.22747283641852967,0.01621046509629931,0.009879608704767229,0.015045447117352673,0.03766858453018074,0.2087520594479097,0.2967816114431318,0.06826146353284682,0.20922780067211907,0.41526904284120303,1.1404846593453517,0.6021605192678622,0.005131631030907989,-0.00015482003093553187,-0.0044925421817463285,0.20092708945764493,0.0097764059188159,0.10914291931641529,-0.08990289254352259,0.23570489460847333,1.0875331748517851e-11,0.005397017780954139,-0.00983647234654439,0.033797125579294374,0.10462407015617047,0.0015428991898820512
BA,2021-01-19 14:30:00+00:00,0.030795384262453318,0.01877905929446566,0.03865708979649973,-0.06947677851909617,0.23039534826062447,0.18901663909122401,-0.42479151102797985,0.018865602433234763,-0.09663133802578727,0.1389845618721708,0.025319178582017265,0.31510967478209856,0.5145168816090281,0.23503532476566028,-0.22048443471987983,0.4477896770658298,1.748708707276277,0.5241215236316181,-0.1169621931706987,0.07054451016416374,-0.11529576212833914,0.4593116393391514,0.0067543206192628436,0.209262114477748,-0.4212583488546906,-0.32149281507434696,4.620516961577458e-12,0.013067727453465183,0.017971888121553814,0.0271545595066911,0.10452518770089636,0.003915410218334092
GS,2021-01-26 14:30:00+00:00,-0.0045325402377365265,-0.04320434132017148,-0.04194565419171603,0.09412206589685024,0.32328676949893165,0.33922326575380346,0.19199624215832678,-0.056616070182824885,0.05070413568332732,0.21425436821376032,0.158617864595751,0.29925428455477365,0.3201109918272219,0.13852258434840148,0.3145220327818655,1.0099208641777095,0.9649360790125043,0.45950295885884085,0.05222653855777489,0.21807747171750047,-0.0848081701528367,0.4986026630800211,0.1122973625601591,0.20789312596644027,-0.14907446058500928,0.023260320202357885,1.5994062939617984e-11,0.0031444168067726874,-0.007642668849415335,0.043417930213522915,0.1115410656631614,0.032632959309693975
MSFT,2021-02-02 14:30:00+00:00,-0.0005845038005602987,0.030436318504021287,0.10128165823594593,0.07402757755422318,0.17061791125170434,0.10584892713014415,0.32789607993323777,0.036292753832676716,0.05372253067724664,0.009674317986139158,-0.05213741757036772,0.28669917540663026,0.2538895202046722,0.17727791505265517,0.25820645437584056,0.6720163601639062,1.0183519799328529,0.5844907660918532,0.05334989286442473,0.00672068439220827,-0.0005843330114914114,0.18685825998596628,0.019638803139274907,0.0656765734900322,-0.6422555240180227,-0.42151888489962164,2.0292559190690894e-12,0.00688492766836557,-0.007418186998938925,0.02030504687697654,0.17133251360870402,0.0015428991898820512
TSLA,2021-02-09 14:30:00+00:00,-0.01630045514574263,-0.027094144405197085,-0.038826343579975386,-0.03534381450787638,0.6809318917389557,1.0966341030751776,1.70598724420977,-0.04975847336765771,-0.058920870931731706,0.5679164630088502,0.9367929227899356,0.44156952209989286,0.5989263978157889,0.22913821821816013,-0.08004133605009275,1.13692082069221,1.2053260302543847,0.26657551954643166,-0.06376185433232556,0.5447114536702004,-0.03808226216614474,1.0815505612995162,0.15069313461868572,0.7334856368289013,-1.329639856462665,-1.6667870221210086,9.158088607046738e-13,-0.009612920322564,-0.006619029527225484,0.023577056423855325,0.16477514869283189,-0.06024769688301719
AXP,2021-02-18 14:30:00+00:00,-0.0005446261990105228,0.0020256702958310058,0.06469929812882569,0.013634372756381019,0.08300492934697967,0.29221649510519576,-0.045883855695254105,0.0003260473183708257,-0.01789464502044602,0.0030476198483233574,0.14017005092441526,0.3562627197569218,0.2876175095914898,0.225970049003865,0.03827055709248432,0.2885948406439984,1.4657041372623836,0.6373078411783438,-0.03257783904293361,-0.03418882998956976,-0.01675848766548882,0.1453237597716983,0.018197491776200225,0.15657729459300396,-1.0100210517065422,-1.3450039542391723,3.511904011754227e-11,-0.008323006242141107,0.007843812424832342,0.03152901777682704,0.1549823941942346,0.019577220646233073
GILD,2021-02-25 14:30:00+00:00,-0.014545487310895222,-0.03812375046242922,-0.0692156005797373,-0.060409073421770376,0.05854108098653965,-0.028938386613667433,-0.13387457017413196,-0.016371555273074545,-0.05677416714658934,-0.013513329849834665,-0.14316480455856606,0.23066258046073818,0.24122231122679882,0.12748234260657174,-0.26189368601142826,0.24268518400646172,0.3747439346439025,0.20713055121745788,-0.05904691434214722,0.03153912756126849,-0.08282200507833992,0.10838494116786923,0.038195375302312096,-0.04018037120529605,-0.044351365060718344,-0.05735954412994236,2.2132819861309368e-11,0.0009419838746995701,-0.015367720481505365,-0.003634906275181038,0.1607219732181842,0.003761372222366418
MO,2021-03-04 14:30:00+00:00,-0.017691872330090064,-0.00832455972739421,0.01433633083834529,0.06270265323709179,0.10929100454139151,0.06628578632657334,0.09641989237929227,0.006520993555546362,0.07532667746655797,0.07579279663223426,-0.008665058207326659,0.17236315025370755,0.19150872982940126,0.13912190017634649,0.36378224199776743,0.5706841909439299,0.5712060495212874,0.4265231104509522,0.06991357224626618,0.09015662553555906,-0.017536290022042378,0.1285871792231954,0.03304896141276603,0.05893898861371638,2.3714175437265324,2.1513727205339026,3.458446187288302e-11,-0.00022214019305433208,-0.017317996852152073,-0.01262402422946618,0.16339511875749255,0.008504466009606915
T,2021-03-11 14:30:00+00:00,-0.01511819877573295,0.02121232267356854,0.03129034820919596,0.031640041676268105,-0.018806186917899037,0.05325529960036324,-0.062293434857116026,-0.02259646988848507,0.023119602306141296,-0.08470080829117554,-0.10263338898985985,0.22553735353244284,0.2008502898880854,0.13277723332383595,0.1402873678382361,-0.09363285922254791,0.1681093710286873,0.12611546020661152,0.030207675972868022,-0.029883690271134047,-0.03890672940443263,0.06464754394093597,0.005733530964067146,0.020462355294608825,-0.6492530920858248,-0.5395867191026227,1.2449137495432082e-11,-0.0026670848431976646,-0.012370400605716259,0.008520439370126809,0.1827877836880484,0.003761372222366418
AMZN,2021-03-19 13:30:00+00:00,0.015392830044704375,-0.00471414514383639,0.024526323306316655,-0.07914872508501691,-0.05257770763129699,0.021773884440620783,0.49152555248203456,0.003961142625273695,-0.07909306052836573,-0.11120562035816395,-0.13851035455450944,0.3032114800794848,0.266516368682467,0.18616266310725454,-0.2610347242270267,-0.1972775927092836,1.1851406964300255,0.6694946330676026,-0.07908275475358087,-0.12206003295065486,-0.09024851420710067,0.04167074160742379,-0.03261409800285131,0.019000599118018657,1.000094018529911,1.0484978087187768,1.4050537652903004e-12,0.00040948918391880973,0.015096238929862116,-5.566455665118042e-05,0.19069343315835216,0.0015428991898820512
ELV,2021-03-26 13:30:00+00:00,0.012029933107092106,0.04737331557082136,0.08304586641988188,0.21578812114951074,0.18913490902223185,0.40674685155325196,0.467610248220236,0.03063499639380929,0.17735327133979517,0.1109170352741744,0.19648042825322243,0.22154535136517314,0.2992447708864088,0.0,0.9740133106825033,0.6320408154902267,0.5536075654630191,0.2868581642297959,0.19451029751741733,0.14583290236087598,0.0,0.29492450138170434,0.07400079545431959,0.07927540306983882,-0.17467745272991528,0.24827802994742684,2.7106012659863632e-11,0.0022353396091931987,0.009845236730873452,0.038434849809715566,0.17393546438209234,0.003890991488845021
MDT,2021-04-05 13:30:00+00:00,0.01727942570573404,0.014153606748071645,0.03566617274744832,0.04730986395626058,0.031217377899036336,0.1716594961107516,0.355670536249562,-0.011502534370190887,-0.03162668025465809,-0.05540018895939269,-0.02349803696218178,0.15723642421617207,0.2302589398477289,0.10535264108541875,0.3008836164527498,0.13557509610563004,0.9063551154837817,0.6201082428472451,-0.024234676687917248,-0.04728889691385929,0.0,0.08701610261608028,0.008653889002735449,0.08559094296918124,0.12683745170879127,0.37301493526104246,1.5665141191534258e-11,0.0054150410470235055,0.011949828727083611,0.07893654421091867,0.12772245933583212,0.0015428991898820512
SO,2021-04-12 13:30:00+00:00,0.0025473575416659067,0.0036639904108333177,0.01975191134414178,0.0591153170076022,0.031709504966837,0.08940081774520436,0.08564196079024278,-0.00950321727945136,0.010820357668452463,-0.04868295016629487,-0.099190405987434,0.13541300273780976,0.18327041736474528,0.07521223674831498,0.4365556911994843,0.17302031294951795,0.4010689594408665,0.33257663713773794,0.039745707919210456,-0.0005334133603047478,-0.0034858366678022223,0.10877985646849808,0.025731626520008488,0.054565598615999855,-0.3813092397898154,-0.3122575633936728,3.7573958884241815e-11,0.001434716166626826,0.0011142899571812137,0.048294959339149734,0.1159831272306453,0.008504466009606915
AMGN,2021-04-20 13:30:00+00:00,0.012308155387575681,0.03610778146943083,0.039514182126888286,0.05228102124020495,0.05025998366857731,0.10890211562841934,0.1185977646477836,0.03745273148124717,-0.004653909724393834,-0.03814830051619733,-0.07091695494480899,0.18347974191224822,0.18927586659610468,0.12599684275095266,0.28494165456810533,0.2655382567912209,0.6946501888696239,0.5590807579462069,0.012731160692367405,-0.01115284763801578,0.0,0.1677706688456726,0.04363413496314639,0.012026477595876495,-1.1219427158686703,-1.0768732611819187,1.8441289387982046e-11,-0.004414700894574297,0.01687340438049345,0.056934930964598784,0.10904480121099362,0.001036283453511209
DE,2021-04-27 13:30:00+00:00,0.0050076393156635035,0.0321300361861363,0.009697536538959106,0.029138023370213872,0.25841824781853795,0.4730012700620936,1.0207255864801574,0.01954258998432401,-0.02364603461918513,0.17083424629460442,0.2763848672529887,0.18153181165864543,0.34053092249888817,0.16922617548187466,0.16051194060138263,0.7588686687311977,1.0922463587406788,0.49191875864875645,-0.02851517176826402,0.16275494107008348,-0.0018534916358029507,0.3653601248025553,0.040292361430920964,0.3479348321316116,-1.3401961546042707,-1.5940551918018604,1.690625827668106e-11,0.0027597562911312323,0.0022542211046134852,0.052784057989399,0.1020457746588902,0.0024243525111238445
MCD,2021-05-04 13:30:00+00:00,-0.007243001946000582,-0.004777901477679869,0.003641195488014226,0.021655720495842523,0.11489235248456886,0.10549012264726798,0.275969094291745,-0.0004949706359429484,-0.0011892655335570268,0.02573484647371682,-0.14461097662914923,0.11087027951152799,0.15760457486366872,0.055219222651125034,0.1953248480228718,0.7289912274688293,0.47013946814830565,0.39718541515187744,0.010915390914125146,0.07297589002719751,-0.00940359045171002,0.1416714663062557,0.04130458863719211,0.04366221535986847,0.28684119573346517,0.36906455934999,1.1661083638442893e-11,-0.003948010209020025,-0.0032817809177263513,0.02284498602939955,0.09582532968293515,0.002200159317568234
SCHW,2021-05-11 13:30:00+00:00,-0.006632298843721074,0.007674960549212351,0.01411589107135125,0.042221216842946774,0.23053036249926961,0.5478551221794765,0.6908052009091534,0.010925915801575314,0.035794393756194864,0.16728814070324116,0.37159747165334256,0.30217000576266023,0.28282120721668075,0.16010878950601767,0.1397266970174051,0.8151098878615952,0.7722064081612139,0.37006658297061507,0.03725838287123852,0.18169431356202365,-0.015609908479714885,0.2721541253323223,0.025795643161336423,0.321340214760931,-1.2634429115745531,-1.297987987133099,3.258997465465665e-11,-0.01308010232067125,0.006555495176189474,0.006426823086751909,0.11080561360482509,0.016218044057019702
AMAT,2021-05-19 13:30:00+00:00,0.024249818437562354,0.0828243360496419,-0.04305021609703363,-0.02991655018497852,0.09742238544359516,0.5210404091942227,0.8230201116949529,0.06949892271852853,-0.026718441894222345,0.04374122732640373,0.38740194157837493,0.47265100860741055,0.5633913970196694,0.37918076030488507,-0.0632952212947197,0.17292132247485117,2.8335028947765126,0.7461292612356446,-0.020854701085312136,-0.05468333147642243,-0.12757761746045315,0.180923432675816,0.006614050808232408,0.39109499784032864,0.16125828759673128,0.265964567585858,1.674104151056829e-11,-0.02783044488370523,0.05387607652468129,-0.003198108290756174,0.14297257723774945,-0.0018363728654854294
CVX,2021-05-26 13:30:00+00:00,0.0024041255297140296,0.00887532484979392,-0.018570226816059687,0.025898679264936497,0.029312446613094956,0.1605581219622234,0.15843754392350817,-0.01073350623914937,0.022075402668561672,-0.06572973778239444,-0.006538473269640299,0.30101378687330727,0.25898962098066663,0.19803075566264058,0.08603818294820134,0.11318000506006033,0.7165154029243836,0.3848604868159685,0.023159242693993623,-0.03878674243385269,-0.0552659171364146,0.05394513592748451,0.01844324827213306,0.17175548911439908,-0.6515641510351262,-0.6494707839142655,1.6237415451937182e-11,0.006257927076145142,-0.0038269604797501744,0.003823276596374825,0.14418745207289044,0.002200159317568234
LRCX,2021-06-03 13:30:00+00:00,-0.020564796029002075,-0.0035482057360498587,0.05426297619464915,0.04749424546620684,0.18664831082263955,0.3121162185505111,0.8085650626760743,-0.0030290756524085083,0.039907168111736446,0.07727970322785094,0.16924940304656522,0.48600970043165276,0.49816052649801473,0.411481245129613,0.09772283438792376,0.3746750312288812,2.958975836104387,0.7318158545503647,0.025044266907674143,-0.13697075627872274,-0.04823362084984484,0.2680281835038574,-0.007444382361451618,0.27057724612677636,-0.7340270806891064,-0.6812112250301118,2.3781517290776595e-11,-0.016086605855932024,-0.004337959897122379,0.007587077354470395,0.13901338309815556,0.0015428991898820512
RTX,2021-06-10 13:30:00+00:00,-0.006776009824402962,-0.004860754167046011,0.020029217443621405,0.051438973843175084,0.1417221571755265,0.18178047624511517,0.28217849288900787,-0.016223945796391526,0.02923774960699621,0.06479915051344598,0.03896284820975815,0.15507666840473705,0.18608287973601603,0.07088751850212197,0.33170027685224507,0.7616077168226262,0.9160990959193469,0.5650335250138724,0.031100452392108926,0.07125306031699663,-0.01341533002954165,0.18091725862808183,0.05153504650524554,0.170595989082029,-0.5108370628313647,-0.4598916512831903,1.6905382479771973e-11,0.010692059522625419,-0.017260612461538427,0.022201224236178874,0.09727960607408881,0.0020686340435400095
ADBE,2021-06-18 13:30:00+00:00,0.025481554795461214,0.04396970862830418,0.11430164177432722,0.16310468752910534,0.24769146152397692,0.14366820538314773,0.29652015185399083,0.06278226088425942,0.149719560368772,0.18056951168980095,0.017918342822104805,0.2548991187161585,0.24291335489416677,0.1111222577779072,0.6398793701234003,1.0196700038657482,1.2420372903744588,0.5845963495206404,0.14647986045956732,0.16432349682728664,0.0,0.2541077165848822,0.02128892195961063,0.04703848136842903,3.5453406876272147,2.802370109258561,1.1246898996333706e-11,0.03373483226049756,-0.007667195855022624,0.013385127160333354,0.07804678715343187,0.003116581138567986
CSCO,2021-06-25 13:30:00+00:00,0.00529108363941555,0.018834436970428747,-0.03171912196185778,0.0028310151835819752,0.01642130480167836,0.1938553873343567,0.1921324296946727,-0.0086816619759853,-0.018461379834222136,-0.06147842480189958,0.03773778398272132,0.15949434689082775,0.164432453877025,0.08556545554815365,0.017749940601467062,0.0998665677881293,1.1102145949759241,0.7479816706288476,-0.0208081125271768,-0.07006411194889192,-0.035798611039376094,0.04634186011453578,0.013975817434596083,0.15068316446785235,-0.019011847707037496,0.07135741660711487,9.627291160584737e-12,-0.00018941691779639225,0.0054955640135532224,0.02129239501780411,0.0890006588616171,0.0015428991898820512
LLY,2021-07-02 13:30:00+00:00,0.012169849683948186,0.0161148397019808,0.06813525881219284,0.1434230149279676,0.23979830093423438,0.3347754375550025,0.37464120336554174,-0.0005250527015201456,0.1049715974230212,0.17091482004541803,0.17927438980775712,0.496027704034756,0.3104518697544246,0.17034697682253463,0.289143154225753,0.7724169969532506,0.7438700121838375,0.25544027087692467,0.11482015852007729,0.18855794516620542,0.0,0.3015449154421055,0.09309421984758015,0.1509258052372202,-0.6131590437401638,-0.7558178064603637,2.03381706351952e-11,0.00363430676679255,0.008578719160007964,0.038451417504946406,0.08671334833006963,0.005472861061907878
PM,2021-07-12 13:30:00+00:00,-0.00858812231418149,-0.01760155137260533,-0.004959859958210799,0.022265438296027007,0.08749459093281864,0.19604578095424507,0.3561231828444411,-0.025271029142746926,-0.012492265349715481,0.024108839964145368,0.052267574852439935,0.12317862860308455,0.13531904683016016,0.07549290916564465,0.1807573160095196,0.6465800120705378,0.5109423069411843,0.4122743795919777,0.0045062570112933305,0.05510812910568531,-0.01744754895153411,0.0987704119202879,0.018810533587820588,0.1498071805548884,-0.27149963267244864,-0.10541031062656803,1.5569476189126768e-11,-0.005130863690237963,-0.003438126604889402,0.03475770364574249,0.09844621661048111,0.002200159317568234
ABT,2021-07-20 13:30:00+00:00,-0.0005055409418677215,0.004473532422140103,0.0030419395343299627,0.07717564604054772,-0.0068400346474559726,0.060741482359085275,0.19573694462079327,0.015168327766040157,0.039435077073488145,-0.054767622484092726,-0.07559438966232612,0.14407819250887158,0.24985662781850632,0.05816136727548775,0.5356511259384077,-0.027375838324467078,0.4545385830562627,0.20897249643533136,0.0600211012985233,-0.028624972512025414,-0.0349636359838682,0.1265902617984065,0.017945698987086756,0.003538406112952419,-0.5113197693809193,-0.41374427471622954,1.2657932837041292e-11,-0.0021048944066941466,0.0016028550697886335,0.03774056896705957,0.10632716949617882,0.003761372222366418
COST,2021-07-27 13:30:00+00:00,0.0026192988625579616,0.01927319089273727,0.041574406985829704,0.07289062052839679,0.1386046640455847,0.15480487428997058,0.2927789597249566,0.0007434121708680408,0.044136371785882034,0.084734743688891,0.013350952409343364,0.11346922933265455,0.15355043395983156,0.05889386563975099,0.6423822648403243,0.9026654010098295,0.7391100545352314,0.5443796414793067,0.0516380661721971,0.09878886427294024,0.0,0.1505965866466612,0.03828545494132163,0.07070558701414442,-0.2906709199646146,-0.03697367482074095,9.33564759672271e-12,0.001819395135875812,0.0008018781537464381,0.028754248742514754,0.11314559160163795,0.0015620183071691676
KO,2021-08-03 13:30:00+00:00,0.0007027987894918653,-0.0059554660457799,0.019335599584953123,0.049334975549788496,0.0575803973031368,0.1664389128641437,0.23817319367043543,-0.010824440243094813,0.03235164501345977,-0.005441428092608724,0.014259581457546133,0.12110722153223849,0.11354494664799915,0.0715782906666033,0.4073660920100923,0.507115455183064,0.573915594854662,0.5683572117472075,0.03958797730241805,0.021411188892310862,-0.005937767409840533,0.06201666065234335,0.014914966703258203,0.06053631291970207,-1.247231298469984,-1.4250871352476018,8.076344048883245e-12,0.0021095475436712086,-0.0014035408969932384,0.016983330536328722,0.11522694737908773,0.001036283453511209
PG,2021-08-10 13:30:00+00:00,0.0006332294386695025,-0.011739514641888604,0.010031597791301472,0.04299404006746954,0.04408866587180427,0.11312287855082737,0.08333897932318823,-0.015185376900743286,0.030234325042427734,-0.025629977035158902,-0.019837986152164255,0.13921456606081853,0.13355395597872588,0.07545242527184634,0.3088329137102419,0.3301187564884057,0.387567151956811,0.31359591193507314,0.03804879365543356,0.01706801000205863,-0.011670875399565683,0.08433527772674543,0.027745123343433375,0.02119161888445542,-0.9441849860471955,-1.0775379590614884,7.499352960458904e-12,-0.0018985770139826608,0.0025368233392195627,0.012759715025041807,0.10695958715280411,0.002200159317568234
AAPL,2021-08-18 13:30:00+00:00,-0.025831381421480337,0.003422560696644261,-0.002525406985777856,0.0029332729205888697,0.1617362045713726,0.12396265227034231,0.24266941749939974,0.013572987724601582,-0.016166157370419043,0.09151107815297177,5.63677347500402e-05,0.16918214398999426,0.18665315785970668,0.1302379762130971,0.01733795808121659,0.8665066609424187,1.336667437832718,0.6665103712143902,-0.02259631363055728,0.06786856477021005,-0.031497757807729676,0.18649296285271388,0.04110034567564935,0.08597809591247851,0.7178794552344397,0.789852645892619,6.817859151594488e-13,-0.002596258166925214,-0.022963967763327875,0.019099430291007913,0.08039292554303841,0.0023453120229728337
CMCSA,2021-08-25 13:30:00+00:00,-0.0008402518523120683,0.007594367928928314,0.006578372394938636,0.015588108270018441,0.0495125395637559,0.13865252084321078,0.33340864267647286,-0.01393817690348964,-0.006514088131538198,-0.022636300598119607,-0.028538503714154118,0.09424485112630727,0.13698107560181924,0.041057668025483246,0.1654001049789681,0.36145532765183164,0.8064810919103184,0.5377946393672649,-0.002236895217525268,-0.008674135830056488,-0.005351193671727317,0.07670559665921295,0.015652752329540442,0.07163531741805906,-0.9978450438302332,-1.2364138890524567,8.982188982185087e-12,-0.00033591692579471033,-0.0005041513667588537,0.02210219640155664,0.08022373936848781,0.0013129614329440336
JPM,2021-09-01 13:30:00+00:00,-0.0014386955934382328,-0.00748486122519143,0.026262626329640604,0.04370378162424515,-0.0338428671047355,0.07067954025343948,0.49488432559826734,-0.014392105191071813,0.019563315454123043,-0.11341808131613274,-0.11826428155274638,0.1841622299247828,0.21101645898953345,0.08172253794256207,0.23731131862431862,-0.16038022468386756,1.420542262875032,0.6293651286407477,0.009411229184081736,-0.14688282196935915,-0.0348448870084056,0.08675284674324946,0.02216225762185764,0.06440566502968914,-0.36196328645309683,-0.26308155606934885,7.313790589629712e-12,0.0016883165824399526,-0.003120709004745925,0.02414046617012211,0.07912263195316269,0.0018195771693148752
PEP,2021-09-09 13:30:00+00:00,-0.006337159742653142,-0.007070657605713571,0.010239898924370827,0.015213673991953947,0.060448572268136935,0.17023178442899312,0.15650207620242007,-0.0005026311795974792,0.0010870965068026095,-0.0011954238877986967,0.031664781610976966,0.13782756604061852,0.12381259808444185,0.08156670540983144,0.11038193903439023,0.4882263453264279,0.40630513787514616,0.30523942020924544,0.009473972979145597,0.035402299910824525,-0.013294187400903046,0.08248142301202521,0.011453368866422897,0.07445349933738132,0.1452958280576754,0.25994241560128,1.4234523885442745e-11,0.0010208629205070707,-0.00733050177808281,0.014126577485151337,0.08150955192702533,0.002476837297001059
XOM,2021-09-16 13:30:00+00:00,-0.010691418469546576,0.03148301841865431,0.03741645877124933,0.004668714066823121,-0.08981861739836905,0.011904891846951315,0.459723528207042,0.03551269712943794,-0.002361343757153911,-0.15113759902807722,-0.1281193188302998,0.29156942003576175,0.2731620354524493,0.12141403861837606,0.016012358450520944,-0.328810763361017,1.8846700850731484,0.6597954088243287,-0.008580625610360824,-0.20538466772302996,-0.12364885987320606,0.05860053095107354,-0.025751395268417188,0.04936899983461651,-0.2104649503448479,-0.020024108681043866,1.5101722773940554e-11,0.0007090167326806451,-0.011335448105127321,0.007030057823977032,0.07961857708012125,0.0018195771693148752
CAT,2021-09-24 13:30:00+00:00,0.0010166374982407689,-0.014776887442664588,-0.040769150450186586,-0.08723131976734955,-0.08907085130108783,-0.14375124517873594,0.3258489602691661,-0.020606654563173343,-0.07951936607765386,-0.13221534275546354,-0.2647954662366896,0.24938926581280899,0.2413020775024363,0.18280281813012692,-0.3497797689208692,-0.3691259197724418,1.8031980421027103,0.7443953801214163,-0.07332513997330352,-0.1668689138191352,-0.11206346622307362,0.03676789526623736,-0.019598189911193442,-0.01775589379776954,-0.7865427289404672,-1.2132009805458321,1.7153665105293526e-11,-0.004933477949528808,0.005980135264301856,-0.007711953689695683,0.11047027896334125,0.002510931561084753
ISRG,2021-10-01 13:30:00+00:00,0.01532234318771497,-0.03296237859919948,-0.027137063016107632,-0.05136708253319178,0.07328992369563192,0.27611966556099254,0.3512133568831226,-0.010659336919997209,-0.014444843198413437,0.06908836632395943,0.2030346273005037,0.2516635907839982,0.21535290111438624,0.2346204985378764,-0.20411010735867602,0.3403247567893383,0.8260170332107841,0.4304326743945418,-0.020868683938379658,0.0698193657406181,-0.06748817407318863,0.08293369839696951,0.007982754133533554,0.18213839630955952,0.9932182344185176,1.0432219332826735,1.7072195711337373e-11,-0.00015084582801450086,0.015593530187240079,-0.03692223933477834,0.13871780147932727,0.002200159317568234
NVDA,2021-10-08 13:30:00+00:00,-0.011645570243240755,0.004281522118929182,-0.058275389928586385,-0.06261364125968294,0.015583706800089026,0.314960210537619,0.4100153765241701,-0.00412651431500155,-0.040667464784951424,0.010643590764627398,0.24663434353348412,0.3737505272790396,0.3563308025928915,0.25082959276666583,-0.1675279008046349,0.04373381893086979,1.6016779142830029,0.5157474621898077,-0.027462935097148262,0.0076712320520948285,-0.08807973058830332,0.14722049821592953,0.0074307690065775756,0.26140105984903017,-1.6460727335641043,-2.0830796270831478,3.239428256321494e-12,0.001233382752886314,-0.01279562390392941,-0.021946176474731516,0.15315469435969115,0.001898617657465886
VZ,2021-10-15 13:30:00+00:00,0.006718643764771048,-0.018387112253410276,-0.026295633747352554,-0.028686937537066193,-0.054261730257056495,-0.0877446265331221,-0.062448249776580145,-0.03670333047223506,-0.0290866579919431,-0.10563338582423443,-0.16565177333851633,0.12426763664862703,0.09376260988543217,0.1145229167489783,-0.2308480173174931,-0.5787139492315593,0.36762657347150396,0.45348852858600747,-0.02883388539823906,-0.07314731596677643,-0.05888316693843931,0.018313172808562816,-0.013735461113562497,-0.01857146872733506,0.8562655985388976,0.9853977511028195,5.88087625018854e-12,0.003081814396034277,0.003648206990739089,0.0003997204548769062,0.16193338939801458,0.001898617657465886
BMY,2021-10-25 13:30:00+00:00,0.0036392144809815896,0.015163724190908834,0.006769048510282261,-0.032892725989142946,-0.14670166220655556,-0.1164104208015555,-0.008156203030675435,-0.0030794134636766834,-0.058601682000325006,-0.18680086092959858,-0.2103795398812922,0.18566214656796728,0.15861915674409074,0.1640517210048196,-0.17716441718022236,-0.9248672431365755,0.6085402157876704,0.4257077250655885,-0.0485376596278634,-0.17110363725038882,-0.15912422956168015,0.015279276787009577,-0.05762967822183718,-0.020194450862109914,-0.34881874061556084,-0.35995438313611183,1.501887282980963e-11,0.0020833418327070863,0.001559254170054869,0.02570895601118206,0.14292965548384,0.002200159317568234
INTC,2021-11-01 13:30:00+00:00,0.011161889912736811,0.002829420221943657,-0.09466773732037481,-0.08340580146538423,-0.08063485366793932,-0.12569541265448603,0.13836538227131445,-0.007386733182719318,-0.14163395256043154,-0.1260812315983304,-0.23416361598062263,0.4937940669732247,0.30198509653039346,0.689131752414038,-0.16890806723667418,-0.26701600375111156,1.0543722277866148,0.3876241121387759,-0.14479994685536487,-0.12855225241123822,-0.11517852362002068,0.03466267142091484,-0.01804946829380949,-0.061377607921805355,-0.20628829994916892,-0.11218370133989998,8.133074424274634e-12,0.008163238623348779,0.0030363908205057744,0.05822815109504731,0.08820313800389344,0.002200159317568234
NKE,2021-11-08 14:30:00+00:00,-0.032405193838465074,0.0326481579036173,0.04541493549118769,0.11958868545592694,-0.0007922505603543684,0.22943025749714518,0.29529055358980205,0.013496788068490417,0.05061720095968347,-0.06194413606701765,0.09855972908351873,0.21969929022256998,0.23740285719237272,0.18728835513842934,0.5443289567971551,-0.0033371568047826415,0.8552257264807561,0.39942308953592,0.06060249752117091,-0.05309091626845849,-0.031885771325414924,0.1832954103957487,0.031095782262972937,0.07741118401670799,1.8366496061796662,1.79910071317961,1.3939497354068803e-11,-0.0065350941382994465,-0.025517436033764107,0.06897148449624346,0.07167128369894775,0.002476837297001059
USB,2021-11-15 14:30:00+00:00,-0.000661148373168885,-0.0037966667934377085,-0.005278677852384117,0.003811523987559351,0.07079291127058474,0.008538836793802407,0.36529625859226966,-0.00040525990602802153,-0.04345233540244964,0.01609927360172181,-0.12454821979480579,0.20969300448336572,0.21702362766283195,0.18742190935500821,0.01817668642284968,0.32619909653601703,0.7912390129853838,0.40935691008782754,-0.033585485466071326,0.027517171384893423,-0.036340387572523225,0.10090071801628997,0.023201507646009256,0.05936608791914866,-0.823083320121972,-0.9694118409741767,4.40464732927205e-11,0.004297736415406428,-0.004937446434806425,0.04726385939000899,0.06832249364354662,0.008781143989039737
BKNG,2021-11-23 14:30:00+00:00,0.01897326443944891,-0.016605501828399483,-0.12324634985400618,-0.030228717765988122,0.033593290674035714,-0.0025041713682201205,0.14761533746963806,-0.01442458726856799,-0.05783251128093703,-0.012007505162399568,-0.12025380736653091,0.36520192269062607,0.27367609496467504,0.15709282851335254,-0.08277261396456505,0.12274835578303539,0.7630583552714454,0.30249911082186703,-0.05129202304475762,-0.0012027775959835701,-0.11595414883334998,0.02825453858453786,0.004803055996076999,0.050193839130170614,-0.825962035185443,-0.8927301785613122,1.7133980126705552e-11,0.006577820877808449,0.012494393826599337,0.027603793514948904,0.06802678474419155,0.002476837297001059
HON,2021-12-01 14:30:00+00:00,-0.01404196641218558,-0.07986545389425004,-0.10442246806561517,-0.092810641021571,-0.13748403811533727,-0.13089032801351674,-0.016489895080068706,-0.041433102303454206,-0.07176592954106109,-0.13774523839509634,-0.21072674250467305,0.1701025029601562,0.16695434324552383,0.1299453634981037,-0.5456159633542277,-0.823482848320709,0.9179853569663613,0.6952281402905809,-0.07349190404088103,-0.1377238161473916,-0.13286655714705908,0.0,0.002377128865946654,-0.011192580512729755,0.6052889580157824,0.615575905728621,1.7596344884776777e-11,0.016861183809870894,-0.030294225155939936,-0.021044711480509903,0.13425706988275363,0.0015428991898820512
NEE,2021-12-08 14:30:00+00:00,-0.0009960341350572222,0.02784196150238838,0.038313313689188,0.06996216145594314,0.05529303607125957,0.2149214749285191,0.22311708399296482,-0.01344332547826621,0.06887295579092534,0.007178522384729824,0.10516296508605372,0.181188186326553,0.1899227933111049,0.11486797924581575,0.38612981825344445,0.29113428202736186,0.6794078976800819,0.49568575718792457,0.06922214652493217,0.02260365547959487,-0.0009955382577087057,0.17406524467190465,0.03777824666681795,0.07575674847860703,-0.6622474638971558,-0.6181701895383765,1.6306410133217136e-11,0.0032075059502958414,-0.004189606021760328,0.0010892056650178006,0.16991791297327272,0.001898617657465886
UNH,2021-12-15 14:30:00+00:00,0.030643978773976954,0.0530002283762947,0.10997064560362979,0.09553699869172316,0.1738582257002017,0.22890291149064268,0.3892924894567411,0.05057082808608371,0.08862698584908468,0.11928463301267733,0.11301033717341014,0.23321402582905787,0.21483837001305658,0.16284637374364752,0.4096537433891315,0.809251278948149,0.9166304503092362,0.6113850339057502,0.08920307050813285,0.1238344088600434,0.0,0.28160088285777407,0.02432489925003445,0.08963047476908259,0.6224925209677437,1.0677174965929481,8.203723136090348e-12,0.0023776748452011276,0.02867248981303594,0.00691001284263848,0.18375443669200886,0.0020686340435400095
BAC,2021-12-23 14:30:00+00:00,0.0031569237826345464,-0.012972542551033861,-0.0015745892375922388,-0.062238163057831475,0.0574939962968779,0.07502203791209983,0.40989561120191365,-0.02545310514064969,-0.07092473018024359,-0.004505320351665176,-0.030121770190818964,0.29710433762386584,0.24897316370284595,0.17203501176335684,-0.20948251229042977,0.23092447170530414,0.8949816552236103,0.5219615516198569,-0.07001248127925887,0.0020057452600320824,-0.0772420341155684,0.05144411989625852,-0.033067270384058434,0.10223865446934854,-1.0270135596397136,-1.3609189325790914,6.8014599332359235e-12,0.009033687236219778,-0.005819206232750895,0.008686567122412114,0.20812767418309555,0.002581057347197048
GS,2021-12-31 14:30:00+00:00,-0.007733805171866948,-0.006488115889738744,-0.03800874685778144,0.01599425673403676,0.01195130259167243,0.032286332200099466,0.3894116885891359,-0.015530841485238867,-0.04016738757467131,-0.08139378133157305,-0.0652603090948185,0.2643905215008215,0.24995973889127904,0.19231429965232358,0.06049481896417783,0.04781291036982038,1.014935457211498,0.5555664567492986,-0.04100618741017138,-0.08278793283841236,-0.09267738199775755,0.0294394132290976,-0.02049475345801055,0.05128301795409951,-0.613931926433602,-0.7415795511193212,1.4146708089679071e-11,-0.0013488920789997971,-0.006363668069666151,0.05616164430870807,0.16436211794403371,0.0015428991898820512
MSFT,2022-01-07 14:30:00+00:00,0.0005096765749295074,-0.06854287073453857,-0.06368425452701842,-0.06452057057855054,0.06488165393824818,0.12808837454951227,0.3659689305677718,-0.05009490794873006,-0.060948965120795506,-0.0016074307652580444,0.056659173810544416,0.29678788209261253,0.2342587520671447,0.19640409570753092,-0.21739624314720815,0.2769657627120433,1.2115090928400847,0.7190691412847816,-0.06019353809044305,-0.015670476754664195,-0.08472501120145881,0.07420994181894947,-0.005133954313232936,0.15138707000937024,0.34522226107124365,0.3430067631370186,1.5518581102982556e-12,0.0008602122252681088,-0.00035010457892548086,-0.003571605457755034,0.15695729025593852,0.0015428991898820512
TSLA,2022-01-14 14:30:00+00:00,0.01734643545565273,0.021815649454993924,-0.006807924069248905,0.0727216324429012,0.21917135231638074,0.4850339502699734,0.2393855047695128,0.024993848696950316,0.08190083743282361,0.1741766850736557,0.38866762746007044,0.7464731068430795,0.6990391136749543,0.35275623497422315,0.09742029789987924,0.31353231604475434,2.4400463412645546,0.480822304670221,0.09511931799427874,0.10938227913435337,-0.1465961068492968,0.21444687272832952,-0.009209200067097911,0.3233056020725753,-0.27070496761519147,-0.1332875884357448,1.2307598575662195e-12,-0.011322679458904195,0.029150499797302443,-0.009179204989922418,0.14559918625574614,-0.006381031019444597
AXP,2022-01-25 14:30:00+00:00,0.08546338068943982,0.04091581811876566,-0.0036327652779855057,0.055409436089596475,-0.049274592639320325,0.005972127796960436,0.4096413876058147,0.0904377437553654,0.1352018110138271,-0.005772578352450708,0.009374943360787036,0.3896369933526475,0.3572368212600958,0.15370193327092113,0.1422078422606224,-0.13793256939615595,1.1039026357333803,0.4686675836714068,0.14349244907988076,-0.0012526044083337878,-0.05234269094659605,0.1565004749039216,0.00972645804404526,0.007612691470687993,3.6881079921092703,2.7384946713913005,1.979088566658944e-11,0.04536588081394477,0.0419525776170393,-0.07979237492423064,0.13569509769062005,0.001898617657465886
GILD,2022-02-01 14:30:00+00:00,-0.00306222905423148,-0.0053891243531944966,-0.028223782103570905,-0.05870716164131817,0.05231664274735692,0.00046705525853862895,0.0918410748247731,-0.04689766286475905,-0.011380599633151967,0.06452627192732496,-0.03276969349188441,0.17729990327342768,0.1566870443564258,0.1264222742175103,-0.33111784359397756,0.3338925880071424,0.23882665772764666,0.24875854957492446,-0.04740431701516762,0.05523262767650264,-0.07020635121053509,0.04955195074560992,-0.004964188141110437,0.03656024900158794,0.5636563974160882,0.6094661737835865,1.4853253263335995e-11,0.0016017402498649247,-0.0046518344324772976,-0.047326562008166206,0.18640952781459583,0.00444381191209758
MO,2022-02-08 14:30:00+00:00,0.0005950908352225781,-0.004353948964799681,0.0077648997637775885,0.012975413858681506,0.1311910524456099,0.08405266319641269,0.22261208349092954,0.00021961341667742218,0.0464275754625163,0.16712561384218194,0.058835339086321436,0.14425608338066204,0.1580100423025017,0.09525488351732198,0.08994708267825396,0.8302703456939257,0.01165971281011987,0.012614660713201713,0.013365456455859938,0.13161003911145155,-0.009040902202645529,0.2051631647261063,0.054321611531574554,0.024024776066493336,-1.3876454454687257,-1.7008022261817066,1.9102605586513914e-11,0.005159732016634111,-0.00454103356346558,-0.033452161603834796,0.2015349292909966,0.004969546765755539
T,2022-02-15 14:30:00+00:00,0.011986100515477549,0.01657046739455481,-0.0032811217927575242,-0.11036052119287465,0.007999537964709535,-0.09459085288696256,-0.09578745402008071,0.027218172636346516,-0.06943885358920454,0.05119039771566358,-0.10609363080487144,0.41193469012608985,0.33910046469008504,0.3919472549046365,-0.26790781120933077,0.023590465946487494,0.3097904623700385,0.16723576874911844,-0.09768337886498066,0.021379654377117075,-0.1087514495299825,0.12761349397739896,0.018023023653403802,-0.04696461482363823,-1.0728728781224504,-1.4487235608691964,1.1037628921688144e-11,0.0049896089357561735,0.00703351823951226,-0.04092166760367011,0.22131194188589354,0.00444381191209758
AMZN,2022-02-24 14:30:00+00:00,0.044108004973856474,-0.04358296827366104,-0.06293278167984262,0.07810553943030385,-0.16774906984637195,-0.08604905297916332,-0.00986149406513892,-0.0017546195920941088,0.09245233304535727,-0.0822964684295,-0.04619724739872666,0.6456538576430291,0.43066564863599927,0.38885982163709426,0.12097122708354832,-0.38951114484674,1.4814165213851769,0.6688533549226175,0.09935911652054735,-0.04115817431207547,-0.15452136484685308,0.09011812783955975,-0.039170815976272366,-0.05367168899239616,0.20388231002039126,0.5192327508936561,1.776815404737336e-12,-0.03445146344931238,0.08238497052563054,-0.014346793615053421,0.23323389310216133,0.0015428991898820512
ELV,2022-03-03 14:30:00+00:00,0.011860544212453306,0.059765574478714,0.022510850365613955,0.06637390301909285,0.15041958014362855,0.24466684225946356,0.3897469250972234,0.04261906051591957,0.1050827211829164,0.18029331600691023,0.27427937784298617,0.26247474417638056,0.2489296641431678,0.12179387907035356,0.25287729387971214,0.6042653882227439,0.667603478991329,0.5219790503263112,0.0922160446929042,0.17036339013642343,0.0,0.18739229447046157,0.004259855553918834,0.10687418788670722,0.47557287993639236,0.7045913647567088,3.0010042718178454e-11,0.0013160808493761778,0.010601126579820708,-0.038708818163823544,0.22968180616876205,0.008282710820964658
MDT,2022-03-10 14:30:00+00:00,0.008459997523373453,-0.03008097235662177,0.01087630788623084,0.0023962658529903536,-0.06708762429303494,-0.2335236677041479,-0.10143125465144998,-0.006258863918988666,0.0603536300729699,0.027893506988534433,-0.18665705010910827,0.2492882401487858,0.23900360243713856,0.08954184854428777,0.009612430380029801,-0.28069712593842583,0.44438488319349567,0.375841922771854,0.028151642382088848,-0.024879445362888657,-0.06853249474283396,0.05621844262124065,-0.004938084005833732,-0.11046041351028624,-1.079665446117714,-1.1932635867691326,2.249104567423431e-11,-0.007337282803064227,0.015950198351219358,-0.057957364219979546,0.2496923084784954,0.002882599007299396
SO,2022-03-17 13:30:00+00:00,-0.0016068575697802956,-0.002919458699918387,0.02982176456710306,0.0610631075278647,0.034803771269366734,0.06606466850749637,0.16547711143389332,-0.03872705986828606,0.07256516533768487,0.09640670167277943,0.07309400622338469,0.24248705864852654,0.18915844334471876,0.12838382427826303,0.25182006771080007,0.18399269233750778,0.03510063992610669,0.03916313329209381,0.061466837117456465,0.036966073547849934,-0.011844712638471422,0.0886378809048134,-0.006953736283101253,0.04927870164197112,-1.0014919817697105,-0.9557964604718592,2.8054687028690056e-11,0.000875432827309508,-0.0024788300434764876,-0.011502057809820165,0.26503780166158725,0.005942353016820739
AMGN,2022-03-25 13:30:00+00:00,0.008072936632610883,0.010694048454491067,0.042517746921458155,0.08528073224788901,0.07341405420474079,0.12833095759279,-0.02565412953187618,-0.0077530432877326305,0.02671170206140161,0.10898419255753744,0.10190177929704358,0.1569417893713753,0.23387706938782274,0.1082140710575477,0.5433908494957138,0.31390018011130094,0.4312833424659739,0.3882645266897438,0.0600208851440702,0.08875486236551205,-0.0007160057177605372,0.08902274759308382,0.017789234881344207,0.030798744573925285,-1.5268582680150629,-2.280755605562419,1.2473408497639952e-11,-9.302780379361053e-08,0.008105704433319927,0.0585690301864874,0.23735768029741933,0.002882599007299396
DIS,2022-04-01 13:30:00+00:00,-0.001167257919685305,-0.015499775566567564,-0.023802066396568122,-0.06067631654650185,-0.12273437028281098,-0.2505599009392512,-0.3191171932480277,-0.015980567586550087,-0.10257962479017735,-0.07860229835449672,-0.2997729129341824,0.33512637665039635,0.31992552381302525,0.23561987983572374,-0.18105503109890794,-0.3836341934210316,1.067534967229236,0.7109781487033779,-0.10540956333921055,-0.07562184032305974,-0.13230735172758923,0.06176845268124542,-0.03494773778520699,-0.12551896101532367,0.14604426598847728,0.2980415567055384,1.1592655406975459e-11,0.0013122530332096982,-0.002475581383176384,0.0419033082436755,0.23106636511447254,0.002510931561084753
MCD,2022-04-08 13:30:00+00:00,-0.011466561469332781,0.008827520207301376,0.040083305812117054,0.12460649187804584,-0.05464185436065705,0.026141770772102113,0.10709058827397122,0.02039994016659996,0.07045349515603583,-0.017385325258852724,-0.003090784829599791,0.19230000105588047,0.20611151439093214,0.07061844723010567,0.647979673394991,-0.265108208641938,0.5500435108762226,0.567192691938417,0.09481998743660289,-0.03414914229043844,-0.04368630964497344,0.13270263766890777,-0.00924039727237147,0.0025079470265694237,-0.5930919152689303,-0.4378309918209575,1.6367334225139337e-11,-0.0051894548831561416,-0.006244019181847582,0.054152996722010016,0.18045243117796683,0.001036283453511209
SCHW,2022-04-18 13:30:00+00:00,-0.09913622924910204,-0.08624367539770716,-0.10863769774317866,-0.18067426626165695,-0.24063423527231986,-0.07217668666330201,0.1382188401368678,-0.06428039976541822,-0.17705638618301034,-0.18459262978018298,-0.061129748413890184,0.48215737870411196,0.44908036175451593,0.40531063859453476,-0.3747205253754548,-0.5358378049135435,1.199171448279151,0.5748199673226161,-0.176335807768046,-0.17343074205042525,-0.20915201864522492,0.0,-0.0012944051348402486,0.06721994471698234,3.643291796684184,2.8426888122558687,2.7954603082905662e-11,-0.07794562020148255,-0.017824384743298505,-0.003617880078646607,0.162090107396714,0.008667505594937182
AMAT,2022-04-26 13:30:00+00:00,-0.049699064227310075,-0.07207304064174203,-0.06504324801149686,-0.22980508597943317,-0.19785882408655286,-0.21686056554668554,-0.22077133694937956,-0.0051423708514857225,-0.1456648233233535,-0.1579407980019072,-0.13344052517517024,0.43026389508915214,0.4720232857224015,0.2184215222489609,-0.5341026486357094,-0.41917174442727456,1.7442661896513059,0.8306044953137607,-0.08304207064005303,-0.12823116082948652,-0.24329836922224624,0.0,-0.050547004698628384,-0.07550770018713027,0.48513007355874066,0.08635244623015936,2.611560788920275e-11,-0.014239506953247827,-0.03473943899012044,-0.08414026265607966,0.2026871832649295,0.0015428991898820512
CVX,2022-05-03 13:30:00+00:00,0.01700628359535905,0.037368840078753074,-0.05588924527913797,-0.010590878797575698,0.19734270768950246,0.3717153455259563,0.47363442276831247,0.036872292898153525,0.07353362869788693,0.27827272510511314,0.464854992121535,0.33423154014683787,0.3192899522516045,0.2386273269625013,-0.03168725127773043,0.6180673907771264,0.14326440615924596,0.10487498177521684,0.0014611688122007915,0.20893709857500736,-0.06555888596074722,0.22726573995514188,0.022007830565412556,0.30944688759658057,-0.53800880631574,-0.6154723890868947,1.1709358211182156e-11,-0.0011268329556317624,0.018299166734716765,-0.08412450749546263,0.24820452391010248,0.008473866571789581
LRCX,2022-05-10 13:30:00+00:00,0.026417514183548985,-0.055640957469522245,0.004146913447748091,-0.06843516525020332,-0.22409595332049825,-0.27722595823513263,-0.24507196529308573,-0.01323663631003269,0.04652124344545028,-0.10533517712687512,-0.12253062064493747,0.5373367626144715,0.5316739331289222,0.3278196227938909,-0.12735991655814585,-0.4214913302250586,1.8231496854714018,0.8709959823158681,0.14114757510619946,-0.007577281556754717,-0.24174713424235006,0.026769549843936202,-0.059050227502957964,-0.14334063914328354,-0.2272748392287537,-0.2568045207379867,4.1727045716530944e-11,0.030906894806311813,-0.004013306131930294,-0.1149564086956536,0.311087638999787,0.0007203545160404213
RTX,2022-05-17 13:30:00+00:00,0.026358096438611867,0.034937203120654736,-0.004727987341511586,-0.09392086309061742,0.015174412512817703,0.07218259483508938,0.12961943152247013,0.012403419516910041,-0.023461513630997466,0.10075369986090443,0.20095274193413015,0.2664327711223737,0.26784298718172755,0.19342271863436697,-0.35251242816327266,0.0566541340973101,0.543051165942252,0.5170116855755157,-0.05565783121503822,0.061648344287703216,-0.09545584122266937,0.04340671571160781,-0.024359432699118666,0.09047147973079506,-1.5660287228551275,-1.8799369002667397,2.635658703103143e-11,0.020004443229211466,0.006572618521868412,-0.07045934945961996,0.32721763539967186,-0.00016523665052045828
ADBE,2022-05-25 13:30:00+00:00,0.010213461870042018,0.011544632301860425,0.05928859362453931,0.00843298554025207,-0.14180146485905354,-0.50233247598735,-0.23077647989222072,-0.0018523636438398938,0.05482115276222288,-0.06984206516749047,-0.344920474878915,0.4777863751145801,0.4524030677098538,0.2418004657523156,0.017650117247964045,-0.3134405466719716,1.3667932437549606,0.7940735395309813,0.07183601908941709,-0.043447843535962344,-0.14576169137815398,0.06789418187198937,-0.054911217819295755,-0.22215774581683767,-0.6396955717156988,-0.6418420173281827,1.963626402594144e-11,-0.007755820159128013,0.018162482401542945,-0.04638816722197081,0.3379345954896461,-0.004633219795381325
CSCO,2022-06-02 13:30:00+00:00,0.012305264445778175,0.039876235470600374,-0.0546071215464865,-0.08635574507170274,-0.19571034491376027,-0.17111262953705708,-0.12605268867104957,-0.009409158502482473,-0.08875642464221523,-0.15588982523248562,-0.10141837399250075,0.6221608214734526,0.4091097936919184,0.720732068710305,-0.1387997155899144,-0.478380982150578,0.8983422314010628,0.5848304400020717,-0.08851237691395587,-0.15993789040773407,-0.18415196676383527,0.09755503634163376,-0.0725017316701313,-0.08249862583118461,-0.5555759724478678,-0.8229075013038689,1.6453701643067918e-11,-0.0011053530707729742,0.013501562777551435,0.0024006795705124873,0.3087051998474256,0.0015428991898820512
LLY,2022-06-09 13:30:00+00:00,-0.0332099912421171,0.002707625190791596,-0.012322853734864303,0.06297934790808668,0.13435032964737736,0.22360859810868305,0.27519944513264605,0.041370512233875445,0.05683723422116849,0.18901162793410275,0.3732510276769778,0.35731720602772366,0.2970119374059407,0.19628032693121023,0.17625612997544882,0.452339831256527,0.5310303188951115,0.46654116427385967,0.05971769931823248,0.16337713630779796,-0.06253865633439859,0.14259092056441425,0.021620342129040404,0.1334143610396734,-1.2024924914187498,-1.5236677574968798,2.016175856404096e-11,-0.006028957934898105,-0.026797194930048174,0.006142113686918194,0.27227823228953957,0.0004177481851810172
PM,2022-06-16 13:30:00+00:00,0.0006108984280368546,-0.03421007723712588,-0.07769941773541067,-0.07854638422046012,0.06501483393907659,0.08499007148713567,0.03384779293261353,0.05656704476269958,0.028622407696191843,0.24626085539399512,0.3278390233454669,0.3163937862528293,0.2592147569576841,0.2694818425899679,-0.24825514164078413,0.2508145550898942,0.22583701344835533,0.24024725953920134,-0.0543437043191352,0.10594689412385191,-0.09486970029147124,0.07693135137169671,0.010995306397746152,0.05458801143717529,-0.17979478577378863,-0.25500428314813023,2.7438286339775743e-11,-0.0097747904068205,0.010488397357175883,-0.10716879191665196,0.2950865409473913,0.0037790438548047076
ABT,2022-06-27 13:30:00+00:00,-0.0033863135678027234,0.061926032666682396,-0.005029588593814083,-0.036986211970726934,-0.082643907493968,-0.2360442267380991,-0.017673077973741513,0.0024771003404460146,-0.01888802244691501,0.0659827119078944,-0.05184746898344006,0.30371861308456277,0.2949481231127159,0.1788123977311542,-0.12177789038049196,-0.28019811288097335,0.8610741704624435,0.8297477429751223,-0.021402328439638497,0.045334635516127986,-0.1158303943260317,0.06867834211982715,-0.021065132808245624,-0.07379499240644105,-0.6304362835493189,-0.8142912962992829,3.158587757970284e-11,0.004111415737074298,-0.007461325599998236,-0.018098189523811925,0.31477087541348303,0.0037330245271655123
COST,2022-07-05 13:30:00+00:00,0.005133277028710914,0.013422609399287744,0.08898319961054035,0.001332069315309603,-0.1628871585788545,-0.14760508297136266,0.20866636890494483,0.03072320075783086,0.08601624417074749,0.003520844201533535,0.06293499173733963,0.27618566398202293,0.44348482742291495,0.13573477170225437,0.004823093625150319,-0.36728913484005715,1.131981597426243,0.7266795367091486,0.09719299684489147,0.025483638232999845,-0.19570039089558489,0.17248993476489716,-0.031628291151464816,-0.05216847567423455,0.030632296448764477,0.3111589961071791,1.2982024665604713e-11,-0.00041184999484256135,0.0055606150023994605,-0.08468417485543789,0.2963220068006323,0.0015428991898820512
KO,2022-07-12 13:30:00+00:00,-0.004299027173229497,-0.009686288997703407,-0.003822351989885675,0.021178656772105953,-0.011141533066314047,0.05287809014419187,0.17011747377271247,-0.006633910839848767,0.07025232274231463,0.14674642791263004,0.24802258022494028,0.20022537997866818,0.24669349798170004,0.13632900109435225,0.10577408705311138,-0.04516346461283927,0.5233833049089003,0.6058837166947871,0.046862994251589206,0.0714943897561732,-0.046627519565160536,0.06094466405686072,-0.011542696529446173,0.05967820429592674,-0.37839397652993295,-0.3103224264437313,1.0553073906996908e-11,0.0009533183188028538,-0.005238124302815006,-0.04907366597020868,0.27253029475473894,0.001036283453511209
PG,2022-07-19 13:30:00+00:00,0.005081047646663173,-0.004916899999927615,-0.004571599355086775,0.07733862417565351,-0.08094244992178456,-0.09291520216037874,0.04873989575514592,-0.034809108500976293,0.005742959644988055,0.025090026923821895,0.0691588801773646,0.202165685734622,0.2557155295467392,0.08283888233418969,0.3825506979318639,-0.3165331806998841,0.5226035488497316,0.594999102950103,0.03992247580967289,-0.025529501228943638,-0.11853617446843834,0.08824417182191602,-0.008835091431140807,-0.03581842245974576,-0.24444227527914966,-0.1904055556083254,1.290024939583127e-11,0.008792353114518425,-0.0036661410478612266,0.07159566453066546,0.22063752598379877,0.001036283453511209
ABBV,2022-07-27 13:30:00+00:00,0.001854026688944188,0.023156905746926526,0.00271614793217001,-0.003769694270990165,-0.023426317377745143,0.1450204476554049,0.2880744148816641,0.007464451224850954,-0.03538684960015903,0.009442884038868726,0.21780767515666444,0.1573530392226289,0.23419860643794346,0.13227164246227927,-0.02395692062646888,-0.10002756948066002,0.36294131255886714,0.4412323871089074,-0.015244866125536294,-0.01149672627283753,-0.03207829905224058,0.10858730692416962,0.018571679689791898,0.07156275561119396,-1.0239986981810856,-1.063595622007176,9.865939550210014e-12,-0.0090807797273188,0.011036748468159496,0.03161715532916887,0.1883691824201259,0.002882599007299396
CMCSA,2022-08-03 13:30:00+00:00,0.021008975522237794,-0.11962937194209333,-0.08323599661388448,-0.03448208257667851,-0.04122441254064446,-0.24833187828615877,-0.3925584028082736,-0.15273771057280205,-0.11650816789509921,-0.040967002574139766,-0.1671444509040434,0.44277499720353825,0.3366425224919591,0.5521721540492562,-0.07787721256723878,-0.12245753220800897,0.530708009673383,0.4328147468791658,-0.07801398305731666,-0.04108780300965066,-0.12512185450862778,0.02585970510155655,-0.008215317758135221,-0.11566441585424903,0.38108995195679646,0.5041144854779297,1.7003600662438372e-11,0.003715288980949083,0.017451092845992333,0.0820260853184207,0.199071316272807,0.006663150623187877
JPM,2022-08-10 13:30:00+00:00,0.02575305358231006,0.041212794275558906,0.026967391718338618,0.04686203729155203,0.004592229509110091,-0.2593598467205922,-0.2683779509228188,0.028203252031254955,-0.05122596842902727,-0.05056422392817872,-0.19575552396425788,0.3004322904528927,0.29852583108967157,0.15424043365459136,0.15598202583653342,0.015383022274312574,0.8797485423522072,0.7433545994497515,-0.03943074276336257,-0.04393158000366213,-0.09674619849655752,0.09620369782495053,-0.018690778139664466,-0.15291715695064834,-0.08748085013314973,0.1815615606933886,1.0302181744226619e-11,0.022360710797292294,0.003645306111723867,0.0980880057205793,0.19163528084977674,0.0015428991898820512
PEP,2022-08-17 13:30:00+00:00,-0.0005547456114287641,0.024035643219434633,0.018989668913047097,0.0580270860179537,0.039414319980346946,0.09591858553501709,0.1592689811880339,0.007899467996346665,-0.026304886424664886,-0.009344525076285137,0.13273902782647173,0.12005072960421141,0.21239235233437873,0.045886732262115995,0.4833547135386847,0.1855731599897497,0.5535856885707523,0.6394299861641078,0.011342112984776984,0.012422121165756653,-0.0005545917685308988,0.15436854196256222,0.03233955997907234,0.01402107369394634,-1.6186203996089406,-1.579395599572919,1.2288011159666356e-11,-0.0012200482582936933,0.0006662693705479228,0.08433197244261859,0.16943436726134284,0.001036283453511209
XOM,2022-08-24 13:30:00+00:00,0.005900759539276379,0.06690814494633379,0.08474538491877492,0.1048477314876477,0.052996525592939214,0.269914998474416,0.6212460966132993,0.09836583221476491,0.0481951202845714,0.0003772043378198475,0.2823076028717848,0.36035732308190405,0.39601452085149064,0.24582412107705157,0.2909549071764453,0.13382470288965348,0.6239231518855783,0.36753441600276937,0.06950085574327611,0.02016611282536533,-0.048304537875266784,0.1972315237783382,0.03699737017774796,0.12150093606594714,-0.4553301449242871,-0.13393548904212377,1.0379230607955654e-11,0.00010188095347984927,0.0058157298488945575,0.0566526112030763,0.1665671909115486,0.002200159317568234
CAT,2022-09-01 13:30:00+00:00,-0.012365751583244489,-0.0862801624047469,-0.07855752396661142,-0.0023544832812048,-0.18026528355976357,-0.05408349287802139,-0.10885243987043314,-0.029037568034977035,0.042733519804112774,-0.1325191909374288,0.033483119425588015,0.2753271406488727,0.37361114434588016,0.1648047427744373,-0.008551584401217803,-0.4824943963472308,1.0269614399605345,0.6446383649891549,0.04394915729223796,-0.13123188752784162,-0.20056272567281808,0.081032812275879,0.03879893241706789,-0.08271144454801027,1.2795125027890197,1.0064122951822287,3.452473755276595e-11,-0.01320996150255882,0.0009326722164295642,-0.045088003085317574,0.20081354551790917,0.015836479793106473
ISRG,2022-09-09 13:30:00+00:00,0.029995408377080146,0.07119964130747292,-0.01657965500564096,-0.07203059741925966,0.05274025852885611,-0.21977621132359282,-0.4772013710645453,0.045507827979411886,-0.03962486541769916,0.03613165078004599,-0.18172352078567755,0.3651364330297572,0.3741633753723568,0.2644561483236195,-0.19727036500186615,0.14095516023280072,1.2805619702430235,0.7934269068370142,-0.03053304940017395,0.03147190706704627,-0.08718963459790818,0.16050547707181706,-0.004391448035248158,-0.1668396948769688,0.603632619437562,0.7690239495572365,4.3075655644559923e-11,0.005028409708258019,0.025294203180628916,-0.032405732001560494,0.21081060031558999,0.033207687377325094
NVDA,2022-09-16 13:30:00+00:00,0.020592414169295026,-0.08625985156209426,-0.054184888230637274,-0.3284493168307683,-0.16697267779964298,-0.628898133873879,-0.5211158871778561,-0.03721021802624547,-0.23085777607027103,-0.22530877401242977,-0.5059882086317473,0.6364959848540923,0.5773267396177068,0.5342496571783768,-0.5160273193334607,-0.28921694829206884,2.0900809531465834,0.7903980099524631,-0.12447509629902453,-0.2888998413749152,-0.31293667306922046,0.020805900813628098,-0.0909571337253432,-0.22702777083913028,0.4086154902311076,0.12101211451012145,3.3615997418649634e-12,-0.014463672394370741,0.03578718736191755,-0.09759154076049725,0.2533896669450208,0.02316207765037785
VZ,2022-09-23 13:30:00+00:00,-0.010321116368795291,-0.04284404878692838,-0.06656085579241822,-0.09710243996545165,-0.2417314335362999,-0.23041293040252508,-0.2715367525105834,0.0038365276357619216,0.015711989949304783,-0.1875733382824274,-0.03644483803699039,0.20338338892779928,0.2291273817643115,0.1323031454800126,-0.4774354507384221,-1.0550089285485458,0.4330803805948554,0.39862860905338937,-0.048244723721377294,-0.21827662503146036,-0.22540166903491787,0.0010132704205274567,-0.05772375763366455,-0.10279444746105282,-0.4906745861510561,-0.6998478501763988,1.5878369938346e-11,-0.009266260502365342,-0.0010111454537986564,-0.11281442991475643,0.24488966555834452,0.002882599007299396
BMY,2022-10-03 13:30:00+00:00,-0.00790865992174794,0.005402140169421976,0.004832191634950078,0.020627966957240673,-0.07416874271520069,-0.03866916638990325,0.19289293089977688,-0.0008886522530060503,0.09410991729460516,-0.03762487461093933,0.16428270449474613,0.2256003239719222,0.2335351126183794,0.08181647386764755,0.09143589244050905,-0.3175913972148595,0.20770443532175636,0.19763552504423545,0.03589049395840431,-0.06657841922613233,-0.07465256312265445,0.0566291978018687,-0.017987069419363455,0.01405761595518018,0.2530242575382904,0.42623229071318036,1.696000828439031e-11,0.0037978967920326845,-0.0116311914790439,-0.07348195033736449,0.267947787181735,0.00228050275008155
INTC,2022-10-10 13:30:00+00:00,-0.02042494271193318,-0.0678812026309652,-0.0678812026309652,-0.2218729276939655,-0.379688859889058,-0.6058106124747913,-0.7261780491448167,-0.049492567927449826,-0.1043105293250246,-0.3278087352391359,-0.3960425268459251,0.41436868324111753,0.38745892081169986,0.307719406375666,-0.5354481085745072,-0.9799461039473187,1.1997709657992774,0.727041208250917,-0.08082497546118189,-0.31744459263203406,-0.37319858989824506,0.0,-0.1221657980652946,-0.24094968464087096,-0.029715242449658154,-0.30246758931904405,1.759885178364835e-11,0.008553606791908752,-0.028527361447197364,-0.11756239836894089,0.28065805738583566,-0.004496885458208943
NKE,2022-10-17 13:30:00+00:00,0.027266175800119363,0.037137609250428305,0.052130197318817295,-0.14606787551656097,-0.19074513114709912,-0.37517602689796625,-0.5537644206663019,0.018689712280843374,-0.0960030076530538,-0.1274206949657133,-0.20581911387097396,0.6110050931622234,0.44330606438802644,0.5869797187742206,-0.2390616332845847,-0.43027864148535455,1.3956403060145481,0.7575637460012535,-0.07619532801095791,-0.10236699565671108,-0.23574094744664076,0.08241084412103628,-0.10601179563263252,-0.14115351833997658,-0.4451493930341637,-0.6599497007275813,2.3938774292388065e-11,0.02261557242497436,0.004914581117731576,-0.05006486786350717,0.2871861480023469,0.019199598662837547
USB,2022-10-24 13:30:00+00:00,0.015189172894036318,-0.036054794043166805,0.03211744034058395,-0.012128435866523013,-0.13064973241386513,-0.19043054991838826,-0.3844645160399529,-0.06843295496664359,-0.04112230534918293,-0.10348178318484491,-0.07552732147370822,0.38038124038706705,0.3051800614433635,0.19383932741383927,-0.03188494746528877,-0.42810703882799894,0.79774508225449,0.6430601274505167,-0.0352581526618435,-0.10897663452147459,-0.1559385169832177,0.06032505722771275,-0.06416331007201614,-0.10986815853985776,-0.44326502015407515,-0.3337762598186809,5.06993028751014e-11,0.004443536306234952,0.010813528045978904,0.028993869482659917,0.2909539539184607,0.018811749155364595
BLK,2022-11-01 13:30:00+00:00,0.009384489166835763,0.024940325927265583,0.11519066616340279,0.12964786800027195,-0.049985864703422145,0.04722097560922034,-0.33600040220470095,0.025590897242007138,0.08173144043668934,0.020667661155677308,0.11813191143482449,0.4353767628244985,0.38955067375328295,0.18987207581623877,0.2977831594850949,-0.1283167199322573,1.4669869463222944,0.9121012258218189,0.05935509425009848,0.05366193544352142,-0.13235078175253312,0.22764074642360432,-0.04500877490275279,-0.07161895973936605,-0.38331789119874826,-0.04580326563156203,4.635672476756795e-11,0.01676713087623538,-0.007217453335954915,0.04791642756358261,0.2507311260776768,0.011132366499448725
HON,2022-11-08 14:30:00+00:00,0.007551164187415971,0.03986437129888554,0.10838282849649161,0.20670809519293432,0.07417349930125194,0.09184121060152783,-0.04587532939223404,0.046904164978081475,0.14744282660503227,0.16487636108385129,0.12738761894683837,0.2617372386400424,0.2720556536938076,0.093843837771733,0.7897542446270412,0.2726409037789471,0.930343600591049,0.8456458757688343,0.15157103182486992,0.15855832631598765,0.0,0.2658564924116882,0.04085713087240084,-0.01762635482524022,-0.8530337538714855,-0.3869383091620898,2.6579299431663217e-11,-0.0020975710712588524,0.009697658724373559,0.05926526858790204,0.24774560640343962,0.002784522278970755
NFLX,2022-11-15 14:30:00+00:00,0.03587108801441685,0.16331568621503356,0.07860653609623558,0.23555096562754674,0.25179812847769556,0.48725017270328275,-0.783889733063984,0.12098167251482872,0.15239958030902478,0.316303151783178,0.5029963509521331,0.7002369944790369,0.6155265017242337,0.21814336267784362,0.33638749092768544,0.40907763966677324,1.4048969832089588,0.6214897395852728,0.11873183524390954,0.3424210411213915,0.0,0.4475710122194487,0.11461436959090565,-0.0371728648173244,0.09584818810176032,0.5802595337411894,9.576710158046134e-12,0.0331807407685476,0.0032341649823166563,0.08315138531852195,0.2847840846306669,0.058580526931651604
UNH,2022-11-22 14:30:00+00:00,0.011343442506117185,0.03914358590401612,-0.05569486415248637,-0.03477385337051597,-0.022105541573104404,0.056730245326286344,0.19148942524894075,0.035545600277825606,-0.08914506339175166,0.007343808837756427,0.03356027448202781,0.27953475395993604,0.23558045403594635,0.18282826168883076,-0.12439903403030841,-0.09383436186828725,0.48097614497046226,0.5506403194190358,-0.060925108363909276,-0.007941106540604263,-0.057749938071215756,0.04857091362984067,0.020017611015729075,0.026962376067861005,-0.7154097638620588,-0.9331610628716239,8.178946058551082e-12,0.005317370070376803,0.006058438279838985,0.05437121002123568,0.2696763095156744,0.001036283453511209
BAC,2022-12-01 14:30:00+00:00,-0.029120432382195194,-0.022759396975169377,-0.01609028298967896,0.015451441315326608,0.0938609517930784,0.008301047357892166,-0.15404651490459553,-0.03538759781788725,-0.04230721981176755,0.06166781343976613,0.023854001626914645,0.2620936940348385,0.33322710772315967,0.15172673748734572,0.0589538843054833,0.28167261791635734,0.9832583769876152,0.785781742304553,-0.041340246081477655,0.06220677882566283,-0.04286160669737715,0.23492404379690246,0.07607665087333593,-0.03297837542221549,1.3757886105110557,1.1887098816686272,9.326295880984269e-12,-0.003454683530586644,-0.02533335367704126,0.05775866112709416,0.2594131123027092,0.0015428991898820512
GS,2022-12-08 14:30:00+00:00,-0.005125199535756408,-0.06939101425243344,-0.06919172148957031,-0.009915538525486767,0.058053515458300176,0.17706356754249608,-0.07794453146384406,-0.041340749318991676,-0.0466637283983351,0.07960245536649069,0.18200389970187647,0.24011195946823014,0.2988018422573416,0.1264102555095454,-0.041295479606457165,0.19428767580456174,0.9192969310840915,0.8168721966674685,-0.04369803669849173,0.07786338978401522,-0.07311541822582357,0.23696981090784264,0.09805987395591798,0.06412502841521683,-0.5824702130899215,-0.6874923927250213,1.244953646819347e-11,0.005862609008198794,-0.01091073176361368,0.036748189872848336,0.25722284470242773,0.002728653175765552
MSFT,2022-12-15 14:30:00+00:00,-0.032439005458943626,0.00648651538265721,-0.022554219962948707,0.03149338681376168,0.02011075939999518,0.02129185912652254,-0.2862658091811685,0.023238702042923443,0.05383139730138442,0.009362252432603135,-0.0477927440536563,0.31682901318902973,0.40334305280721333,0.17841790840689326,0.09940183980237877,0.049860185417914114,1.3854382303912556,0.8760778979092078,0.06244132053419504,0.005219366927743463,-0.03191850428291443,0.1655156502281261,0.0367696330319065,-0.0872587894438166,1.1005177319137143,1.047478092843377,1.8995012115939364e-12,-0.01360731017321326,-0.01856379745972847,-0.02233801048762274,0.19904940694597503,0.0015428991898820512
TSLA,2022-12-22 14:30:00+00:00,-0.09302311928086482,-0.22939441720613907,-0.32472191989492316,-0.3041590942198642,-0.7868605170410969,-0.6730285934646778,-0.9868640959280093,-0.21095187490874956,-0.25978055580866144,-0.8258470581337898,-0.6578570393034981,0.6280067848833751,0.6457744865492934,0.504827531085906,-0.484324535245823,-1.218475696129928,1.3217229501973142,0.5181751484176911,-0.24550296150556444,-0.8383899231521197,-0.5644696169795016,0.0,-0.11369488118662752,-0.2583932356735861,2.449420970263467,1.511603967713451,1.45901938592843e-12,-0.011412424514177455,-0.07830883474999994,-0.04437853841120276,0.2078709127915831,0.08620845692055444
AXP,2023-01-03 14:30:00+00:00,-0.0042729882792915674,0.0006799687410898869,0.005589222626896984,-0.06817693293790761,0.053273402765627864,0.055919500900023955,-0.09328930471562291,0.006037128466610753,-0.005160397578767295,0.010614849434091411,0.04980481567274886,0.21666617212851208,0.31104158594481796,0.14182967432646792,-0.31466348562003277,0.1712742127513429,1.0846303448539805,0.845204485454603,0.00017271354017980856,0.007004641354671562,-0.066438293043108,0.08001743204687717,-0.0003210387170754503,-0.03650106082885585,0.19721435660795686,0.2868071366840867,2.988341184399914e-11,0.012115136148893368,-0.01618294956561961,-0.06301653535914031,0.18388328893437106,0.006092453255687414
GILD,2023-01-10 14:30:00+00:00,0.023688891813183233,0.02028703160481804,0.02781040386762612,-0.018127750797325426,0.3097306384679168,0.3544490991031912,0.24580149837918253,-0.004768484499472869,-0.008216996475917782,0.22362793432857409,0.3202265196137706,0.21741296639344554,0.30376721903196524,0.18373403725972598,-0.08337934529866169,1.0196315437029564,0.5706760854060243,0.4354348543393528,-0.012471920317763672,0.26059388432680364,-0.017964431482460852,0.3436719532551631,0.01993407900531685,0.2546260975463803,-0.36095315435770897,-0.3254959224522773,2.1384054412515297e-11,0.0011749658770572324,0.02276998252202822,-0.009910754321407644,0.193169108043863,0.005812770239841617
MO,2023-01-18 14:30:00+00:00,-0.025794965142845516,-0.044007038964879897,-0.03373494447230341,-0.04421746242483593,0.007356209117863166,0.0667149387280701,-0.06478486524031979,-0.04640070204444591,-0.05345255784326053,-0.06269226113146065,0.05999090466013213,0.15747791711144518,0.18535085291347206,0.1135401798006625,-0.2807851617286999,0.03968802410257745,0.34774441227673814,0.41170707250413835,-0.04742891525343559,-0.01700275499987252,-0.05691324979601187,0.031203389838579287,0.012279415513515968,0.0003629364844064398,3.35229210527,2.6697017548274093,2.702478207949193e-11,-0.00022146964105840272,-0.025249239552716074,0.0092350954184246,0.1706591775857101,0.003441782406656938
T,2023-01-25 14:30:00+00:00,0.06369010418478949,0.07102385383072507,0.04764019204778336,0.12559151661463241,0.16807973843550572,0.1415561616903509,0.0855718988115215,0.04862101319886358,0.07551103826695682,0.1080065884777972,0.1086509609616626,0.2848896388731487,0.23195165001575793,0.08162051062426331,0.4408426965311781,0.724632648330318,0.4849965503783112,0.4508147650844796,0.10130265737471404,0.1389444679356581,0.0,0.17099331854850663,0.013315173358807497,0.03060488933394878,3.3274780740706587,2.8838256253720727,2.0535536088758647e-11,0.030793381520664687,0.0339240545008892,0.050080478347675594,0.16777981767549224,0.002200159317568234
AMZN,2023-02-02 14:30:00+00:00,0.07120315696403168,0.1292514544494754,0.18670635107798006,0.2743389976182433,0.15404738100572235,-0.2116169171545934,-0.2919693779781509,0.09975605059723947,0.18436528515200834,0.06933154277153353,-0.22567922952968278,0.41649544706924413,0.4599699510926418,0.10261442050082517,0.6586842654552075,0.33490748828219846,1.8359740101348645,0.853120491905106,0.10914959993488862,-0.0014886962390377734,0.0,0.3799804947833052,0.04855363506360999,-0.1792507839568368,3.679609498226435,3.374123114821049,3.0490960447780538e-12,0.04850212458379222,0.024127017342403523,0.08997371246623498,0.16794227985201013,0.0015428991898820512
ELV,2023-02-09 14:30:00+00:00,0.004251270582939171,0.010745316086020473,-0.03359335829491261,0.031206800631029097,-0.08563668222274234,0.013914660702480042,0.05217992138070837,0.03407385265988783,-0.01038285915704762,-0.15406377756225975,0.036190427145561976,0.25371043219278344,0.26761167921778456,0.17726343494697172,0.1230016454637404,-0.32000353076163957,0.25216789458618377,0.19625745638534092,0.02071922368571412,-0.10289179878715651,-0.09094325932102953,0.03169883779765725,-0.029245062535954602,0.02048471228041704,-0.7058244844484565,-0.7409234642057254,2.003906400317597e-11,0.002605817100488572,0.0016502028258638113,0.041589659788076716,0.16680777933104773,0.003761372222366418
MDT,2023-02-16 14:30:00+00:00,-0.0034381604327791138,0.0070317972926341454,-0.03935751961457701,0.06717066497408286,0.01840316786167495,-0.10291403055919623,-0.1799097339158573,0.004148811271072361,0.02509168224401037,-0.010572899799199398,-0.06738507491458812,0.23788705784860956,0.2741847607680412,0.1606253598581543,0.28236367956103786,0.0671195868440111,0.8889077199092998,0.5694379826095721,0.029766332379391316,-0.007353882374690465,-0.03859307413819102,0.11584186619269654,0.04215435038839588,-0.06642925531808619,-0.6368218239305987,-0.6081335527380624,2.815096197512206e-11,-0.00852162073371665,0.0051331063924806575,0.04207898273007249,0.16333066520846706,0.004153444117215311
SYK,2023-02-24 14:30:00+00:00,-0.003957025643615886,-0.003425215388471514,-0.007784895251425894,0.03633501799917482,0.14980197227111614,0.21707570173635737,0.04624962514945441,0.026222007604489228,0.04630609889392456,0.15407111322939304,0.2507941931054951,0.40354578470531616,0.3072785516700568,0.19504694384971588,0.09003939423059017,0.48751197067593377,1.0459535280349999,0.6092360143073008,0.0467643052393607,0.1542672953181046,-0.07356813288525277,0.15812752081610526,0.03646638612377928,0.1367887293070933,0.18940796539291418,0.44560879044717816,3.0619312018453246e-11,-0.01651802140462344,0.012779913352948702,-0.00997108089474974,0.16569390596581515,0.010861960311601504
AMGN,2023-03-06 14:30:00+00:00,0.001276900053099439,0.002811205793938676,-0.02279108899120441,-0.03865000822242415,-0.18694822344401985,-0.027599050884821175,0.04190100333406388,-0.014117614328009509,-0.008939468733013989,-0.18419486106170435,-0.05703882685581796,0.19082857136508993,0.17102673729765627,0.11413942534708715,-0.2025378482160285,-1.0930935501544048,0.39368333333240935,0.3885537395037627,-0.026953464001128975,-0.18586427056347782,-0.1699908488941344,0.014892653896181995,-0.053176402292313796,0.007761901771978552,0.47347887451924553,0.48242444963949294,1.6920354056151517e-11,0.0008092491337468033,0.0004680877037588349,-0.02971053948941016,0.14636149100994975,0.002200159317568234
DIS,2023-03-13 13:30:00+00:00,-0.010420622604547347,-0.08345942330032852,-0.08137084491908375,-0.17545855292077395,0.0005401180320090404,-0.21820695462876394,-0.36686055767125136,-0.03481437564477208,-0.1204315023496747,0.023888263136439214,-0.17330986961614325,0.23241472554237794,0.2990297598692719,0.17615587709343533,-0.7549373324401567,0.0018062350457866338,1.3086484876722297,0.7485189394965078,-0.10344748640984161,0.031094632812873363,-0.1820510346146027,0.1001544463084707,-0.007126051404061529,0.002425919986886571,1.3100754527828193,0.8822784055013422,1.3800775126414082e-11,-0.017954408884756745,0.007726619753778863,-0.055027050571099245,0.15736810241913446,0.0015428991898820512
MCD,2023-03-20 13:30:00+00:00,0.013161613435562103,0.028700840160637675,0.0003695955319420463,0.02405914125344033,0.0021073749669016095,0.0716217229009084,0.15347682526342776,0.0034627141771368386,0.05673105186260052,-0.016534792572435286,0.04223104839417946,0.15365786723553346,0.16873757757408758,0.060942688500419534,0.15657604577161957,0.012489067326904848,0.5514031394659178,0.5525429798283614,0.04207453533568109,-0.008171974740738379,-0.008797323609593732,0.04466819458365512,-0.0004249630341607302,0.034158201501012675,-0.9638627838429076,-1.0363060143364202,1.1844912311253566e-11,0.00239533661918534,0.010827336980840707,-0.03267191060916019,0.17990324519896814,0.001036283453511209
SCHW,2023-03-27 13:30:00+00:00,0.029598695652015117,-0.022529796575003758,0.05527274055660358,-0.3847143009006264,-0.384086368867639,-0.25047222117826395,-0.49320645825718623,-0.029471117972941663,-0.38863093468236487,-0.42811240010230334,-0.3334847935056211,0.945838297286028,0.5891927552764953,0.7843518273932016,-0.4067442627397505,-0.6518857630681417,1.276539685856081,0.36198375721913306,-0.38971403935798016,-0.4402873449494274,-0.3572685800917388,0.056828815451048564,-0.12554960941354143,0.005201673933477258,-0.4432257919540099,-0.16088411973470984,2.1372563240260596e-11,0.029290041339109507,0.0007296774117462324,0.0039166337817384544,0.1795209053989387,-0.0015353125045773706
AMAT,2023-04-04 13:30:00+00:00,-0.018149267323164686,0.03145865117385416,-0.0023282618267614907,0.013240919574069032,0.21890683794387122,0.33601233422249344,-0.04915137480295506,-0.0007792865768401214,-0.0007722597957018351,0.14463048559727554,0.2190774285443613,0.34953166649253326,0.3893860764743992,0.1461707909260224,0.037881888376347976,0.5621845545323796,1.6385872063764342,0.6974266005263171,-0.009720896861895693,0.0971985572524313,-0.031602647316424926,0.22958862576822736,0.02231949111486342,0.15292289391258018,-0.9407571984295316,-1.0947379847536254,2.4505538946257877e-11,0.005068720748586886,-0.02293801560180153,0.014013179369770867,0.17425399986246967,0.0015428991898820512
CVX,2023-04-12 13:30:00+00:00,0.003539437536288048,0.004603954184252856,0.06275804301938237,0.06766048306691008,-0.02717045491960679,0.09410922433083435,0.03309809926647489,0.0059900361950173675,0.006388338052347287,-0.07500520915114706,-0.03982823404004865,0.2842645295202527,0.2630691072765934,0.22111406775026649,0.23801943626628078,-0.10328257544524037,0.7604603648307794,0.4558380990881086,0.02106544531517124,-0.06354688957411457,-0.08769759553430034,0.11474348550369773,-0.013733974146197703,0.006615198836201097,-0.4810092896162641,-0.5401973023563105,1.0925122610473042e-11,0.00726861156023384,-0.003696037755488102,0.061272145014562795,0.13838526700197662,0.001898617657465886
LRCX,2023-04-19 13:30:00+00:00,-0.008820087080691597,-0.01224600783576868,-0.02666670661575532,-0.044356090160923234,0.054013971901494706,0.44992494308458264,0.05715252904465329,-0.027098647998444747,-0.09524274935466126,-0.006279759413155617,0.3195827415206085,0.39194719720916216,0.3823138618806643,0.19250317481041226,-0.11316853514136155,0.14128175116589067,1.5933600930654603,0.6409020024971339,-0.125436862189648,-0.04205565343728039,-0.08915762326658205,0.08573005070114292,0.011106810577829362,0.10510835289461284,1.1719666387155376,1.052716131805898,2.5932879721939757e-11,-0.018955549949894568,0.010370830526835073,0.050886659193738026,0.11271546860191697,0.0015428991898820512
RTX,2023-04-26 13:30:00+00:00,-0.03431457443960895,-0.0635592574988646,-0.038559213529761216,0.007913882580504072,-0.018086646340977452,0.09622476562095628,0.0035312683375536835,-0.0394079487528014,-0.011880146469232855,-0.031826228277703095,0.022412033726522118,0.21722756550663483,0.18981546378944253,0.14935693022791524,0.036431299876913445,-0.09528542079711962,0.5333360920199852,0.4257283293692549,-0.0026429875182126823,-0.025414461277099086,-0.06669228415201423,0.020156504970361366,0.01454287744160121,0.05311920366800282,1.5660311878850335,1.2704615586774746,2.58252477115838e-11,-0.006133333587988843,-0.02776949220364011,0.019794029049736928,0.11395324088579113,0.002200159317568234
ADBE,2023-05-04 13:30:00+00:00,-0.027663752728761537,-0.1007284943574085,-0.12425021540322767,-0.13702781338996406,-0.15524339087127537,0.060799571600909985,-0.1936321599249453,-0.08296391741856901,-0.12822586300397987,-0.13074408036565188,0.0005830438723446463,0.3068583336955254,0.34932854688813747,0.266221477980289,-0.44655073153700764,-0.4444051087556484,1.6893422227982584,0.7251104176190567,-0.12215830695994553,-0.11385567120468067,-0.1285518052072513,0.04770068515441972,0.030096267464891246,0.024528480938888597,2.816004962513716,2.6056119825135062,1.3080088089254812e-11,0.007878352559015367,-0.034888107039117267,-0.008801950385984192,0.12659463095768905,0.0015428991898820512
CSCO,2023-05-11 13:30:00+00:00,-0.007305647794535908,0.014554336819324831,-0.004089286590782226,-0.07756812930670343,-0.00025033498314108726,0.054136154086890986,-0.0326821027875539,-0.002814277256983466,-0.08752087500779204,-0.016448175127693254,-0.030488781397178588,0.23176260251389239,0.21890652133304236,0.21969483571992574,-0.3346878593238692,-0.0011435702400123106,0.6780870629008358,0.45886879361060884,-0.08431695740695352,-0.011233880832097715,-0.10689539611759247,0.014660766892304444,-0.03291571867096865,0.058244557636225824,-0.9121925782606529,-1.193750924760326,1.1110328025118812e-11,0.002569033458528436,-0.00982282471112439,0.009952745701088617,0.13544597248426046,0.001898617657465886
LLY,2023-05-18 13:30:00+00:00,0.0009595794325880647,0.007955830463884261,0.02441485936958987,0.16979314598954787,0.2974534350017306,0.23000533797692757,0.3854022688297425,-0.009116092797576414,0.15762111718967464,0.26706665761727955,0.17064249293160216,0.3050106023373697,0.22825405790311792,0.11815813376097849,0.5566794881501892,1.3031682228755128,0.2697259533822873,0.17404051042745972,0.16651003391690541,0.2892573325014942,0.0,0.4133505288614465,0.11194330078018955,0.08269512690547787,-0.675015758622054,-0.7572167772013164,7.963830155498751e-12,-0.002194473021810417,0.0031614507163459926,0.012172028799873225,0.14625214453392774,0.007850876385540806
PM,2023-05-25 13:30:00+00:00,-0.0173669075591123,-0.02007034006810926,-0.046078986305206904,-0.0787871658219208,-0.06928999942140734,-0.04211668184011064,-0.10837451262101361,-0.008948985312000168,-0.10398914861174813,-0.11820264504271005,-0.08676018650313644,0.14657866846793124,0.18511358640463185,0.11399519909372337,-0.5375077195435024,-0.37431071790673054,0.5024399448562754,0.38782416199395314,-0.09144964866511045,-0.09386566639014922,-0.10590071888157304,0.005428340611540294,-0.012920767746684492,0.011741054702591569,0.8289362188920287,0.89552480646405,2.277684550852352e-11,-0.006930052088782168,-0.010358706332473488,0.025201982789827326,0.1275327758800933,0.002200159317568234
ABT,2023-06-05 13:30:00+00:00,-0.004231712631727724,0.00861440279299508,-0.04862496273415662,-0.06618768377832662,0.014766938639198202,-0.029899740856203394,-0.1057979344817781,-0.008421468911467223,-0.11945410203379492,-0.04371070860005677,-0.08562402571314287,0.1462826777296854,0.22680240968573764,0.1044007999606027,-0.45246426169908044,0.06510926695911033,0.6872711137270724,0.43914037329942057,-0.10279615437701438,-0.025423059107063425,-0.075963988136316,0.07659055608261545,0.007131701906756938,0.017001225481693805,-0.49698304513362696,-0.5775334088597568,1.826163134940336e-11,-0.0013437372037324868,-0.002882908219598801,0.053266418255468295,0.1172487488335923,0.002200159317568234
COST,2023-06-12 13:30:00+00:00,0.007107775437423136,0.005234469189172586,0.02666861621129435,0.037311331519178204,0.10079691597860929,0.08277508914574927,0.10595851865600281,-0.01033784368225188,-0.01415878553140626,-0.021898091787626583,-0.01657177351605643,0.19706804904378766,0.17854517567587758,0.0705166112789784,0.18933222153575888,0.5645457268562172,0.6758571870257165,0.5016687859112037,0.0025248829934858205,0.017872613167622675,0.0,0.08328460488067724,0.009086578975424198,0.01362991608919617,-0.7335242047893971,-0.7894916197816406,8.496319447364617e-12,-2.5623550403697237e-07,0.007133353691106015,0.05147011705058446,0.11822810244953379,0.001898617657465886
LIN,2023-06-20 13:30:00+00:00,-0.0177696515646657,0.018257296766031494,0.016050004955038943,0.004941698672388917,0.08810148883227065,0.11576718017386156,0.25599412203796934,0.0064870427543288756,-0.04122674912843749,-0.02112564696216701,-0.012102123159912992,0.2062444721096453,0.1468431214959811,0.16841458739853796,0.023960393322744536,0.5999701445646664,0.6453397344997416,0.5471089742355808,-0.024852635173661576,0.01761287801852103,-0.020614123262373663,0.09100397313136921,-0.003663704245329913,0.10845466215852073,-0.05298832406288827,0.174696194476017,1.5112598878736396e-11,-0.0023711469030091026,-0.015277781286492376,0.04616844780082641,0.11668527786093275,0.001036283453511209
PG,2023-06-27 13:30:00+00:00,0.009443118957484842,0.01247585050528599,0.03121125126561619,0.03134896267299059,0.033745725705901286,-0.0018644284905136033,0.06456738518288319,0.014982852259581847,-0.023433838129649054,-0.06603308693630261,-0.1456692723673818,0.14712994077205563,0.14281067669744607,0.06629121403667311,0.21306990615566598,0.23629693862030957,0.33355756661383884,0.2818258904285893,0.013075744944971452,0.00046374776134961576,-0.04183416259573236,0.05277189794885384,-0.026210561075292738,0.056432909367616135,-0.37297257860315186,-0.305053659006688,9.860846499065977e-12,-0.0011440205314807717,0.010644043417358251,0.05478280080263964,0.10720233756415296,0.0026493683997563175
ABBV,2023-07-06 13:30:00+00:00,-0.0026923485845449235,0.03514605700098361,0.002845605672648688,0.002845605672648688,-0.14283631351370651,-0.14951674762347178,-0.0766409165934876,0.028048732725483916,-0.02953458662834585,-0.21968097368418515,-0.3006377601405461,0.15938560126273948,0.24025050371290732,0.08956261166610867,0.017853593110696644,-0.5945307556332616,-0.18906201918177115,-0.09247784524054833,0.008967470210568755,-0.1283079068985388,-0.1676773203391071,0.03577097935524254,-0.0377256687074522,-0.0471223738686356,-0.037635217817060716,0.15212886862754965,1.0126162539826258e-11,-0.001017490071518301,-0.001672939592503253,0.03238019230099454,0.10276162821541275,0.004729404593569121
CMCSA,2023-07-13 13:30:00+00:00,0.005182519179348866,0.03223365891139496,0.02813717809563432,0.051936513999882195,0.1298514999794964,0.1311544807766758,0.0995725313765865,0.009537721141673838,0.012432696800591003,0.02892482002853214,-0.01760695340582874,0.14769716056413532,0.263540603902253,0.07420276865997043,0.3516419259619384,0.4927191410233629,1.2479604153257613,0.5626141810412499,0.002637313880901805,0.0038989985504408464,0.0,0.17357993174542896,0.01920153896886112,0.11051783735636511,0.19587271649515392,0.47945678678745735,1.3990244973584578e-11,0.008030172093162147,-0.002811622618594578,0.03950381719929119,0.10252542632585433,0.0015428991898820512
JPM,2023-07-20 13:30:00+00:00,0.012242231530417591,0.0477435714036325,0.08650488839784742,0.09810877767341264,0.10734204891174048,0.14864117856019377,0.3406465440710287,0.04190286057257264,0.06453450365476421,0.015427298292392422,-0.00356730337380462,0.1881037732592153,0.18808544191629903,0.09736760812209624,0.5215673028430664,0.570708970444982,1.034522227341005,0.6499831709634359,0.06337544493428324,0.0122541963755195,0.0,0.17242625394912725,0.033581615809348264,0.06010996867857554,-0.3789424692722736,-0.10530160940069339,6.0018858451837e-12,0.0018150764968427602,0.01048336976522335,0.03357427401864843,0.09353057417793553,0.0015428991898820512
PEP,2023-07-27 13:30:00+00:00,-0.01615270644408273,-0.004075833158963427,0.005318578807254504,0.012328492246067135,0.006908571260982654,0.10586618590224095,0.11936425337389966,-0.004797687818875573,-0.0244746381867893,-0.10987934276434075,-0.024661310059808095,0.16043221444863678,0.13716490392552672,0.11142396559950232,0.07684549071666755,0.05036690190614389,0.27079164532382005,0.22226667710229334,0.0023625120030867884,-0.02471662013187151,-0.03198531503574942,0.046749434005000534,0.007234970030107313,0.035247755600109176,-0.5696896794133591,-0.5958420346405452,8.03623930488041e-12,0.002087702861722107,-0.018072923022917298,0.036803130432856435,0.08416310539721354,0.004038050201799243
XOM,2023-08-03 13:30:00+00:00,0.01723115480697146,0.015997377395527757,0.03524788057980821,0.0019621643715170833,0.001106667467879241,-0.0524137088459522,0.16390321590393242,0.02425616073470671,-0.01084991824663728,-0.09820362885884393,-0.1487890791623494,0.23219199374798347,0.22512626683224587,0.17071275154028487,0.008450611667716577,0.0049157634222393096,0.5545859325300471,0.2652955361300274,-0.005143236414924061,-0.053969425830311835,-0.012991897685715847,0.061434809049790484,-0.005445161904215512,-0.026235692641925934,-0.3273378745413738,-0.1511113832302121,6.6567288662879195e-12,0.00569841601811949,0.011615859514270133,0.012812082618154363,0.09348336689130296,0.003761372222366418
CAT,2023-08-11 13:30:00+00:00,0.0049207441204561775,0.03126710640343955,0.09092670634571398,0.11357049249706908,0.3109504792211224,0.15714510617619304,0.4242345433539372,0.033633583444720117,0.12254327254382158,0.22894932501799925,0.05894611182851772,0.35283117232860284,0.31017808330772784,0.12483566057665611,0.32188338617455625,1.002490169212337,1.3533093880024172,0.45260948267496576,0.12571343997082002,0.199977547411002,-0.011882836587011947,0.39311036317785497,0.0747142336794635,0.07525938349190908,-0.6691361310150769,-0.8831457308785206,1.4088840816998503e-11,0.00042297379628597476,0.004507990306455101,-0.008972780046752504,0.09393367537369715,0.0031956216267189966
ISRG,2023-08-18 13:30:00+00:00,-0.014339687665255951,-0.06282120076427855,-0.0785269892961793,-0.19540798817606841,-0.08792311784831952,0.1745116299172862,0.2189993400293071,-0.04228986709514171,-0.1600631636291192,-0.13232101512084515,0.0997269552603095,0.24626454632274386,0.2409520931032739,0.205918901431284,-0.7934881049421341,-0.3648987511000164,1.118826983579489,0.4879031166453278,-0.15586324474305896,-0.13759668333101138,-0.19434813031416254,0.0,-0.041057872978537024,0.1588836960975144,2.2808250956552105,1.7000736703325698,2.1345870378781076e-11,-0.009031974759657113,-0.00525283271719712,-0.035344824546949205,0.10142610507784598,0.001898617657465886
NVDA,2023-08-25 13:30:00+00:00,-0.024577110641703204,0.0609029310364404,0.11900348715684084,0.002567355198170418,0.19207631262772074,0.6814534212506609,0.9836713413941904,0.05317880307642575,0.03090990644501712,0.12883293263907136,0.5692973956407088,0.5222114487791919,0.43474478172542186,0.28870504905607924,0.004916313505137226,0.44181395775564064,2.1942655447835517,0.5396134832008338,0.06475843885038823,0.05330354298297385,-0.03107774314942413,0.22796546637293758,0.012372422349842482,0.5386999952782594,1.5576674784433957,1.4289920268272545,8.535542431035271e-13,-0.0032017219409129494,-0.021143526317767503,-0.028342551246846703,0.11448463612904093,0.01578667539996683
VZ,2023-09-01 13:30:00+00:00,-0.0034365623199574813,0.0442822384945849,0.04939264207014382,0.05301583581894809,0.025807704216965544,-0.05890733878796217,-0.11532689398778695,0.018612797590918717,0.04743016282294965,-0.03122330608070678,-0.17756192680738137,0.142533828674503,0.2524881725365556,0.047724256536541894,0.37195265371014175,0.10221351740042028,0.6170793871067617,0.2507352739211561,0.04956903214999858,-0.009384956663601507,-0.053253842277280805,0.10807372274938043,-0.019113485103723127,-0.06052814465355616,-1.126258694667353,-1.0481632814277968,1.0932915904805192e-11,0.0002857752532405833,-0.0037153775884078977,0.005585672995998436,0.11970892938802924,0.003761372222366418
BMY,2023-09-12 13:30:00+00:00,-0.00941756987189546,-0.0066182839928417,-0.0229744384727244,-0.016300569078884664,-0.06350676694408097,-0.07427602060682137,-0.11993322267311424,0.0007471825583826863,-0.017423432923097337,-0.09516066794083233,-0.2286249293698086,0.18243167467704616,0.17795540259071876,0.10559708813060152,-0.08935163867645857,-0.35686900211813605,0.3709786769003604,0.21569822660729326,-0.016717127622149934,-0.07524968925459079,-0.08139104767206862,0.009552440431932041,-0.0079051606740288,-0.08003491299217291,-0.11994193884396591,-0.08273901768919747,1.6404295358679053e-11,0.003288973268843476,-0.012620827147693858,0.0011228638442126737,0.11845644692248548,0.003761372222366418
INTC,2023-09-19 13:30:00+00:00,-0.04440386371934979,-0.0670462787578825,-0.010129949691245255,0.10401621898776225,0.04116222144289505,0.22779915090623826,0.2505862971986583,-0.06337983601730679,0.08602846421498844,0.024945017198422015,0.10235481086732756,0.3494119187933632,0.3639690361467791,0.29327394825363784,0.2976893843431707,0.11309264622800334,2.04850742723166,0.5833048758230017,0.06716816973651335,0.007941158099159233,-0.0648480773340695,0.14507815364935706,0.032505516431563075,0.13933412153151226,1.0012338397391427,0.9608169423335762,1.2523639637896221e-11,0.0013161962862493493,-0.04468981919174542,0.017987754772773812,0.11472383979132816,0.0015428991898820512
NOW,2023-09-26 13:30:00+00:00,-0.026901126189009084,-0.04960908996691682,-0.07804779272246254,-0.034326833275597934,0.008611655209357139,0.23327958686297823,0.3677554434209682,-0.010634393374441053,-0.005615763495881332,0.02886214580306401,0.1537512648144812,0.23948813934975335,0.26786419199697975,0.21896651154828853,-0.14333416831748116,0.03214933338105243,1.818103942978527,0.750077917185878,0.017872875898036454,0.045429152005025175,-0.10118164075500036,0.005780234832490683,0.01630462034351221,0.16089210540509913,1.9697314095904648,1.7103077760200427,1.9284566454973486e-11,-0.010581304940353586,-0.016131905452793305,-0.028711069779716603,0.12356115904768773,0.0015428991898820512
USB,2023-10-03 13:30:00+00:00,-0.025206106512591475,-0.037348022937986336,-0.08379918296924993,-0.1530426044505746,-0.052675283275766205,-0.09874025581084123,-0.19764395123267864,-0.02738877849748267,-0.08870284932668815,-0.0067332837660325495,-0.1321731476820105,0.29697167612807784,0.3088313644503023,0.2093716051232364,-0.5153441110813896,-0.1705632566482502,1.179649335803484,0.42447356934231745,-0.07714425505292313,0.001520165931375092,-0.20930877710439477,0.0,-0.057628095139222846,-0.023767714744793444,-0.2629844301589898,-0.385189660684626,4.625271888763763e-11,-0.0077784762828483345,-0.01724676223033983,-0.06433975512388646,0.11601526983296126,0.010684741160699196
BLK,2023-10-11 13:30:00+00:00,0.0011207532515964402,0.009599692921278269,-0.001120100599408147,-0.08164178539149614,-0.13351986584295705,-0.02105760091157105,0.19249863594370442,-0.017425281421206584,-0.06339636884152178,-0.10742453309044286,-0.09588894811002113,0.1823063768658476,0.17361286233641615,0.12150896899173035,-0.44782737057833827,-0.769066669635517,1.1375418268968305,0.7350771121698936,-0.06088686091674464,-0.10383533335018137,-0.14439649615526717,0.027499243190747924,-0.02511825804969292,-0.008647709348117427,-0.2772691862931164,-0.354081841455266,2.6671344544833087e-11,0.005747958709425127,-0.004600135788638826,-0.018245416549974358,0.13268163949385028,0.002784522278970755
HON,2023-10-18 13:30:00+00:00,-0.015414483038411753,-0.021194150259812083,0.005300729912820934,-0.06274181102470866,-0.11983694929116417,-0.0645651518218413,0.05653397291622664,-0.006849897065610122,-0.033818584021108045,-0.07355665251338817,-0.11019960566341336,0.19636280038111276,0.18562373547483504,0.10855263023195341,-0.319519842367982,-0.6455906567369475,0.8803297473089197,0.5501088106681457,-0.03727983390527041,-0.07909502732340282,-0.12021148150042693,0.019164603556114823,-0.008685285425260814,-0.036956200450262155,-0.7667471513028336,-0.8146618190799934,2.1773338912147236e-11,-0.0037033461165707493,-0.011636034124507755,-0.028923227003600616,0.13411501196690914,0.0015428991898820512
NFLX,2023-10-25 13:30:00+00:00,-0.006012311628323275,0.17221355977819464,0.11675928466647711,0.08100570396695872,-0.004657860964210059,0.2472929461104849,0.37569972859685796,0.20176913523955875,0.10050980983944768,0.07189986593484221,0.20706275898421378,0.5915806002406957,0.4206139629127751,0.15331773965188109,0.13693096753679893,-0.011073957060184386,1.0026109661447378,0.29106117689330563,0.10056073439956413,0.07209975556789372,-0.08342248435311606,0.18793150051413576,-0.051624624325439794,0.061029457535819676,-0.23463073227728107,0.08920812764407822,6.033319083062802e-12,0.005535012822837082,-0.011465823194879543,-0.019504105872488964,0.1328641402202383,0.0026493683997563175
UNH,2023-11-01 13:30:00+00:00,-0.007421861483491554,0.002618218612049361,-0.008355018946139658,0.04252025836626849,0.05549537336276078,0.09061126090960059,-0.0287318424150369,-0.009530486690381146,0.03991641449582328,0.11164561162020359,0.04745120284032023,0.15277596094389226,0.16491878363227527,0.054185268414434315,0.2783177281528229,0.3365012289109566,0.22407443146028805,0.17047073835199236,0.04193680353138712,0.06807720607665699,-0.014460703209459358,0.12058923083030004,0.04439942269015229,0.035105382749811564,-0.04173993775896181,0.08649220584174189,5.315219858384455e-12,-0.010419248878589249,0.0030567100200555863,0.0026038438704452105,0.14312038995037446,0.003761372222366418
BAC,2023-11-09 14:30:00+00:00,-0.012991757360640399,-0.003263723794367124,0.05257508687811541,0.018699154007264518,-0.11972332075554615,0.02134518661439566,-0.2700690200551863,-0.010464037244774183,0.024427262199323785,-0.0968726598577252,-0.03780530669090654,0.33389548273981845,0.2494181243435089,0.1766880163981311,0.05600301583545372,-0.48001050874177154,1.0508697458958234,0.5540404524788308,0.024718649607517625,-0.09571025254430142,-0.10250825146882203,0.09376246946474098,-0.020306059603731552,-0.06323778473136055,-1.4936650576570794,-1.6862090893174189,1.1928008420735079e-11,0.006454016026477882,-0.01923758511149587,-0.005728108192059267,0.15399967996168967,0.0015428991898820512
GS,2023-11-16 14:30:00+00:00,-0.0027585119211508413,0.048347792219519015,0.07047488908954147,0.10880879145585709,0.043797633718418716,0.03717346820694445,-0.09905761404434354,0.011265325251851976,0.06311017948604736,0.009034493979435787,-0.04198756880456411,0.27390855623482946,0.2345483272806321,0.12355846391513849,0.3972449526643201,0.1867318101399878,1.2184418433164828,0.7077240948610558,0.05312769045035744,0.0014407696553838806,-0.022927030827507355,0.16129160148352684,-0.012965351722035057,-0.027355906622428594,-0.9600218503036669,-0.7912748254495637,1.60240993841559e-11,0.00047395137967565226,-0.003227132598888849,0.04569861196980973,0.15708348476074746,0.0015428991898820512
MSFT,2023-11-24 14:30:00+00:00,-0.0011123140865256786,0.0033438061120367735,0.04739373371690103,0.10449835020672626,0.15782209999204078,0.15087559473305312,0.44083226538055076,-0.007881154235414911,0.018019202428100733,0.11955812786562081,0.04936824261798378,0.1885125467241974,0.21732054817271157,0.0930185876822955,0.5543310088511626,0.7262180282492869,1.0138673577473911,0.6137205332717409,0.016819965148165028,0.11902750767530754,-0.0011116956945155243,0.21162295988863167,0.06430403155621711,0.07637461820796809,-2.0204473981590367,-2.8080177763541885,1.2160622964791248e-12,-0.0013763670998705457,0.00026503619245055177,0.08647914777862553,0.11706073929003262,0.0015428991898820512
TSLA,2023-12-01 14:30:00+00:00,-0.005220199323598074,0.014253445707987034,0.022184583293583415,0.14952767182800564,-0.025546994183662797,0.1099161854498707,0.20429211273238224,0.005946204062826865,0.06688998770665044,-0.046448767051576745,0.03198340228428442,0.4398291312306523,0.4960495519474516,0.3141524691810405,0.33996764018250375,-0.051500891560867866,2.0717118315994694,0.5366420033151073,-0.021673796102185505,-0.0688494443355249,-0.1347993245983906,0.21012363747884377,-0.013691983878009517,0.04820906286792459,-0.2493972112789243,0.03287444558223632,6.623780075279843e-13,-0.028907040936651085,0.024405946881219887,0.08263768412135519,0.0962285516482687,0.0015428991898820512
AXP,2023-12-11 14:30:00+00:00,-0.0002376017102880823,-0.02845285838608902,0.026172324184023488,0.09997086410753386,0.06462831511932432,-0.02317797362194618,0.10323259195558787,-0.03987064837874854,0.03697638489072741,0.02560736064455149,-0.09385282909347037,0.17914251215054125,0.22535387300186885,0.10953894718213691,0.5580521502541173,0.2867859081294261,1.1584818638158285,0.6580860254232077,0.02699290241434045,0.0194232470515169,-0.030904748722677344,0.19163538767900845,0.06388706034731406,-0.0313977042117074,-0.22068952675320064,-0.001010240504689538,1.9491984726006187e-11,-0.0001782342595567643,-5.934980384825206e-05,0.06299447921680645,0.08395888864211373,0.0018195771693148752
GILD,2023-12-18 14:30:00+00:00,-0.010386137344021051,0.0016733568836473367,0.02376618244008455,0.07375693403737227,0.05712199246158711,0.04158899403550276,-0.04741226507435492,-0.023860053077419785,0.02231151182716573,-0.011098814714828542,-0.042849017385385935,0.20414926003804815,0.2067884063650674,0.09231676725585901,0.36128925485023006,0.27623401846205575,0.6868299819076403,0.42319911885181294,0.03842267563150519,0.010265896702884927,-0.0344911267889243,0.09491122258561147,0.0029997560458012718,0.005273430536775203,-0.6196048376471751,-0.5341705993254248,2.4139397840012828e-11,0.003734551753799442,-0.01401460116479547,0.05144542221020654,0.07262828142108502,0.002476837297001059
MO,2023-12-26 14:30:00+00:00,-0.0004957730755057455,-0.021714755748728276,-0.0023335360804241922,-0.004264639708019935,-0.014580413636008593,-0.04903875260304291,-0.03920378751233722,-0.02940866449366597,-0.05217901031571248,-0.1294698261498377,-0.14367767452316516,0.1796663924404911,0.22868337035853661,0.18948918318791283,-0.023736435346039822,-0.06375808443416321,0.9157641684115236,0.48577121911337745,-0.04814290346253505,-0.11979202094602381,-0.04391001924567384,0.051796396755056096,0.010503009075057301,-0.03459658917162045,-0.3829109429501428,-0.32404030783334853,1.8726318512763494e-11,-0.0009912016238416976,0.000496043102228283,0.04791437060769255,0.0948968428534653,0.001898617657465886
T,2024-01-03 14:30:00+00:00,-0.0011600741920170243,0.039058293285582746,0.04571892051119919,0.027656986201543443,0.17230078443097696,0.10629414056326114,-0.0012263539747845442,0.05359954489375118,0.002591108847179502,0.061993379084812616,0.04192873472683045,0.21056002272780197,0.24346480945359908,0.0930493346815236,0.13134965433251572,0.7077030344453745,0.44665889893639216,0.21946932229144475,0.0164610890215686,0.1230310002145289,-0.001159401566075302,0.20321229145428488,0.03419700955944771,0.03368838115739492,-0.5129247122045715,-0.3433638966720129,1.5536717755957622e-11,0.004057998818679298,-0.005196313749696868,0.02506587735436394,0.10223686904755692,0.003761372222366418
AMZN,2024-01-11 14:30:00+00:00,0.009387897133471768,0.0708218162880696,0.011928032019820733,0.06173277736642646,0.16307245861002073,0.14450956001456472,0.5462214740367939,0.05154107892880955,0.026928040113044283,0.07100135033189137,0.07853378448894954,0.2203474648646343,0.2879827344128728,0.12686135621965233,0.2801610511123904,0.566257761745634,1.4149961331803502,0.5909296448206711,0.012484208736532595,0.03279219641883835,0.0,0.2978171202796205,0.02970869031974699,0.13122070424723353,0.09191173318659492,0.35942560775030136,1.4491805037269733e-12,0.00852141803423856,0.0009029888806932895,0.03480473725338218,0.11019674851114307,0.0015428991898820512
GE,2024-01-19 14:30:00+00:00,0.009753909518016357,-0.00015408673187877753,0.04048181353375302,0.04932553129890849,0.18855794517171365,0.15572922076679863,0.49622501518702755,-0.012638896101943686,0.02756939463652852,0.06965777432931741,0.0831093467021784,0.19145340214817655,0.23426371716214148,0.11135630080575996,0.257637267060591,0.8048960695061738,1.089418107824382,0.5453905804699494,0.025624002062609837,0.05902594603259456,-0.00015407486112750668,0.2244675531223217,0.03956714476198253,0.10265332439048169,1.0771878946584026,1.0656551158990517,1.893904734194447e-11,0.0011668070575219236,0.008624763441423378,0.021756136662379966,0.11252669545370814,0.0020686340435400095
MDT,2024-01-26 14:30:00+00:00,0.008704098291408613,0.0005778715210702501,-0.006335492087401917,0.05023555978778571,0.20065081622585978,-0.005662565798219887,0.09692365865697816,-0.010504446065462858,0.02509101428381033,0.04111275233556633,-0.08864290278946108,0.13743570992606616,0.1788150508594611,0.10938947005790983,0.3655204299873013,1.122113688201562,0.7601301714308839,0.4503154047989445,0.031122432103297244,0.07938112037117971,-0.010066394710563809,0.25687617159095844,0.048711510674735115,0.00356476828112795,0.9378993311919167,0.9187335264260408,1.4107701178220324e-11,0.004662378119305588,0.004060778097932483,0.02514454550397538,0.09320583350545139,0.0034971632868213446
SYK,2024-02-02 14:30:00+00:00,0.004365568790734464,0.0940070743605208,0.08222546890541604,0.15158111345807157,0.23164996802365856,0.2214303901887611,0.21461331438776554,0.08059978338829765,0.0984880253737046,0.07085331846357246,0.1167839788861178,0.2329220430002813,0.20399481801615268,0.07764263263331067,0.6507804564374721,1.1355679045009668,0.31716097906296276,0.16824612056813212,0.1347420576597576,0.18065154521913754,0.0,0.26631056434539824,0.041722995756172665,0.05238419959589158,-0.5053983129133783,-0.3659647375250989,2.0640437195729066e-11,0.0012919904559232087,0.0030791430885492854,0.05309308808436697,0.11565050556586054,0.00505837619161953
AMGN,2024-02-12 14:30:00+00:00,0.011305791451349023,-0.08941704359748837,-0.06259858789892547,-0.029021279572374326,0.11669710449586823,0.13065383974134193,0.23847494683891934,-0.10659028576985197,-0.07950794807076367,-0.03158878047270974,0.005218615670584903,0.3000863129206915,0.22436709772445484,0.30830982278090224,-0.09670977423100344,0.520116833882586,0.4894360764494419,0.22236425914975902,-0.053731276515229645,0.044120642764014145,-0.09283332223689955,0.12027239103053922,0.04801456895481948,0.14283296231347653,0.033708478366709774,0.15800593894242237,1.1426260010139401e-11,-0.003950171414028092,0.015380871941290675,0.05048666849838934,0.10994761986410789,0.003761372222366418
DIS,2024-02-20 14:30:00+00:00,-0.019544512558998584,0.0013715502418705228,0.12428027601906066,0.16213207046172862,0.14992468967409422,0.2447482001596768,0.036796217436568135,0.009986987894582633,0.1327456489861163,0.0473367093258954,0.10739708007249504,0.42985311418924277,0.2972373823553079,0.10789748041391246,0.3771801694807543,0.5043937895230121,0.7266851614114329,0.2475334874191577,0.14077739402841888,0.07537552661589045,-0.026767327946762398,0.22566926349468175,0.06515105155425505,0.0712644921299177,-0.4200742073178225,-0.35235832275547946,9.57001296728306e-12,-0.006720382981863171,-0.0127198561349392,0.029386421475612323,0.12181191210968415,0.003761372222366418
MCD,2024-02-27 14:30:00+00:00,-0.011373090080670778,0.0037857269115013636,0.014815169695694408,0.005119226902539076,0.044916937707388804,0.04308452973272647,0.1304139707641614,-0.016638929567646343,-0.033609533465687846,-0.06687073877250604,-0.10696711887358834,0.1929633704586519,0.15629979642771272,0.1801590410822301,0.02652952677169381,0.28737681515895314,0.6949250735893437,0.47911380565508926,-0.02179435974637508,-0.03276712159678387,-0.022527060283521583,0.05399881092003689,-0.0028820204540362937,0.039908970144910016,-0.3658626767128037,-0.28264746299249177,8.806060068287582e-12,-0.0010771800171085477,-0.01024251398995446,0.03872876036822692,0.139270605301564,0.001898617657465886
SCHW,2024-03-05 14:30:00+00:00,0.006777581108631914,0.04121972963591869,0.0686781256019362,0.08280777038173692,0.07931849393300272,0.12691044035926247,-0.11045446455521013,0.04074765475551434,0.0570142261053288,-0.02463401578213631,0.0020561577762094885,0.19669715652722244,0.24724682500690465,0.15019096396000095,0.420991191961011,0.3208069261588603,1.056078153575374,0.47488343328893584,0.055567771768143176,-0.030463480586487443,-0.03671736809306003,0.10476334264547504,-0.007170182625994559,0.09891756824009756,-0.17807601357491865,0.1868324158986607,2.5458473680666953e-11,-0.005470270785840725,0.012338365876468194,0.02579354427640812,0.1219036993339115,0.001898617657465886
AMAT,2024-03-13 13:30:00+00:00,-0.021603763368183593,-0.056274484395740565,0.015172418383381014,0.07953624933279535,0.2584788964717566,0.3353481281869275,0.5574837429111934,-0.06834334465853598,0.04990125584004623,0.14355249722723595,0.18140077446763403,0.4694246254552505,0.39056700478801476,0.2545182670512376,0.16943348307656564,0.6618042315480523,1.872984499468146,0.5421610340029445,0.024030365879036883,0.0432235321070818,-0.05667654573717107,0.34832149672773016,0.12564195301832615,0.17259626905631387,-1.0145390677917272,-1.3448853351407062,1.5454313496120324e-11,-0.009612515715691328,-0.011873693882605174,0.029634993492749118,0.11717855260772983,0.016383503799331713
CVX,2024-03-20 13:30:00+00:00,-0.013304790592332694,0.004279562533514358,0.04107820192595657,0.0035651743995224194,0.04287062780595452,-0.05739242149753121,0.04039574326706408,-0.007124556522424719,-0.046089375801877885,-0.057926480533438074,-0.22641033701333946,0.1570516875775593,0.18885975123235632,0.13162724689844768,0.022700643683066273,0.22699716337765527,0.32539200926550693,0.19467141590201142,-0.012592019459686209,0.01007205419524658,-0.01321667309383645,0.10165285191169438,0.021809579123100553,-0.015801847786815038,-0.23990155989417333,-0.10166525992653272,5.5136653148470454e-12,-0.005491022038954019,-0.007768306999823893,0.049654550201400305,0.116220354812796,0.003761372222366418
LRCX,2024-03-27 13:30:00+00:00,-0.0016140945215870062,0.01732910123045084,0.04118147227671187,0.03900315537526211,0.19573752240389108,0.4708149401419872,0.6773534566809141,0.012015369576319657,0.004459529998878331,0.097320591155305,0.257508596379572,0.33899046115148557,0.33442202355575973,0.19939118112705634,0.11505679316986052,0.5853009330028615,2.100545791302885,0.6803526980317157,-0.033557311525444375,-0.010991748323271794,-0.026967806996109123,0.32372442958303904,0.057620029544148244,0.24376793205794245,-1.4487751160518596,-1.7799677463359043,1.594384154423569e-11,0.005779413743067119,-0.007349729188794285,0.03454362537638378,0.09791150142980236,0.0015428991898820512
RTX,2024-04-04 13:30:00+00:00,0.01788098665158433,0.0189068185049317,0.045949528309662035,0.09777021899242477,0.15500578359006845,0.35540519847732277,0.014280827162841625,0.03839833572229168,0.08319018571380532,0.061539117950673905,0.15163112749176388,0.13777795531065007,0.15260532524328532,0.0,0.7096216428236343,1.0157298465368512,-0.0019388643846615882,-0.001401513088561396,0.09779848769967588,0.15518700277922975,0.0,0.17576785953858676,0.027535661123994082,0.08422796501779728,0.5319798259804277,1.0746221395935676,9.90959677696834e-12,0.0074831353101181275,0.010480248189769448,0.014580033278619453,0.09949576575394668,0.00505837619161953
ADBE,2024-04-12 13:30:00+00:00,-0.021266079953420558,-0.02299910358355106,-0.06236887893881704,-0.19044792607919003,-0.23134036155404303,-0.1483574102728742,0.24819146562451788,-0.008369816108896089,-0.18361499440912432,-0.3046290918751158,-0.3137172488720763,0.5685395589542187,0.4231696269695468,0.5930689793665144,-0.33497744014418834,-0.5466847023278713,1.6104814399450706,0.4362484763923418,-0.17944361644413634,-0.3493705014932702,-0.25311930644028746,0.0,-0.08672889800944328,-0.01342418801321077,0.2055422163956984,0.49376459415300933,5.905554037778596e-12,-0.01307092299487811,-0.008076191589944437,-0.006832931670065712,0.11180847909929918,0.003168191688770936
CSCO,2024-04-19 13:30:00+00:00,0.004355355328764077,-0.003512226927610218,-0.00474878994442296,-0.017000044467414988,-0.05112347843053433,-0.09098241912685623,0.0364501897018541,0.027788012378179072,0.03253724556437909,-0.08062716007575288,-0.239386271614471,0.18975123303002914,0.17517151734618702,0.10169645186815848,-0.08959122001976472,-0.29184812237197383,0.6809450055627196,0.4511335975843596,0.01673212576884709,-0.07121386309255838,-0.06908524258884985,0.013623989689568461,0.000378425712768804,-0.03698963215274875,1.0780240221384225,1.054521707876606,9.928770577417371e-12,0.0058198460924203665,-0.0014465735834703342,-0.04953729003179408,0.10792468103225195,0.003168191688770936
LLY,2024-04-26 13:30:00+00:00,0.011848786175188586,0.009864227450370855,-0.024416261732794986,-0.0591166205042617,0.13929673684792743,0.22733396450613963,0.675870573774584,-0.016397314667686125,-0.030527140936393415,0.094613830671185,0.02311299443910375,0.22668608633741777,0.26846224396977003,0.13991802550426305,-0.2607862770027613,0.51886900291131,0.9616438675530964,0.4331715630330882,-0.03162372280128661,0.0963276941386127,-0.07417833601649237,0.139253286608513,-0.011697665784863975,0.22537054308593407,-0.6921704263569565,-0.7702335071601824,6.8036721366992446e-12,-0.0019177413797257792,0.013863589273085841,-0.02858947956786828,0.12794565738229238,0.002200159317568234
PM,2024-05-03 13:30:00+00:00,0.0009244282134508452,0.024738803116879815,0.03798118632207714,0.07790595329213001,0.06011599127417799,0.117598324539677,0.07069544278458029,0.01882735780622724,0.08109247033198574,0.02292893075900615,-0.08038538553558094,0.23530576196827396,0.1834205664950105,0.15082729025945354,0.3310839166897834,0.3277494581056879,0.3018714316366837,0.19697556587044854,0.07886787175288595,0.048890280078103074,-0.016360412569792926,0.10981807469946503,0.014046460799799432,0.010081173414624667,-0.4579636237363557,-0.24977281753331412,1.9740301149215027e-11,0.0016442029939214287,-0.0007181665534173876,-0.0031865170398557296,0.13959177941097534,0.003761372222366418
ACN,2024-05-13 13:30:00+00:00,0.003519390959061397,0.0044012031564761855,0.013921736173975852,-0.025659254692970812,-0.17448585755360035,-0.014401454599811458,0.13665914586214,-0.0040938938557077975,-0.04506207989975941,-0.21669074458307236,-0.20489222659786144,0.14074848841058407,0.27701833640711737,0.09804126476360939,-0.18230572123885969,-0.629871147941517,0.9532540626177136,0.41231759646934824,-0.044155076647603424,-0.21471783757676619,-0.2023977343735287,0.029297564456589154,-0.0759467273922736,0.01201241971941358,-1.3975356999005728,-1.8024359019014302,7.669819426152033e-12,0.005941254827045661,-0.0024013962330031724,0.0194028252067886,0.11881424130638972,0.002200159317568234
COST,2024-05-20 13:30:00+00:00,-0.003537176523730423,0.022766703322577797,0.04718676886272455,0.112852377473871,0.09030387724008904,0.3408046901933961,0.49430190818605535,0.005373902287681531,0.04475651192639685,0.022090751523008656,0.1700035841281169,0.15835028471132323,0.22922519616104434,0.08377672694126109,0.7126755577333118,0.39395266642784416,1.014868699281473,0.5103591172857203,0.04374401497925984,0.021076511069672066,-0.003530928084298668,0.12681986862098027,0.02739710817265273,0.15035641458528515,-0.9722249018518694,-0.6799961191026356,7.386555909844626e-12,-0.0007036198730920873,-0.002829298962183202,0.06809586554747415,0.11075768450949097,0.001898617657465886
LIN,2024-05-28 13:30:00+00:00,-0.013056382497810048,-0.006237458854853273,-0.011241012589329635,-0.030376932447864213,-0.031072902996690743,0.04324077335171861,0.19996258451979276,-0.006134792985451831,-0.07210859000787995,-0.07875870636522198,-0.11623270649670747,0.2198075112005903,0.15589863634978257,0.2588932374488505,-0.13819788178277065,-0.19931478378665163,0.2267087892475756,0.15990005920159372,-0.03983786600658981,-0.04188369374266842,-0.0946957319150421,0.024546055966814695,-0.03244923265774191,0.08277656825440283,-0.08918302204917034,0.0638796348781339,9.755191189756443e-12,-0.010515019841582873,-0.0024826024523214585,0.041731657560015734,0.10682324469147415,0.003761372222366418
PG,2024-06-04 13:30:00+00:00,0.014231713912480792,0.02362877129544838,-0.0017945920007687022,0.015386163902261885,0.0535751480481057,0.10257241976635445,0.1561963765132477,0.026465692604890734,-0.01759712703765892,0.009198340869421173,-0.04575689712746911,0.12297431099741588,0.11417123319454003,0.0799830353031322,0.12511689455682498,0.46925260023089427,0.18188943023329762,0.17420188853332227,0.009386851905980601,0.045503475874801864,-0.007959733929757129,0.08213727874871068,0.024876839576472243,0.056228847695998674,0.5729005383119723,0.7681042289261438,7.143580801197495e-12,0.0008503125296381864,0.013471699202043164,0.032983290939920806,0.07953218374268611,0.004038050201799243
ABBV,2024-06-12 13:30:00+00:00,-0.009646953540414671,0.00392109330551893,0.07046039907094581,0.029387804120071692,-0.07035327347163367,0.11246638528197206,0.2270239950393984,-0.00839234647447995,-0.009268837929860219,-0.12157980905828847,-0.05368654954920338,0.2201746631910736,0.22467586077849264,0.07739909033759251,0.13347495889919064,-0.3131323197243463,0.5212906461507689,0.2510622449204988,0.009236458207843704,-0.09705718730766631,-0.0794009332571497,0.0730020767102284,-0.006455612287360135,0.04111802950376697,-0.16771699823595718,0.001757205746522666,1.5341739123040212e-11,0.001073301527718451,-0.010662428481094555,0.03865664204993191,0.09029663000002357,0.003761372222366418
CMCSA,2024-06-20 13:30:00+00:00,0.025419216765382835,0.0005286065335070589,-0.033513845225526584,-0.0353008642920174,-0.12253304292305289,-0.1523480589759436,-0.04358354803779507,-0.009946021995919097,-0.0670393338364792,-0.17283008798319477,-0.3034422123754781,0.20502822716255512,0.21227026966550439,0.0730059425270521,-0.1721756305488091,-0.5772501401922207,0.39461153656360565,0.19709618586409272,-0.047825230527134666,-0.1423808371588444,-0.120425354092073,0.0257450399211665,-0.010936226446600972,-0.06769868586302397,0.4930745474670732,0.5754448948071543,1.413625774606398e-11,-0.0032522385105633322,0.029091892203900516,0.0317384695444618,0.08548340758363562,0.005006082573001946
JPM,2024-06-27 13:30:00+00:00,0.008774492607606987,0.0025134689152874756,0.03911421053602915,-0.0016557083067620937,0.0040602294998501876,0.17983962705072454,0.3844064471348112,0.0005864397979467029,-0.03542387283796611,-0.04285011302350128,0.03451235327878699,0.18256961927634105,0.2284022347155713,0.12511303324141826,-0.009068914714972266,0.01777666275860383,0.6325570943423804,0.2901675732645645,-0.023016000343895934,-0.025613240461326826,-0.027442825566521223,0.10600817522864081,0.008593647000354032,0.13521613748396444,-0.32331592013929134,-0.2484741680564781,5.468818587610812e-12,5.052476127787031e-05,0.008762133843172037,0.033768164531204015,0.07117816104968303,0.002926046379189141
PEP,2024-07-05 13:30:00+00:00,0.010948441553272126,-0.011311047881281233,-0.01383402489060348,-0.048327063402801684,-0.023641726058244217,-0.03530443990257215,-0.09655533156065577,-0.026676458661420988,-0.1002975600235878,-0.10540899657909542,-0.2105383760628179,0.14678657733122386,0.17525418158628037,0.12391854534475658,-0.3292335326666258,-0.13489964030675655,-0.036750282421240614,-0.021340901196524695,-0.046417132974415666,-0.020636755773788953,-0.09515474782151567,0.011008595068138005,-0.03394392131278956,0.029529676853299103,-0.5853528357512675,-0.5869687239926091,7.922953143781546e-12,0.00024598756384275333,0.010759960687778625,0.05197049662078612,0.05622142754184719,0.004038050201799243
XOM,2024-07-12 13:30:00+00:00,0.00017666682998918048,-0.0008825069705347133,-0.014287897731120935,0.009758748076148294,-0.06443437078848913,0.15513090547249586,0.09633043654661577,-0.010078243656421293,-0.03549733170008729,-0.14573031490565924,-0.012837552791635787,0.17634889815477092,0.1822246921293645,0.05031405310410173,0.05533773206557617,-0.35359846152323876,0.29607072632122666,0.16363968376500293,-0.003640252333653152,-0.08850372001022953,-0.058847556699932135,0.04531174766925794,-0.014386064102901441,0.05885556400736092,-0.5190025859176582,-0.6479473282749991,5.516693961565762e-12,0.006534309823288398,-0.006316354370386024,0.04525607977623558,0.07004369250844081,0.004038050201799243
CAT,2024-07-22 13:30:00+00:00,0.0047546428587494916,0.010119422279336376,0.059653204760862444,0.05944039826892844,-0.015266340718947724,0.20606102224512135,0.3044427691152647,0.022440310672736885,0.04224601748771217,-0.13229505659209995,0.05952862472675058,0.2362237557897314,0.265748419198297,0.10156044482808774,0.25162752183924214,-0.057446590896016725,1.2879107533636474,0.4750264300469083,0.03729557036337078,-0.16598888234431944,-0.039153933671959296,0.08652980217196182,-0.007078655371242193,0.09333169236064398,-0.23151245721135738,-0.011217068496011671,1.0904099402153239e-11,0.005141462092827398,-0.0003735772507249546,0.017194380781216267,0.10176560570599812,0.001898617657465886
ISRG,2024-07-29 13:30:00+00:00,0.005333622958109352,-0.038599790649566756,0.014553397673444657,-0.0032628981499360776,0.16725290835125506,0.16877266442982464,0.3156739509666,-0.020607970546798526,-0.0005384297110433423,0.09447755469892805,0.051314404600755203,0.4075637552386746,0.27548736958786635,0.187802647680281,-0.008005859471054491,0.6071164300616329,0.8396948418066584,0.32736218593468647,-0.0009751760551328084,0.1061438192787407,-0.037864312196155936,0.19707519698698994,0.03456878542954711,0.158919795163722,-0.6902129502200772,-0.7543115987275284,1.817433092270632e-11,0.01201001236711119,-0.0065830774783181,-0.0027244684388927354,0.1384921062984385,0.002200159317568234
NVDA,2024-08-05 13:30:00+00:00,-0.06568898467890527,-0.10517132368737059,-0.20690496754006116,-0.2252717522016754,0.1234795148523471,0.41771282928974074,0.8141332428849704,-0.052900079512958165,-0.15491062880823048,0.10888685068508508,0.3659331046073069,0.774003935114681,0.6088555365586446,0.4414241648417164,-0.2910472957328024,0.20280593250457143,2.827409087135128,0.6019606928095971,-0.02633207253801323,0.08222008358031932,-0.259109046197164,0.1319621913074278,-0.01674494993366371,0.4909333056969942,1.7918819442986962,1.2729977410752922,9.043522595206887e-13,-0.14179178464003417,0.09113621129937965,-0.07036112339344491,0.1933358449052993,-0.002500454077973056
VZ,2024-08-12 13:30:00+00:00,-0.005413334967855121,0.018175471805311094,0.012413226200362004,-0.021962867250248763,0.01944538355409131,0.05248438228396646,0.27506873732909876,-0.012636970982981222,0.026781550040790414,-0.007492338419549771,-0.016139595115653993,0.2883229972868865,0.20893543242157284,0.3730783372574545,-0.07617452460233452,0.09306886500158577,-0.05454034264366055,-0.03602691418440027,-0.02462140447126761,0.02091457614057336,-0.036605630347935625,0.05353654166215782,0.002887043045136428,0.04779385683906523,-0.923939678068793,-1.3966648179841061,1.3157955270005123e-11,0.004908088842994651,-0.010256458506709532,-0.04874441729103918,0.21303447292458436,0.00444381191209758
C,2024-08-20 13:30:00+00:00,-0.011675054733047752,0.05291721164335783,0.08064090550118896,-0.0411462056059726,-0.020152163152986624,0.11922814202940968,0.4129635256054214,0.022688717604544273,-0.04839738225146384,-0.07633619012415593,-0.005169010658840012,0.385986971371853,0.29933916633864094,0.34225801654374133,-0.10659998564131086,-0.06732217303695094,1.0523390106081385,0.5082314334473377,-0.04877690166283369,-0.07927680650780791,-0.08445591855329437,0.09267524407926908,-0.019752287381846645,0.10099567923303887,-0.9440367875385772,-1.1612903133716854,2.0263605734313998e-11,-0.007093240104307785,-0.004546172731384024,0.007251176645491242,0.22392372785988582,0.002581057347197048
INTC,2024-08-27 13:30:00+00:00,-0.002985050361207442,-0.044819975325878225,-0.019734218529958714,-0.42293854792776786,-0.4303711167554196,-0.7452980054117226,-0.4882419252650334,-0.049831676295972294,-0.4531932456461214,-0.49166951056608443,-0.8542822025909187,1.2212136476881397,0.7404908669617595,1.269706118135802,-0.3463264177635307,-0.5811970625934065,3.181225113569883,0.6255513788004672,-0.5191855521128595,-0.6253751065674031,-0.42078244346242055,0.05687203458230705,-0.23184809177558097,-0.2484736932163394,-0.8056973260037177,-1.4212021960935382,2.0736262864658862e-11,0.0,-0.002980599528133121,0.03025469771835354,0.20630653879914795,-0.009826883924971221
NOW,2024-09-04 13:30:00+00:00,-0.0012329856394419636,0.0037081965021998897,-0.004052447330424869,0.06630734511739078,0.21696983667340586,0.12037527166871431,0.34561515950382304,0.0228406153523375,0.002913822074762429,0.1719669404034363,0.03099556822006022,0.24988113513799806,0.3860578603006719,0.16078359342967455,0.265355546271119,0.5620137782052258,0.9372523880353133,0.3667695300953123,0.006891614259715698,0.1747907646758714,-0.023590623286549595,0.19464526332695287,0.036697272322762986,0.061350210991642395,-0.5209765137996559,-0.43128065385948194,1.5948551316545113e-11,-0.00734570889576569,0.006158723259034993,0.06339352304262835,0.15758930484478417,0.002200159317568234
USB,2024-09-11 13:30:00+00:00,-0.0062375089763300196,-0.02885344269071677,-0.021663069845550442,0.07612109125792976,0.16415841136662612,0.05876576232337527,0.2618627835309617,-0.03507535658819094,0.03731809710611955,0.1288437547296195,-0.017965271984268227,0.1937411409676707,0.24291693915622115,0.12582739101830404,0.3929010166747804,0.6757800091538902,0.7062092358742177,0.4540946428942363,0.048718058408348135,0.1392188746878453,-0.05250897686160916,0.16686879008969657,0.029776799928971753,0.05451420923122097,0.810884952255599,0.9437790497388681,3.7454389091633334e-11,-0.00866092550873554,0.002464171412935201,0.03880299415181021,0.14811423411398233,0.008504466009606915
BLK,2024-09-19 13:30:00+00:00,0.013092354683416296,0.05468412018093094,0.07021116413425066,0.08824799536406402,0.18339208426307607,0.14615215741351495,0.3305339461736434,0.033369170673038795,0.0662711509379994,0.13696968241030394,0.04943271050060094,0.164246165583134,0.18282723830866665,0.0,0.5372910536495713,1.0030895065726246,0.7135117292459932,0.6220873655936311,0.07256725909425249,0.15026915604135221,0.0,0.2038996623837792,0.02973939632983824,0.07621789827238068,1.5861003810525272,1.7113964514919393,2.3445849252260275e-11,0.01684156238606138,-0.003602456576251911,0.021976844426064623,0.14858297390827038,0.0023332874227643195
HON,2024-09-26 13:30:00+00:00,0.0012082852991932569,0.01621546544904895,0.011464706740880182,0.004453727290491649,-0.02942974658628028,0.019957291087079554,0.11909272393403114,0.010914326947259134,-0.01781255466726872,-0.07922625782350146,-0.07674956267349309,0.16260653408059098,0.17929607129387545,0.13360263351953133,0.027389596092640994,-0.1641404988625959,0.6111420178003557,0.5433278253357713,-0.009154133194085678,-0.05986248694321372,-0.05470774957535285,0.05811412404990124,0.004297014816293077,0.011900363427329363,-0.9787955399337291,-0.9982387456845913,1.750139187642453e-11,0.004545893796715106,-0.0033217777777501123,0.02226628195776037,0.1390558804188901,0.001036283453511209
NFLX,2024-10-03 13:30:00+00:00,-0.006051275616031582,-0.006529252486793702,0.003514957691684195,0.039125611466719334,0.023114526268318336,0.1356518308476664,0.6291659275064925,0.001526979454061994,0.005783142599677049,-0.0032603422479073885,0.027509691810589487,0.21263044208060064,0.2316081132536116,0.14709709606688878,0.18400757240531065,0.09980015787705959,1.00915552404908,0.6958029377905205,0.005477874824109143,-0.003501817990899013,-0.021405001855559824,0.18085374397786058,0.03754450958311373,0.09484400605547272,-0.5804452071933752,-0.48328191799833725,5.51646002010354e-12,-0.009604953608701283,0.0036065912273146594,0.033342468867042285,0.11674206506697843,0.0015428991898820512
UNH,2024-10-10 13:30:00+00:00,0.010900820780324949,0.008316351912268871,0.039049543961612976,0.01693000622579266,0.15922242263426334,0.31018578868275704,0.14625245014619637,-0.006368975486621409,-0.02487587614266573,0.1273579634050339,0.1970253853363575,0.14409427505156236,0.22114279883252444,0.08886071634196846,0.11749256672226892,0.7199982250149843,0.0036632481249774,0.002664795372763606,0.01677686090559338,0.15910569521373844,-0.007217371713788112,0.16386188714816075,0.00306288282883016,0.11657985634989831,-0.9830406670241459,-1.1433393424960248,4.553626638804598e-12,0.006698045264271757,0.004234046106970091,0.04180588236845839,0.09901697591095386,0.003761372222366418
BAC,2024-10-18 13:30:00+00:00,-0.006594289266727671,0.008781322823153026,0.053634262744937544,0.03486353426786737,0.006971130064808317,0.14771523848656187,0.4655383239182882,9.021100073169919e-05,0.00831146529929283,-0.048808959975322086,-0.025093567426720753,0.21818138752480704,0.23315955124157267,0.05895789303557018,0.15979151413134823,0.02989853955236707,0.7645227222489805,0.5153908370844962,0.014563874218670083,-0.035674016219965424,-0.011214863981314549,0.16223504174953907,0.017422592200149856,0.05921978769897551,-0.24091619434407108,0.022370976911987223,6.1820201059058495e-12,-0.003990420229181946,-0.002592519668050519,0.026552068968574538,0.08936613354805577,0.001898617657465886
GS,2024-10-25 13:30:00+00:00,-0.02294954779822067,-0.03054696853077221,-0.007192238333266765,0.031066708306713764,0.045453149231986956,0.1933096454314409,0.5737433065182058,-0.021010894487400122,0.01935185188330113,-0.01878268686753959,0.056298455679587356,0.20095089640199795,0.2749239949661323,0.12785512418685008,0.15459850571935485,0.16532987321672776,1.2080907100023288,0.654903178406843,0.01691409909257785,-0.03214956760908329,-0.032574753183441496,0.12333346697812542,0.020524038438701098,0.12405090441432143,-0.2923201605896881,-0.19318978841677187,1.0956141434760429e-11,0.006768442041775291,-0.029258616729126774,0.011714856423412634,0.09570121498075304,0.0015428991898820512
MSFT,2024-11-01 13:30:00+00:00,0.009844337791451885,-0.042414310336926775,-0.01880493306079778,-0.014923220696804407,0.039594746162554983,0.012684683070282254,0.1778961183890928,-0.028566189377309925,-0.020846188101455887,-0.06306421315176713,-0.10456694041130188,0.26419408968253955,0.20221560917650727,0.34533646325682593,-0.056485823413901584,0.19580459848672735,1.1550511411507445,0.7344574380361361,-0.021764550956545763,-0.07898160194280063,-0.06455569487091761,0.031824102976998336,-0.002310268424042139,0.0018360950278617505,0.4835502550167455,0.738444110657629,9.299831549145909e-13,0.006546120216879725,0.0033250661810730886,0.00592296740465148,0.111574258818696,0.0015428991898820512
TSLA,2024-11-08 14:30:00+00:00,0.07869717552547151,0.2547536956402494,0.1767087913898644,0.29662548705832226,0.48643827247392313,0.6453685507901907,0.3689534930390801,0.20821037786096053,0.2588445292732722,0.36804843816860444,0.500040994511231,0.9136934662235108,0.7052834189946305,0.16879606174551287,0.3246444218150518,0.6897060945617189,2.967080956085694,0.546201719984253,0.1845263267116226,0.13516604971247126,0.0,0.595093819804136,0.028498623327735784,0.17996958318749945,2.1754439044485903,2.0207644754307936,1.0703656891709482e-12,0.007510730384613806,0.07381154473426665,0.037780957785050084,0.1394304553668329,-0.004075513855832829
AXP,2024-11-18 14:30:00+00:00,-0.004646938893457353,-0.025688179250032306,0.055256553319129154,0.031122857427732242,0.12328609236406685,0.1697892177005178,0.5970662634648143,-0.00796296140255226,0.0248709326916412,0.06850525423333664,0.05882435259861829,0.31111255769878043,0.26971615227150614,0.12268333231263821,0.10003729086970971,0.4570956960707439,1.1507703998928138,0.536386762216952,0.02392832749908098,0.060245925361902944,-0.03259252736895435,0.17301538322635057,0.02391856524663738,0.12915026458867418,-0.574890754009466,-0.5151767084659288,1.6910437946536955e-11,0.00024407978235241323,-0.0048790474833755315,0.006251924736091041,0.14522850796412384,0.0015428991898820512
GILD,2024-11-25 14:30:00+00:00,0.0033207776487635954,0.022688790526438574,-0.06978089886840788,0.016603025676394267,0.1707363389811265,0.36878514721504363,0.22344685322922864,0.007091613837274302,-0.014782149792233135,0.1053700251313261,0.2421204395545784,0.32863521386418343,0.22612712872629226,0.20592342148011658,0.05052114008468939,0.7550458007530285,0.4818497476530112,0.2622539400923383,0.001480086796790677,0.13923959714759265,-0.07568947219780708,0.1626234476182986,0.03952279913110157,0.17821039338379596,1.1072171666514967,1.041066272234648,1.7580816835014793e-11,0.006209124226194351,-0.0028650373143188634,0.0313851754686274,0.14171235877897387,0.004287107076024377
MO,2024-12-03 14:30:00+00:00,-0.00490872291832023,0.002639853135820047,0.009890705393654109,0.05472171044342966,0.058696604017207665,0.23587250986134345,0.37594782432632057,-0.00806311026827089,-0.001214549388905528,-0.03650509208682129,0.09566791748734493,0.12657340451364743,0.2033627638234924,0.07149982277180399,0.43233182084100014,0.2886300466891425,-0.4683884792969678,-0.26197910195543517,0.08092161012385721,0.10328798168186584,-0.014547975633282362,0.15980437993537588,0.059504543188832804,0.12401188838895605,0.8108129967223331,0.9863910304885867,1.9509787358581237e-11,0.001224300411110102,-0.006113510464614613,0.05593625983233519,0.11701147994591624,0.003761372222366418
TMO,2024-12-10 14:30:00+00:00,-0.002572120413233847,0.002672204827849356,0.04124183639243739,-0.029222920235694616,-0.14274324378901948,-0.07074606663597116,0.09256751245409234,0.004132268060136113,-0.037155799056454164,-0.2302629627632875,-0.1935804422472458,0.23497521717600295,0.20043171440438745,0.1803822571777471,-0.1243659675556586,-0.7121789294334092,0.6150509961262957,0.32460813443544456,-0.03410204525655197,-0.1965723341248365,-0.13607424544678615,0.06894191544044337,-0.059176572986160414,-0.03288550453625805,-0.5673121842200123,-0.4259844943988331,9.104034623397476e-12,0.0042812369074118894,-0.006820850575994242,0.007932878820759548,0.0774299683485185,0.002476837297001059
AMZN,2024-12-18 14:30:00+00:00,-0.04707841093326337,-0.04322066829600146,0.01075965777069765,0.08920698326509235,0.1496488113561485,0.16970421664610136,0.35858132096335904,-0.007887493681540292,0.09215187681588244,0.119789711202273,0.09342271463945373,0.3104104749194094,0.2943366965975105,0.21094841707793838,0.28738393344571506,0.5084272980096163,1.723533080230655,0.6936041977488833,0.09428260471763698,0.09818566449502383,-0.05327776067576673,0.2196902685260249,0.06240065355188862,0.08611536818101251,0.6820132478575651,0.8253755990172016,1.9162960474255825e-12,-0.0016439092971423097,-0.04441651778936884,-0.002944893550790084,0.12659873347333103,0.0015428991898820512
GE,2024-12-26 14:30:00+00:00,0.003841120409945553,0.07350489898628787,0.020599854100247228,-0.04575672123627239,-0.06977099111645835,0.07324336062333625,0.5316020556366015,0.04527011489257493,-0.055449435090030974,-0.12256373686225697,-0.029345896359683543,0.32681372618202775,0.3191426763975422,0.27267537263409947,-0.14000856625828179,-0.21862006016878688,1.1946334140389576,0.4569490420682608,-0.05733596107869071,-0.1328389692032524,-0.11367959204740397,0.07627380930961047,-0.029375624021213853,0.05891928435675653,-0.8876733671133954,-0.8308198385754485,1.7176253362913817e-11,-0.0027407375098013054,0.006607353498848445,0.009692713853758583,0.13694233345246412,0.001898617657465886
MDT,2025-01-03 14:30:00+00:00,0.009058950931886578,0.0006178797446221296,0.020045602029822085,-0.048522375381791605,-0.07227242576730752,0.05860718087763406,0.006163598121729841,0.015947873557110803,-0.03218213201897058,-0.11779140964147317,-0.013286671512757309,0.12454584427125484,0.16045322522140334,0.09797258087845874,-0.3895944956309599,-0.4504267562561085,0.37200990165010517,0.2951212055187972,-0.04244364305544977,-0.0892059384815486,-0.11509221169370698,0.02075824003923188,-0.042478361332838,0.023173065480953214,-0.18152400764622065,-0.03865243613216451,1.2526285120253868e-11,0.0034905708346368858,0.005590024202100752,-0.016340243362821028,0.1512574812826628,0.0026493683997563175
SYK,2025-01-13 14:30:00+00:00,-0.012881303239862696,-0.001494701884412919,-0.020790072566368778,-0.0560550143919043,0.023628485550969636,0.0662762895883704,0.16861961854093988,0.016708084627836683,-0.022972047749120428,0.010997615587943876,0.021780960396115212,0.20081905726498298,0.19297352320487007,0.13334503108967818,-0.2791319467152915,0.1224441838369945,0.6545432338116082,0.4385662200745494,-0.03440078242145499,0.015361035079516848,-0.0773453990308619,0.02550601156593668,-0.025659443877169785,0.06718073125015955,0.25280235290509834,0.45877000563360465,2.2096531609460433e-11,-0.005496875581849192,-0.007342177793131288,-0.03308296664278387,0.16161450755595563,0.002200159317568234
AMGN,2025-01-22 14:30:00+00:00,-0.004997476794732059,0.02345917286865884,0.055838635082544386,0.05510412374672402,-0.15444754639628844,-0.19103565606854467,-0.08863204544652703,-0.01744793269106726,0.018223925264401863,-0.19463477606391155,-0.2870029757762982,0.16194828417095639,0.2589620062407416,0.05975544139147886,0.3402575336244676,-0.5964100627669208,0.4980958596235481,0.25825125525881704,0.03673424958058469,-0.17446463910347212,-0.1526479531634395,0.05742703834213381,-0.04007814043523039,-0.08191821631908447,0.03137057311883963,0.40090090297182335,1.0480538263719872e-11,-0.007823331097006392,0.002860701125660059,0.03688019848232216,0.1443926768501086,0.004729404593569121
DIS,2025-01-29 14:30:00+00:00,0.00931978478343698,0.039464593118581526,0.045826153838196326,0.005670288032133541,0.17929657933601728,0.21017997568791547,0.18043279699561054,0.047025276347253175,0.004585556872195973,0.13713395885369373,0.10378151910606537,0.15453658144805552,0.2175734577752857,0.08196793752914293,0.03669220568360702,0.824073768782948,0.032065263851026635,0.020295241421936422,0.0056355058412827135,0.17794462378560089,-0.033235078445649324,0.19574630403456594,-0.019811175032425687,0.11215142644284914,0.3059744901769324,0.5220462432293298,9.456326634078086e-12,0.012127729172301427,-0.002731256029384732,0.0010847311599375686,0.14425354446756236,0.004287107076024377
MCD,2025-02-05 14:30:00+00:00,-0.003249115715941997,-0.0044217977946097164,0.026238960588563565,-0.020391044128059477,-0.01585102490582635,0.08497309439711831,-0.0041175821587691175,-0.008407366426323115,-0.04079133773219912,-0.07584733497948015,-0.07768217499085761,0.14600019881321974,0.14282086343348863,0.06507772659630956,-0.13966449562268096,-0.11098535973498115,0.2703951091573783,0.25207588902334405,-0.02590718374399338,-0.032073733717231885,-0.04160995825636804,0.03249444495995224,-0.01650025336037242,0.042724386753962174,-1.0475877896753134,-1.0485135056479078,7.954003820659582e-12,0.0007938889759830925,-0.00403452905935886,0.02040029360413964,0.13520816417564377,0.003761372222366418
SCHW,2025-02-12 14:30:00+00:00,-0.011119206975251927,0.0049954926429904845,0.002677324305023099,0.12433698577777186,0.10741531922126235,0.29013298839307033,0.2718278019245304,0.006454439420427782,0.08719285243881991,0.09542127370433473,0.15974910857082403,0.29406409032395286,0.2593671102710033,0.10673951869782344,0.42282274466357733,0.41414394874133414,0.6871884881425238,0.3273204122844754,0.09881196494521316,0.09917314921577225,-0.016260167892849786,0.1386660438973053,0.03227709176398985,0.09039105094590383,2.8638146995849594,2.5031469148235583,1.770201425003075e-11,-0.0013220686178725405,-0.009748436565846341,0.037144133338951946,0.12227701191183284,0.002200159317568234
AMAT,2025-02-21 14:30:00+00:00,-0.023162593548249788,-0.06672335426819043,-0.05871377421498725,-0.12593271422433006,0.011944412059223808,-0.17471022698684813,-0.0850302834538077,-0.050685923378029685,-0.11536798625628553,-0.011426164904263736,-0.2528616420810659,0.4612662213647475,0.3824608386062,0.43566397306589155,-0.27301525321263104,0.03123041852533913,1.5662712714917635,0.5188371637273789,-0.10938548431685635,-0.024660251236873945,-0.11832583108203076,0.06774113776900959,0.018025870489273288,-0.10517650631922804,0.21514160979388314,0.31386286940400077,1.531077685872574e-11,0.0006818591397468321,-0.023562192927598424,-0.01056472796804453,0.11795138234963876,0.002866650028668588
CVX,2025-02-28 14:30:00+00:00,0.012369733476616851,0.010775103773009498,0.02845527606816045,0.02967512096113456,0.0001206276828193964,0.09759880199995408,0.08393568474221969,0.02064704794614247,0.042551109873640414,0.002219171581629098,0.03433103204896337,0.2450692168546656,0.21111721700229982,0.2367825151233064,0.12108873297919305,0.0005713777612845395,0.2544529984948962,0.16200377413942596,0.032951454948508714,0.000654608470344695,-0.013232419939284812,0.13623338420402353,0.02007056775843985,0.010608118636223907,0.7004795563738593,1.1264794651276095,1.0374660582281692e-11,0.0001915078279424165,0.01225270074108642,-0.012875988912505854,0.1298589461657185,0.003761372222366418
LRCX,2025-03-07 14:30:00+00:00,0.03267608835903246,0.03216487100524468,-0.08199182405038474,-0.03339941569007099,0.014595713968175161,0.04213266112611702,-0.1848629376669022,0.06343592858496105,0.014733199433864641,0.05866827885079218,-0.008996470095294917,0.45144245172909947,0.4220565193591358,0.2996909394986413,-0.0739837725985797,0.03458236823432502,1.7307318619124425,0.60041934631875,0.049905234902093115,0.09087350624672384,-0.10976795126735572,0.11288373031584364,0.03301473704800739,-0.05224709549407591,0.1421339257708133,0.17267007836480686,2.1445754351385784e-11,0.002354026190762859,0.03078930937225799,-0.04813261512393563,0.16064946540350178,0.0015428991898820512
RTX,2025-03-14 13:30:00+00:00,0.006096020364644517,0.012307271547633114,-0.022816273837324985,0.0300525478122724,0.10513176316472084,0.09651162958952142,0.38989873669618547,0.035327025395843314,0.09974597000698093,0.1707640186632613,0.07462416611379386,0.24316941641517129,0.2192521308880801,0.22536748981577617,0.1235868731163243,0.47950167115313747,0.3981447620597402,0.29630525709182487,0.05780061880911365,0.1312629019136313,-0.028693118085743485,0.14502970054394226,0.024293728502920553,0.06654325084673474,-0.06060942939180752,0.12576611197741205,1.5393095655104234e-11,-0.0020123200543565867,0.00814334598336064,-0.06969342219470853,0.19560556715089364,0.0033318080894874785
ADP,2025-03-24 13:30:00+00:00,0.012016086508052304,0.007758589814352845,-0.008309829509203226,-0.03363090992524853,0.04069488004833399,0.08405276867920808,0.20904823389256588,-0.007430218508830855,0.007738615822669992,0.05574893528197489,0.06924772375897348,0.22192705718240954,0.1637914838955448,0.16785533941687242,-0.15154037706004508,0.24845540855033985,0.4600847163056902,0.44583306632312825,-0.01459742340781649,0.04762102077975385,-0.0569839430780712,0.047525269653280855,0.0016391549397354321,0.07944481420349003,-0.582636233098936,-0.5293150120869625,1.757122480216994e-11,0.007483342204476662,0.0045710209873039975,-0.04136952574791852,0.2116663108340083,0.002882599007299396
CSCO,2025-03-31 13:30:00+00:00,0.01386968977738956,0.012063965823141842,0.013376966534903723,-0.038154525877172496,0.035225889001861965,0.16939257208011327,0.24610539489763683,0.03828040862866633,0.01955949850313754,0.10473117113474029,0.18610510846719297,0.2007820390914865,0.1896381304962484,0.13102829752022704,-0.19002957659866854,0.18575319694241996,0.7561087178469188,0.6449238528319639,0.00548355109880954,0.08777943875894095,-0.048712887571625174,0.051277563808480364,-0.009729538010390892,0.13466756236974486,0.4847267884885918,0.7886499278787694,8.220052869741911e-12,-0.0037792904574401875,0.017812930849281372,-0.057714024380310036,0.203798717105453,0.001036283453511209
LOW,2025-04-07 13:30:00+00:00,-0.028850592013956344,-0.07240423691609443,-0.07094536462598544,-0.11204046666527301,-0.13138177685286934,-0.2109853365617953,-0.0744927336997323,0.030708057780429066,0.01751479483184415,0.02590580616404381,-0.0992167374190478,0.3242307131156545,0.2562709698822752,0.2477787725310204,-0.345557845487968,-0.512667419619253,0.5543735358508428,0.47214940964460633,-0.04021845826103561,-0.044185703310350224,-0.19178896625277198,0.0,-0.057353931026794536,-0.028654713311555557,1.2321640093916817,1.1962274406312223,2.2820121602353824e-11,-0.023467271009271484,-0.005090578283857283,-0.12955526149711716,0.3122650802026723,0.0004177481851810172
PM,2025-04-14 13:30:00+00:00,0.023758643358897658,0.04119472669629243,-0.007207986281761336,0.04569414559336504,0.3019211091945211,0.2974339206409775,0.610457883610624,-0.025396507420811787,0.08563841912516779,0.3744146715820804,0.3572966130655111,0.3498265908225078,0.3207216384863722,0.3726132937754566,0.13061941771187136,0.941380539895658,0.2633408985462506,0.24174546502062305,0.05621310647700719,0.32101162905247965,-0.027642570943347988,0.3419518595233011,0.02208577665012612,0.19004399427708485,-0.3989614415512582,-0.18347276135142476,1.2131856328904645e-11,0.010072149794221774,0.01383166406500047,-0.03994427353180274,0.4710461361383317,0.004439404867028618
ACN,2025-04-23 13:30:00+00:00,0.014682480203067172,-0.0017338174334602385,0.028720649999856462,-0.058971537956888476,-0.21516632785663603,-0.2591706760172743,-0.07738191336111555,0.0023628677250000507,0.010672016143915997,-0.0935885200398685,-0.17778009786812987,0.4278992044667099,0.3430764907443435,0.306018977177485,-0.13781642345043527,-0.6271672168203896,0.7689800446696142,0.6793100194656305,-0.005417034613501161,-0.12167541977086437,-0.2728464064297268,0.0319807322264567,-0.0961951992325577,-0.046405698089200254,-0.8819635636430294,-0.9694413654470437,1.688457438974301e-11,0.03764609393037355,-0.0220261000129518,-0.06964355410080447,0.48871702005001627,0.001036283453511209
COST,2025-04-30 13:30:00+00:00,0.0028193914301448686,0.018941366344881416,0.017835288310893205,0.050230026208329726,0.03223230356755469,0.11208094444418215,0.31417417896913236,-0.016338443088224075,0.05837732807050422,0.11096961872254507,0.14865563911684898,0.361730048216888,0.3124415846738235,0.30469797258252107,0.13886052998896167,0.10316265551272223,0.631452821793748,0.6170312030693202,0.05537466295920527,0.08195120340263701,-0.07648158435723162,0.11663780808370983,-0.003142716017420888,0.043252417283841105,-0.5240621689469531,-0.38443038525567663,4.778724423667503e-12,-0.0017142926537341285,0.004545454545075378,-0.008147301862174494,0.491061481337261,0.001036283453511209
LIN,2025-05-07 13:30:00+00:00,0.005821348180593766,-0.007907989879461397,0.003229920713918588,0.05438122158846337,-0.005614212669967422,-0.01051109250647908,0.07220271163467196,-0.01992021270064903,-0.05259599406707327,0.06509644829554873,0.0002032583853832648,0.34711396760627466,0.2775704189974263,0.15209409132518725,0.15666676268742674,-0.020226264348505663,0.7052217331820874,0.779613956470166,-0.021061435847128107,0.044252482210584844,-0.042746956987922746,0.08789596506830133,-0.011999655343461701,0.0028859465663080286,-0.618422605199369,-0.6391333680455928,1.4768823571387833e-11,0.002057981759684635,0.0037725794954126535,0.10697721565553664,0.3921257608500072,0.001036283453511209
PG,2025-05-14 13:30:00+00:00,-0.004483091922675264,-0.008004892518240325,-0.028387095072995194,-0.06173210121576744,-0.0643892451782575,-0.04722143631696696,-0.030221786092330838,-0.05386469357082646,-0.147977883806786,-0.04099733204276479,-0.035823568698401864,0.23342432631980362,0.2514283577923859,0.16130520978144608,-0.26446301544077805,-0.2560938063773466,0.2262703554847687,0.28241198020594144,-0.08124696510169929,-0.05909634867762074,-0.09789516180649471,0.003882827658928223,-0.020118587725982073,-0.010216336595101905,-0.7469290965442018,-1.0468824355559365,8.399550319287875e-12,-0.0038431149613719073,-0.0006323731877017069,0.08624578259101856,0.21899459631387574,0.0033318080894874785
ABBV,2025-05-22 13:30:00+00:00,0.004062097135722809,0.004722363848780553,-0.01651675510630657,0.030537142053344013,-0.09249528811291263,0.1118812580987667,0.13937716920407084,0.017218341023282235,-0.055013204019061845,-0.0670325543365955,0.1139734149115963,0.38048453951313027,0.3468995610049736,0.3024070846352327,0.08025856212822596,-0.2666342034130925,0.5912844909067926,0.5340596332626399,-0.020047450770978407,-0.07743956853488776,-0.14969567262843309,0.07275497533357345,-0.01384862698191669,0.02166317695581954,-1.195521134014577,-1.5204901647005273,1.189895123484558e-11,-0.002145205782472459,0.00622892674699127,0.08555034607240586,0.15370721151466518,0.001036283453511209
CMCSA,2025-05-30 13:30:00+00:00,0.0084241851925273,-0.0005785126141719665,-0.021746198409458017,0.010760656816195091,-0.028166288647768933,-0.20545406259005272,-0.07569148395028025,-0.011230347178802003,-0.05016171438773531,-0.023227333609214806,-0.1984165636526889,0.16047179478198437,0.3088145475975011,0.08262115308371477,0.06705637480290184,-0.09120777782943038,0.7111067740736331,0.7210561028369046,-0.032561654039548256,-0.024654164263007993,-0.07200073038864063,0.0526795738592325,-0.0013645168074059022,-0.07531428111578586,1.9816798880495494,1.8449755035935043,1.1576477452930647e-11,0.0023338039351978868,0.006111701043374884,0.0609223712039304,0.17133536996369114,0.001036283453511209
JPM,2025-06-06 13:30:00+00:00,0.014326978276597124,0.006531747745392558,0.01922551601181599,0.063462850503754,0.09852726727728989,0.09324955159492898,0.31129944908002827,-0.00976267254544183,-0.0017417181698231587,0.05590074444529325,0.09469559364554936,0.16578778377045983,0.35407545871698143,0.08851364850927652,0.3827956985758431,0.2782662984729603,1.040927439324928,0.9056731034889001,-0.004410374197919079,0.05415615001845405,-0.006839531869039628,0.26369602276131543,0.06124525389548441,0.040934276897169664,-0.012665965788065331,0.1344245283523324,3.880694539503613e-12,0.009085477643713036,0.0052965024237936476,0.06520456867357716,0.16329985238088543,0.0015428991898820512
PEP,2025-06-13 13:30:00+00:00,-0.01102046082684538,0.006286467473554325,0.006337957663911098,0.029424748597635997,-0.11622643115139208,-0.18040630017981307,-0.1965380187511654,0.009724620432589148,0.0135181339356798,-0.1784345548725641,-0.17698216840244463,0.1438528246034614,0.2290273019926609,0.0776801847317524,0.20454759007163753,-0.5074784977169077,0.31268364090505574,0.40921030679041526,0.02445101041066179,-0.13567789377040032,-0.12607677175544818,0.029861934001106816,-0.02797075965593787,-0.10930574864170028,0.23496655608225223,0.37170468523627154,5.6442728582315955e-12,-0.004081739229189418,-0.0069064089398162,0.015906614661956198,0.1268732502694143,0.002200159317568234
XOM,2025-06-23 13:30:00+00:00,-0.02614534692786652,-0.003395071219579826,0.06919107976380356,0.07505830262394042,-0.02392785746858017,0.052023737189536234,0.05562177951896441,-0.011724471781520585,0.04275446159521579,-0.08906906257190883,0.049136840618208666,0.2082520396680439,0.31790741868145267,0.13365238546315694,0.36042049212859667,-0.07526674768340715,0.7375908663003683,0.6952165614138262,0.05123128453473404,-0.07197541537259433,-0.05267865742288924,0.1284812975717715,0.009325069041683953,-0.038460350212928374,1.127636013958967,1.226676978934777,5.570317834185505e-12,0.01743671648639178,-0.042502135511379935,0.032303841028724634,0.12121358740755281,0.001036283453511209
CAT,2025-07-01 13:30:00+00:00,0.006956465235377074,0.04687080240947061,0.07564393226924615,0.11621416637309334,0.1748198632687874,0.07127678693421569,0.19325031306941298,0.02900813848587891,0.0662383085256586,0.07206893607959675,0.03803114187790335,0.1634334789554638,0.3841268046439006,0.0835649165495913,0.7110793156692339,0.4551097740519611,1.2017895464319128,0.9210703508191994,0.05615370283807899,0.05133487308663147,0.0,0.43389873774190013,0.06148068168921372,-0.040302874919565745,-0.06822450253479742,0.29163123087412574,1.2278595406229003e-11,-0.004173082536299666,0.011200540962245542,0.049975857847434746,0.09976615661712399,0.0031219708833555905
ISRG,2025-07-09 13:30:00+00:00,0.0015728513816588574,-0.018497479707615838,0.009608026057905228,-0.053366412094637994,0.13027723412685788,-0.013466140294595697,0.1740585770137022,-0.028730679788992575,-0.09728104973261509,-0.08581918784023301,-0.07227497924477344,0.19632899589178687,0.3837038481889294,0.11048883896387174,-0.2718213468786477,0.33952548232644136,1.373842974758004,0.8818297704639644,-0.11369822850261625,-0.16660531706297116,-0.06680919778584093,0.15405458393844684,-0.02143014198740012,0.013005346516790306,-0.5415786515311263,-0.42172252984638803,1.2463103300949713e-11,0.004779100302177985,-0.003189767124000986,0.043914637637977094,0.1024410658563989,0.0015428991898820512
ORCL,2025-07-16 13:30:00+00:00,0.02662561287836951,0.025137172182966516,0.09927446500409154,0.11650284235519504,0.5855591064101482,0.45531641033399683,0.5213041323961178,0.024910475904558638,0.06892335547977524,0.43582722228175363,0.3780780885931616,0.3589816796267203,0.4246614830024365,0.13920751997000025,0.3245370139120696,1.378884428769323,1.3792569394997845,0.49291484214486964,0.050878504904433366,0.37904036616168235,0.0,0.968838440357298,0.17882544560966696,0.10974806199213405,-0.5977093031762051,-0.3215639052398953,5.372069401219822e-12,0.0022981778285973142,0.024628463064479744,0.047579486875419796,0.08876567865774264,0.042508283628521035
VZ,2025-07-23 13:30:00+00:00,-0.0027972205580364395,0.037821061305907566,0.021422868455867494,0.027307357283617772,0.007902911697995396,0.12537158813362614,0.09391999714788302,0.022050370907018557,-0.027713419428750274,-0.18044284319391712,0.06887576388647476,0.2032396782028574,0.1878495471590064,0.08646742288862692,0.134360364693954,0.04207043252175598,0.07760145993833065,0.05176906524384425,0.02303766468379711,-0.006712993854803997,-0.017542919766533105,0.04897144358576555,-0.007575789548950662,0.031498218833828195,0.4034828479564328,0.6760373090274736,9.28319827720681e-12,-0.013035365477787053,0.010377325729509224,0.05502077671236805,0.07046296950511982,0.004038050201799243
C,2025-07-31 13:30:00+00:00,-0.022268963302737532,-0.017875638844190966,0.006531300794580197,0.08261621612942083,0.3229825755088358,0.16509297323396677,0.4098087111746418,-0.014027804710932124,0.05954742393815593,0.18901555426620575,0.1098632671463271,0.2676885582348202,0.24056632622570007,0.11259073761354471,0.3086281187145426,1.3425926253943479,1.5002443163910144,0.733461950134381,0.04800739175847025,0.12199931330574579,-0.02466957926652802,0.386106093845896,0.09387329742395334,0.13429654607150798,-0.27242189532998795,-0.08990782363112565,9.544484283392886e-12,-0.0035487334907496892,-0.018539899966062867,0.023068792191264897,0.06922158284778997,0.009921040103613965
INTC,2025-08-07 13:30:00+00:00,-0.031859309006203596,-0.0015162388313632036,-0.13511076222310514,-0.17027832715582525,-0.026947688956079574,0.006088341438311051,-0.010727981937239228,-0.0019807487071066276,-0.18357842914145683,-0.1493669972532654,-0.04562030589335864,0.40893947722281687,0.45574095015188254,0.37376769837239765,-0.41639004459099094,-0.059129400039866616,1.5687780976962107,0.41978453169216207,-0.19114323584800996,-0.2189964185478247,-0.1700251590634626,0.023821905987741143,0.005207897273397544,-0.008833799851906465,1.0398623448329698,1.203950470152533,8.834341021631041e-12,-0.020088184736181236,-0.01149997711000006,0.013300101985631585,0.1012232877038371,0.002200159317568234
NOW,2025-08-14 13:30:00+00:00,-0.014514690967353694,-0.026970109845152024,-0.10294590496544487,-0.12791987118412695,-0.18797433358598514,-0.14375095016677086,0.053394876133166846,-0.04666182111403572,-0.16068498816023435,-0.28422555209946854,-0.21661025554476154,0.319896992676515,0.26217324096061323,0.2157030146343856,-0.3998783174353927,-0.7169851999282599,1.1053938165546806,0.4476812521920905,-0.16413822888820687,-0.2943698353666431,-0.185538321479072,0.0,-0.045266047147645816,-0.004676734470799193,-0.09332532677765837,-0.14039711159887583,9.045807868426769e-12,-0.00827064173933112,-0.006190417633670897,0.0327651169761074,0.10599076946290834,0.002200159317568234
USB,2025-08-21 13:30:00+00:00,-0.0051847431098068775,-0.014193879557300004,0.04609723989410863,-0.0025957742283688745,0.08467809051971198,0.010190814224641631,0.10025811202013646,0.00038439135379109146,-0.00501192989449617,-0.0050626828875079966,-0.03646036638537309,0.20176475004805874,0.1995444660897937,0.12617204330587126,-0.012865350502258606,0.4243569976107851,1.2872092087446916,0.6485741078546713,-0.005705872051568594,-0.03083705940993231,-0.03672029200547677,0.09346569098565483,0.0019110433624252021,0.010578175677406154,-1.3383532603875612,-1.4986422638787558,2.7394379924156272e-11,-0.004093905738458026,-0.0010818487766265372,0.0024161556661272954,0.1070885727884895,0.004153444117215311
BLK,2025-08-29 13:30:00+00:00,-0.0029588966230988945,-0.018485923837336493,-0.0069580391705050815,0.018924520894063157,0.1452803826733895,0.15287984491739515,0.2621409137876576,-0.018266668892165328,-0.001619562865068147,0.05169164887555855,0.06423006615811833,0.18656604509549057,0.21294848481961323,0.09815376483957669,0.10143604043477993,0.6822325258451837,1.4280856198934908,0.6460165408003602,-0.010414189696239667,0.011627657752667192,-0.028461659084579538,0.162983000302517,0.030342659416611628,0.09716689991290317,-1.0761325918953084,-1.0786975462589954,1.5368634809004967e-11,0.0012560858737185043,-0.004205327024700334,0.020544083759131304,0.1028366914851034,0.0015428991898820512
HON,2025-09-08 13:30:00+00:00,0.0023310373654670258,-0.02187761185981163,-0.03693459016061329,-0.0032931690903454935,-0.05809409723277881,0.011360351249961376,0.06437104695581741,-0.027627608562192485,-0.02912273967611423,-0.14113840744215622,-0.11431048179141268,0.1419347458041263,0.19531983378590914,0.07443583215429998,-0.02320199378727288,-0.29743060961466916,0.8581133734198396,0.42324485628713354,-0.025457869039685367,-0.1293555304098713,-0.1020469239700853,0.003504646932487532,-0.031163643033661814,0.03448400448409239,1.4720521485554765,1.3018615937058762,9.443647517066175e-12,0.002660494848757633,-0.0003258715239091714,0.025829570585768735,0.09267082660660964,0.002200159317568234
NFLX,2025-09-15 13:30:00+00:00,0.011561563985334367,-0.03473962196026292,-0.0049699048639268995,-0.023266246724313433,-0.008192510535189435,0.26976095673709466,0.5677061044040101,-0.05316063052221587,-0.04782511460315142,-0.11309598226555462,0.10264936128555746,0.23230806648515814,0.26273500479039935,0.18200041897744526,-0.10015255637194967,-0.03118164837504286,0.9451571678808663,0.3358747380283367,-0.04647823673503632,-0.10734277877673191,-0.10220812791811573,0.04738337303489426,0.005017689289953831,0.13505289521237684,0.20515129131873938,0.3254920599519934,3.0445160995777003e-12,-3.370327437934861e-05,0.011662753531714865,0.024558867878837987,0.08934682666627514,0.002200159317568234
UNH,2025-09-22 13:30:00+00:00,0.013599224861938985,-0.01912455155852477,0.06994900949502192,0.12416357567852732,0.13300433788797772,-0.40162793818191744,-0.5099309746896985,-0.03085627147802139,0.07329471696910161,0.024698546800056675,-0.5750749343731671,0.35567617260043743,0.47020238166489237,0.12067939151497004,0.3490916323428032,0.28286615099020984,1.082904127021903,0.20373214572488074,0.06907747864519614,0.015719549738495972,-0.028723140669769887,0.444476577913808,0.10252364465825514,-0.2733704936481681,-0.6294958571386157,-0.7407837098127674,3.016046551728351e-12,-0.006623298505932129,0.020450865613930613,0.0508688587094257,0.0691954229450276,-0.028493325324767716
BAC,2025-09-30 13:30:00+00:00,-0.01596027614660711,-0.0021298885662082157,0.018191272992902352,0.022160076655189265,0.07455350605665778,0.2235302175842957,0.28978162617504255,-0.006358323668363752,-0.012719452969365719,-0.003938899518293404,0.04228688482015386,0.1435834831620141,0.18808720037338922,0.0698516857691219,0.15433583422812416,0.39637735001985647,1.1770679184820207,0.5499247155957155,-0.018895498677617646,-0.017837386390096577,-0.01583358583885408,0.1548743718242569,0.04213461797236606,0.09672923880537554,-0.31072407535537283,-0.24790393827594548,4.361936621959844e-12,0.0011446561711945247,-0.01695882998065501,0.034879529624554984,0.06444226349743754,0.0018195771693148752
GS,2025-10-07 13:30:00+00:00,-0.008988739470590978,-0.008448926755605157,-0.020890805583205996,0.06244285591572751,0.13077491681307674,0.5387673431814504,0.5053747168047726,-0.013043288115000884,0.028718961634157658,0.05792134996010656,0.2498173543613893,0.15716673840249396,0.2020662013090146,0.08145786007828058,0.39730324972333114,0.6471884756871638,1.714322037576091,0.7171288447285518,0.004629240755945993,0.005880441641006942,-0.020674104348758715,0.13344644493567692,0.0491569561422025,0.18519491195817084,-0.24023565126404783,-0.1612830825080478,6.543973112049756e-12,0.0015311888194142753,-0.010463628553316506,0.033723894281569855,0.06078378660158106,0.0018195771693148752
MSFT,2025-10-14 13:30:00+00:00,-0.000934218256541719,-0.02006717020077442,-0.00849245695741807,-0.003479371069018633,0.017243448562387798,0.28434743870173573,0.2185652099229456,-0.009527525605305343,-0.008242612193166465,-0.04484377741670542,0.07252832859424796,0.15726437165057203,0.17152885580189783,0.09645411216387664,-0.022124344074254135,0.10052797520145886,0.8347095986440572,0.5133097087811708,-0.007455294156000938,-0.03458135491554399,-0.03962690361710375,0.03751507390896336,0.005850296758341811,0.13007859562771729,-0.5724178215145899,-0.7646797152671425,7.136395285104023e-13,-0.0074311970889396894,0.006546060141479959,0.004763241124147832,0.12794416637516304,0.001898617657465886
TSLA,2025-10-21 13:30:00+00:00,-0.010853643121079948,0.03065026110109681,0.02172089126548915,0.019138173047260842,0.2858461538038295,0.6205218209709988,0.6950016041210025,0.017043075638020433,0.012499466379533253,0.2259224327605489,0.37225234503580573,0.5320935512236162,0.475262526740781,0.3075674280502677,0.035967684636000946,0.6014489628797023,2.4001654377662343,0.5420042129123969,0.0032041787519128326,0.14201930965340223,-0.03669521974613821,0.46251197489526485,0.11669670766732088,0.16890576095621035,-1.5547933130907212,-1.918179446998517,6.93668833406211e-13,-0.003732389283990778,-0.007089024570999136,0.00663870666772759,0.13309983640129955,-0.004005927806480676
AXP,2025-10-29 13:30:00+00:00,-0.007813781183382495,0.017516120863762197,0.0800566047177087,0.07806109887923274,0.18219803789307765,0.3011630249369226,0.30330348343988156,-0.011348223048797124,0.046603823239250275,0.0953171488694089,0.0803151146706238,0.32754908349857287,0.24856703255547702,0.12767677407772907,0.23831878277739968,0.7329935752940743,1.070476429255632,0.4760778200270295,0.044386826778034134,0.0891940940404659,-0.009539204950933966,0.22040190431274653,0.019942845077216775,0.10378324175235032,-0.5866477768570576,-0.5749617681381778,1.5280328528056144e-11,-0.0056228511621528865,-0.0021726985504938456,0.03145727563998246,0.13988995023837614,0.001898617657465886
GOOGL,2025-11-05 14:30:00+00:00,0.024100084033280567,0.034858810877795854,0.12186690964728353,0.14570967834528759,0.37019486414014047,0.6323756692484501,0.511107453130097,0.04934741543517607,0.13333536862208106,0.29826708954959535,0.4380285863607192,0.28898284316104,0.2851234941516657,0.14750360926055184,0.5042156715998835,1.2983667489120443,1.295927613226523,0.479060769337806,0.1296734686803668,0.27698167489032,0.0,0.4276753692516577,0.050061303920377664,0.2814696353928947,-0.16443357348839352,0.22526062006409986,1.972393719875445e-12,0.004792051703450317,0.019507306402792857,0.012374309723206522,0.15121595595785267,0.015578652449322503
MO,2025-11-12 14:30:00+00:00,-0.006182436077015296,0.015450337048395824,-0.06534572012047324,-0.11921768140200584,-0.10547681288627686,0.06331026629501446,0.141739782337841,0.006881673574902436,-0.15070029919417482,-0.16628153968143167,-0.09374567901362374,0.3277009732870294,0.2286959562665552,0.34849311809943334,-0.36380020543175035,-0.461209785289509,-0.304286094180099,-0.14514155404564347,-0.10963795859946185,-0.0869747800620912,-0.12903228100378017,0.029620389350936582,-0.04378608962872088,0.08024762955003317,-0.018751181865605086,0.08928684843180026,2.1450886973837488e-11,-0.00017120045979657217,-0.005993189720043701,0.03148261779216899,0.11802897968671369,0.003761372222366418
TMO,2025-11-19 14:30:00+00:00,-0.0038964408580453025,-0.024497586143742645,0.010775905736093883,0.027922303881431354,0.1715717053157313,0.3670411831483431,0.11535315001277802,0.006246070916405166,0.040790528612486554,0.1269323646696332,0.23266106909502504,0.17131122390395193,0.28963494978175547,0.10377231326994475,0.16299167821652125,0.5923722445962177,0.6639698973306117,0.26698766017572734,0.03646641773493731,0.14193252689003533,-0.024199955643392168,0.24948813585524632,0.0702830558191454,0.11426438771371261,-1.0191147241391232,-1.0599272831521922,8.967387594124213e-12,-0.002447932933745345,-0.0014444625960404744,-0.0128682247310552,0.13203737720514655,0.003761372222366418
AMZN,2025-11-28 14:30:00+00:00,0.017561753807108005,0.07143991533312821,-0.018522197240685045,0.012599399248667709,0.018260215773346467,0.12892348768491768,0.14644102284039118,0.02511016222114737,0.018216886313480174,-0.042459102426378514,-0.025384564312638247,0.4719561374123032,0.3473809640527934,0.2044738045346968,0.02669612332567425,0.05256538976779211,1.7747143730505401,0.6271711778271419,0.022568834283015884,-0.0894992309575347,-0.08181101881496067,0.09472403572557808,0.040006169000834424,0.06003889166684617,-1.0553020274100935,-1.8911330538337983,1.6377927540599299e-12,0.009076635528719512,0.008562513756123824,-0.005617487064812465,0.1486871893176751,0.0015428991898820512
GE,2025-12-05 14:30:00+00:00,-0.027511284412065073,-0.04983959804084215,-0.023253607107193375,-0.07190939764914983,0.02940217979146187,0.10771230938281917,0.4579812518644024,-0.053128236386483785,-0.08406915348735922,-0.028855780051523894,-0.033589960669544006,0.2589619805889592,0.23949461811410297,0.19089923031198022,-0.27768322394509704,0.12276760130556971,1.1271863945500853,0.5686004737171622,-0.08561570899103042,-0.03626539991779691,-0.09653812453962629,0.029130267278429267,-0.010209476200628176,0.18809350664136182,0.47627732781638454,0.6136319487750379,1.1120897569735885e-11,-0.0006509570463061332,-0.02650259070526928,0.012159755838209385,0.13681945256512118,0.0015428991898820512
MDT,2025-12-12 14:30:00+00:00,0.0012024099483731732,-0.014809142660911156,-0.05322886441399355,0.04150245026979249,0.07421461306681465,0.15069302376506055,0.21040888494000587,-0.009066865856278916,0.04365363470970873,0.04011993859041407,0.011694877558294792,0.24196811139026844,0.18943393174998846,0.09945240201498282,0.17152032981260706,0.3917704308896559,0.26075321305617594,0.16866138003227563,0.0420633785243771,0.0653243171489888,-0.052016999502236705,0.10892750506454352,0.04218998472504576,0.07710993153761136,-0.31112501754075506,-0.17279023403169458,1.2548499337180272e-11,0.00100258902893402,0.000200343242169998,-0.0021511844399162428,0.12014972211616197,0.003761372222366418
SYK,2025-12-19 14:30:00+00:00,0.005901424361585583,0.0031299636688535415,-0.02452775176557065,-0.025104589986719716,-0.060521493161855844,-0.060867005181857614,-0.033969860149047015,0.002029821669053966,-0.05479720460675086,-0.08398458971855938,-0.1926358928264822,0.17534341140885742,0.2007861536476554,0.13718329991201528,-0.14317384260411148,-0.30142264325686763,0.2624012173814519,0.16455478435067694,-0.03289596821025419,-0.0666782382618734,-0.08536115943937062,0.017094730325119656,-0.011119065429128994,-0.024506687966073692,2.156302755223086,1.594588641304016,1.3275504479955363e-11,0.0047860114470099635,0.0011274645662304739,0.029692614620031144,0.10687571605630382,0.003761372222366418
AMGN,2025-12-30 14:30:00+00:00,-0.002855879275748485,-0.008180944169986049,0.010336361646816172,-0.049761842443012405,0.15960597751651484,0.13862924843391244,0.25430861502642,-0.011336088365720087,-0.05784127899755198,0.12568675238680527,0.026217617729251685,0.22718897694947182,0.2773886544568597,0.17737445490038953,-0.21903282065520166,0.5753875472269442,0.6013511261948414,0.2715546407615091,-0.05462042071410455,0.1392086132851076,-0.048544006044869636,0.14098626772691114,0.0195552603461826,0.09363543350813042,-0.6785170363922842,-1.155402367907063,1.2168484101512857e-11,-0.002973179218551114,0.00012173602971055075,0.008079436554539576,0.08463998406433965,0.002926046379189141
DIS,2026-01-07 14:30:00+00:00,-0.01459491361806542,-0.016513306431853003,0.004705112385140708,0.07652069684190455,0.010114332019599104,-0.059228052237598305,0.026618885251381563,-0.020384155000254367,0.06785905006460524,-0.023081380319116107,-0.1652773314292837,0.1813105417926972,0.2526773203705359,0.0739173524431921,0.4220421829051455,0.040028649998215315,0.7813633289351254,0.3927274637257871,0.06975280368193376,-0.01582358027975223,-0.02551275295336053,0.11510633352545252,0.02556126950435611,-0.0027572552943382345,-0.5090703237100089,-0.38717037957158024,9.595737210891848e-12,-0.0009601170576314377,-0.013541808792628895,0.008661646777299303,0.09347631044612617,0.002200159317568234
MCD,2026-01-14 14:30:00+00:00,-0.004242534998735614,0.012967810187189954,0.00032462659949672457,-0.027496347854921943,0.017636482416612864,0.04205670386247018,0.1059080839143034,0.011754359611883203,-0.04311372201216024,-0.027312325092878176,-0.06497932962611408,0.14817705670662643,0.17111812873182705,0.07440707809542359,-0.18556413837643945,0.10306612483036447,0.0017268525827409272,0.0011175245904188333,-0.027523316757821003,0.017558862452273973,-0.03603936850098344,0.04591899070722283,0.008019544090525521,0.012186569371233746,-0.08444676342477887,0.10016659452538343,9.804986538259101e-12,-1.0253622684253116e-07,-0.004233446058466206,0.015617374157238295,0.08602684810865538,0.003761372222366418
SCHW,2026-01-22 14:30:00+00:00,0.021959670183567148,0.020683368060858243,0.02058530479801668,0.05157156237976945,0.0928831799148302,0.0950692084017346,0.26345995454358384,0.02284343651506049,0.03921439867653298,0.06370162632261778,0.0059639337662416025,0.2049791631438835,0.1891501087607529,0.12244963547133786,0.25159416981114907,0.4910553872972591,0.7718788927855257,0.48109823357627307,0.042033328542545795,0.0703585546383118,0.0,0.14985088960704251,0.045901230251860436,0.058570791800899524,1.5079156737951958,1.3559001148285046,1.3035636885530194e-11,0.012574861048802344,0.00950813388632965,0.012357163703236473,0.10634629954571793,0.001898617657465886
AMAT,2026-01-30 14:30:00+00:00,-0.05733418980539984,-0.00018611476434582386,0.010103136943633295,0.21497866798831033,0.3147312458052429,0.5870750127834983,0.6191206775636084,-0.0039496981104871765,0.20788051064776347,0.30517113897496895,0.49063401692955555,0.5347438726893361,0.44467370556728736,0.27466209847540557,0.4020217509125233,0.7077802034724049,2.554256071774288,0.6566577523331885,0.1968481565028093,0.2903122848872048,-0.05572155160010839,0.4635609337641833,0.12165530072418629,0.336677210222333,1.0311570611954919,1.1058907388782395,1.2002924929637698e-11,-0.024638217406588003,-0.031868517660054496,0.007098157340546862,0.103117059658915,0.02380600254769422
CVX,2026-02-06 14:30:00+00:00,0.009053383110908975,0.022138581963538684,0.0814074374294238,0.15300858574110698,0.18061660739202434,0.18841722631811297,0.21266515865679558,0.023680136873667657,0.15132283187909046,0.15810945091449913,0.09398229525004265,0.19041328154592752,0.2298777361752916,0.09527372536804135,0.8035604685705784,0.7857072650754505,0.03709217619775797,0.019508266532668024,0.15294605746183101,0.17978176797824946,-0.0020415648666735065,0.2324361781570743,0.07024367263994868,0.05755468693380417,-0.5862246851666941,-0.34034704446539943,4.5383804821536205e-12,0.005970025550263047,0.0031059209613173433,0.0016857538620165258,0.13519579995207887,0.004287107076024377
MA,2026-02-13 14:30:00+00:00,-0.017403096256089157,-0.056954760693288975,-0.03865591817428626,-0.0534497352190062,-0.07795981056713241,-0.11599973501177008,-0.07969032283232025,-0.04372305607311233,-0.04069033388553933,-0.0786665989509876,-0.17751125019078007,0.25826789868345074,0.23066509917002792,0.10181352787697304,-0.2069546215053135,-0.33797835410577937,0.5345578826592416,0.2772086650810693,-0.046629096658188644,-0.07833762986909419,-0.10545791334444932,0.0,-0.02918497599053238,-0.01822038876339871,-0.4121648532717605,-0.44501917458646945,5.533480516249136e-12,0.0030333842256389243,-0.020224572367311455,-0.012759401333466869,0.1437793313439127,0.0026493683997563175
RTX,2026-02-23 14:30:00+00:00,-0.014748047367534767,0.012570198792102971,0.019592674269662602,0.03133967815216909,0.1573994551230955,0.26322679165450946,0.5004663351863483,0.01139046554545775,0.040759277784788495,0.12476927643244728,0.18595727231776316,0.23867644966505924,0.22654564433979343,0.15348440212698167,0.13130611837133016,0.6947803193559251,0.6530395903448185,0.33139074055341716,0.03749104963746707,0.13609065659807637,-0.014639827580338993,0.2057531894971929,0.03913306747638168,0.16964480004986826,-1.167237723493057,-1.2996751615516349,8.176773743706453e-12,-0.004635908310870129,-0.010050512524007349,-0.009419599632619402,0.1247647783764131,0.002200159317568234
ADP,2026-03-03 14:30:00+00:00,0.0060291696628151925,0.05020614755845454,0.014859970178090265,-0.13213170303782373,-0.15946838844785738,-0.3290405060265744,-0.3546937865617643,0.060524917467983386,-0.11549024195462199,-0.15800452125974207,-0.3882959570381841,0.3574183022468317,0.24994334228739476,0.27613391105787805,-0.3696836513609034,-0.6380181483869825,0.7221347315545273,0.30875541843476983,-0.12011432600583072,-0.15841127910893624,-0.18726039562689412,0.05148783568518778,-0.0958379860154065,-0.126769078934874,-0.6039014341667966,-0.6639750202355933,1.799809391142596e-11,-0.0016281505479824876,0.007688049539014141,-0.016641461083201747,0.13238303872729298,0.003168191688770936
CSCO,2026-03-10 13:30:00+00:00,0.01936249697142589,-0.0160861729346653,-0.005646846226493807,-0.08767619987859554,0.0018677954093000437,0.16131211955222735,0.2189167843521833,-0.011280198507781058,-0.06777031927863852,0.01142627536994123,0.11261263966988277,0.5294932443620949,0.35398169728237194,0.6133226937649672,-0.1655851152250736,0.005276531028693553,1.5631882060805729,0.496170158182836,-0.05655956209309465,0.016809498551831843,-0.10463244199671096,0.05930467054178035,0.013476442366889607,0.09096965972577475,-0.21332621665629928,-0.15226987256322547,7.428654451824997e-12,0.012203081085256917,0.007259496538601473,-0.019905880599957015,0.11530241922784526,0.001898617657465886
LOW,2026-03-17 13:30:00+00:00,-0.009962308538193021,-0.04646121361529065,-0.07236623927428187,-0.18141038322091063,-0.02665084791703709,-0.117317335542384,0.08577466414403467,-0.037054975238794974,-0.16532996886463458,-0.013428406384532465,-0.13818956848627995,0.282307723618599,0.2699709196645432,0.23353723941695054,-0.6425980164325867,-0.09871747649766331,0.6046410199444814,0.25967892739140086,-0.171687505083402,-0.01865601738266722,-0.16590700931850433,0.008922961227180615,-0.02943340236655856,0.08786859481796538,-0.9892414957980045,-1.4084310679723508,1.8799067566014878e-11,0.00136299926153427,-0.01126050032997239,-0.01608041435627605,0.12291920083761855,0.003761372222366418
PM,2026-03-24 13:30:00+00:00,0.0038518565726768372,-0.04434774342620784,-0.0445791360699177,-0.12432369669265153,0.06181408427767199,0.038920145180939336,0.11344004240087635,-0.02054547016550945,-0.08326127582903187,0.09993894107067458,0.053581905417238396,0.3341360236585646,0.2704258738046007,0.2807197984467989,-0.37207510681246136,0.22858051046674793,0.47073420773635255,0.20944569461764298,-0.10499421053967886,0.07976075853518796,-0.12891019279098914,0.06563232881514991,-0.01569592351886928,0.06956640529783642,-0.36974061602707986,-0.44643246598090486,1.5481614150845657e-11,-0.001592806642065181,0.005460789129515753,-0.041062420863619664,0.13344686456135332,0.003761372222366418
ACN,2026-04-01 13:30:00+00:00,-0.006222398893548586,0.024503602718596973,0.009739744265739425,-0.06307538391382561,-0.3149137177777792,-0.22425939610174073,-0.4496877464507305,0.026915042233008002,-0.02807971314808011,-0.2703747432693788,-0.21363964672304991,0.33200303947369514,0.4506401718083268,0.19810463636852224,-0.18998435681135722,-0.6988141259446421,0.8267560849057826,0.26105015087220634,-0.034142500162886114,-0.27809084958749564,-0.3170445058577658,0.029033854816862048,-0.09783684777464619,-0.1194112568038126,-0.3687679771532037,-0.6128963844371768,1.2913261497643368e-11,-0.00579962114549748,-0.0004058122725042468,-0.0349956707657455,0.18688818238296864,0.015578425340413
COST,2026-04-09 13:30:00+00:00,0.0017068290874169278,0.03497370041041936,0.05698913738823741,0.03417127371340811,0.15779878032273942,0.12335660859797759,0.1333609696597211,-0.002054340280225553,0.02733292936162446,0.16918056270889625,0.10154267864541922,0.13785324218983228,0.19181686299571,0.07531993515747956,0.24788153815310485,0.8226533259814003,0.029168824874865953,0.022825183557893407,0.03397180724457691,0.15813077353992505,0.0,0.1290600416753669,0.003796691871489344,0.046936380751495976,-0.4951053062997372,-0.29287600837457,4.266726721272286e-12,-0.0007571244420904177,0.0024672790286270896,0.006838344351783654,0.2030258012733131,0.004969546765755539
LIN,2026-04-16 13:30:00+00:00,0.002567290060444094,-0.00813950672733732,0.010855581585493823,0.01041018086810741,0.1296709249891741,0.09048159666535405,0.12605883303004894,-0.03938904251183839,-0.03708393764467299,0.11101662216613661,0.026878486332825524,0.18777885183582313,0.19420296769944792,0.10561591797019862,0.05543851592621906,0.6677082566001525,0.07759843066046121,0.06120645965973267,0.006724711805913693,0.12822338036504138,-0.0189635741713976,0.15640504444277403,0.013296469947899237,0.06932679416964449,-0.7349716364266864,-0.9106718503766007,8.449193889142305e-12,-0.0022894618677178347,0.004871202672026564,0.0474941185127804,0.18787855569338952,0.00444381191209758
PG,2026-04-23 13:30:00+00:00,0.01982320172564833,0.018004766430632202,-0.006498649039986759,0.017655479158070086,-0.02147513127472589,-0.025715365254901812,-0.12077227026391046,0.008129019656537118,-0.0635166593895038,-0.0521652493260607,-0.08558703689844904,0.2049590913020552,0.2084167687220635,0.08172977562253624,0.08614147850631619,-0.10303936389765399,0.24744978092498884,0.17741590196208248,-0.0024305487427399124,-0.029069394263090735,-0.12852863864687936,0.031210219352058477,-0.04619668901308793,0.00786318936888919,1.30523515933577,1.2950946070803873,8.12154745332258e-12,0.003850088849352007,0.016108876678119888,0.08117213854757388,0.1821427967524652,0.003761372222366418
ABBV,2026-05-01 13:30:00+00:00,-0.0225890207238999,0.03893807702489571,-0.00857877318663558,-0.031498479839700444,-0.06817008487250042,-0.06966232057973709,0.08933092203004556,0.029688103403756827,-0.12679361562115155,-0.11182808880500428,-0.12288043134251492,0.27251090779265275,0.2705298105363732,0.1424470924709787,-0.11558612495492074,-0.2519873308503088,0.3630469270341125,0.20267121641261682,-0.06609508604645477,-0.08401998904063915,-0.11802367819754478,0.04671193126408779,-0.03818281414542657,-0.006870309766404459,-0.3514547104631218,-0.2238378326034774,9.186354040543372e-12,-0.00151432572832233,-0.020853051639810438,0.0952951357814511,0.11799167355521913,0.003761372222366418
CMCSA,2026-05-08 13:30:00+00:00,-0.032535796347759494,-0.06810011928282478,-0.0816162677611163,-0.10846592125287735,-0.1995420675480446,-0.007243703022027148,-0.19526676142779875,-0.0912555945626492,-0.18988849162350796,-0.26789710167050185,-0.09810589362200961,0.6219326507701851,0.3941847692503305,0.6778880391664551,-0.17440139397498425,-0.5062145549853136,-0.03410029902605119,-0.012642689385483767,-0.10568938725576915,-0.19721114044453286,-0.2088870525640908,0.0,-0.027741286682797517,0.015468806087612919,0.4733854301330932,0.34833365799628435,1.936212943526972e-11,0.000381106287623334,-0.032380966914285714,0.08142257037063061,0.10457975650537835,0.003761372222366418
JPM,2026-05-15 13:30:00+00:00,-0.007026750784289604,-0.014302417524617361,-0.04805277740249725,-0.03995534245846066,-0.01068610463035835,-0.06354045831186284,0.13357487153493075,-0.016365099745393685,-0.09219105926536653,-0.09433552559376857,-0.14789666765912823,0.2042959219278298,0.22345072381375863,0.11947745941517188,-0.1955758200233454,-0.04782309248308808,0.8808693797342019,0.5724204767082379,-0.08596818592213126,-0.08437031818952265,-0.060506619344167456,0.05831603840653843,0.02844709338927487,-0.010708289669443705,0.5992825361692136,0.4635096199680152,4.188620209935513e-12,0.0010002593756028855,-0.007994383812371386,0.05223571680690586,0.10733185492311155,0.0015428991898820512
PEP,2026-05-22 13:30:00+00:00,0.011489012507268193,0.009676822784937755,-0.026542321334900087,-0.03350291826137575,-0.10254436450870585,0.04187540589542138,0.18501600810781227,0.0007243378528336564,-0.08481537322629062,-0.19396653715757495,-0.08217694544409593,0.2074017553265447,0.18893472979602757,0.15158425925546692,-0.1615363293749704,-0.5427502112470901,0.10072299212614408,0.07708854700243627,-0.03867126225877999,-0.11175267928457289,-0.10501228189633205,0.012780044248337008,-0.008836475836201951,0.034407643095784035,0.9867755262519852,1.0300661922039562,1.088314929061773e-11,0.003762160127885661,0.007763895546272659,0.05131245496491488,0.10239473443260849,0.003761372222366418
XOM,2026-06-01 13:30:00+00:00,0.02796822525429654,-0.036415415210182545,-0.05559513647332803,-0.025835194039036224,-0.025122217319692552,0.2769711179507457,0.40615737121746864,-0.053409713934529535,-0.07993264789744003,-0.12773994980854386,0.16144948307928608,0.3520575788517957,0.3070806454369001,0.2262958796436583,-0.0733834338215226,-0.08180983625311138,-1.1099131799248674,-0.5163101697571728,0.034208282998783535,0.08877455646368777,-0.1229140942506105,0.04028440073067818,-0.015154675172096788,0.17910733741893403,-0.19583115117656472,-0.142026767049627,6.4791527105219194e-12,0.012116273107219522,0.016052241480239537,0.05409745385840381,0.09715965027715426,0.003761372222366418
