{
  "fold": "2019",
  "variant": {
    "variant": "stocks_h126_s15_top3_reb63_z10",
    "candidate_universe": "stocks",
    "horizon_bars": 126,
    "sleeve_fraction": 0.15,
    "top_k": 3,
    "max_name_weight": 0.05,
    "rebalance_every": 63,
    "min_score_z": 1.0,
    "max_candidate_vol": 0.0,
    "max_benchmark_vol": 0.0,
    "high_vol_scale": 1.0,
    "max_benchmark_drawdown": 0.0,
    "drawdown_scale": 1.0
  },
  "summary": {
    "benchmark": "VOO",
    "start_equity": 100000.0,
    "final_equity": 133085.4515988556,
    "total_return": 0.3308545159885561,
    "benchmark_return": 0.31262216009475696,
    "excess_return_vs_benchmark": 0.018232355893799124,
    "annualized_return": 0.33237086313816633,
    "benchmark_annualized_return": 0.31404551446562756,
    "volatility": 0.13093490623135295,
    "benchmark_volatility": 0.12450473597304135,
    "sharpe": 2.538443511395578,
    "benchmark_sharpe": 2.5223579810942045,
    "sortino": 3.1680713357772436,
    "benchmark_sortino": 3.114131727449694,
    "max_drawdown": 0.07436641562038726,
    "benchmark_max_drawdown": 0.06639488918667835,
    "total_cost": 10.191719757240303,
    "turnover": 0.5095859878620151,
    "num_rebalances": 3,
    "num_orders": 17,
    "num_alpha_symbols_traded": 8,
    "average_active_weight": 0.06289381518787115,
    "max_active_weight": 0.09992980306679144,
    "execution_mode": "next_open",
    "cost_model": {
      "mode": "next_open",
      "spread_bps": 2.0,
      "slippage_bps": 1.0,
      "commission_per_share": 0.0,
      "min_commission": 0.0,
      "sec_fees_bps_sell": 0.0
    },
    "selection_dates": 4,
    "selection_rows": 12,
    "mean_selected_forward_excess": 0.035397827081842734,
    "min_score_z": 1.0,
    "max_candidate_vol": 0.0,
    "max_benchmark_vol": 0.0,
    "high_vol_scale": 1.0,
    "max_benchmark_drawdown": 0.0,
    "drawdown_scale": 1.0,
    "average_sleeve_scale": 1.0
  },
  "training": {
    "objective": "lambdarank",
    "train_rows": 36960,
    "validation_rows": 15792,
    "train_dates": 440,
    "validation_dates": 188,
    "purged_dates": 126,
    "best_iteration": 2,
    "best_score": {
      "valid": {
        "ndcg@1": 0.5099290780141844,
        "ndcg@3": 0.39936672397927137,
        "ndcg@5": 0.3676713743320343
      }
    },
    "train_metrics": {
      "mean_top_excess": 0.23058497187598762,
      "mean_universe_excess": 0.022677218160015247,
      "mean_top_minus_universe": 0.20790775371597234,
      "top1_hit_rate": 0.9409090909090909,
      "mean_rank_ic": 0.37255606752396514,
      "dates": 440.0
    },
    "validation_metrics": {
      "mean_top_excess": -0.004624367919130199,
      "mean_universe_excess": 0.01904902318871493,
      "mean_top_minus_universe": -0.023673391107845124,
      "top1_hit_rate": 0.4734042553191489,
      "mean_rank_ic": -0.13298300717545333,
      "dates": 188.0
    }
  },
  "status": "research_only_low_excess",
  "model_file": "reports/batches/2026-06-03_yahoo100_daily_ranker_walkforward_slow_horizons_2018_2026/fold_artifacts/stocks_h126_s15_top3_reb63_z10/2019/model.txt"
}
