{
  "fold": "2022",
  "variant": {
    "variant": "stocks_h126_s15_top3_reb63_z10",
    "candidate_universe": "stocks",
    "horizon_bars": 126,
    "sleeve_fraction": 0.15,
    "top_k": 3,
    "max_name_weight": 0.05,
    "rebalance_every": 63,
    "min_score_z": 1.0,
    "max_candidate_vol": 0.0,
    "max_benchmark_vol": 0.0,
    "high_vol_scale": 1.0,
    "max_benchmark_drawdown": 0.0,
    "drawdown_scale": 1.0
  },
  "summary": {
    "benchmark": "VOO",
    "start_equity": 100000.0,
    "final_equity": 80429.02795977371,
    "total_return": -0.19570972040226287,
    "benchmark_return": -0.18673284519484412,
    "excess_return_vs_benchmark": -0.008976875207418744,
    "annualized_return": -0.19710986368007266,
    "benchmark_annualized_return": -0.18807652402702169,
    "volatility": 0.24964431689451388,
    "benchmark_volatility": 0.24163164839329762,
    "sharpe": -0.7895627913026378,
    "benchmark_sharpe": -0.7783604725523966,
    "sortino": -1.2706477019219933,
    "benchmark_sortino": -1.2523390735512165,
    "max_drawdown": 0.25950992868403355,
    "benchmark_max_drawdown": 0.24520729135681807,
    "total_cost": 8.23802205236638,
    "turnover": 0.4119011026183191,
    "num_rebalances": 3,
    "num_orders": 18,
    "num_alpha_symbols_traded": 8,
    "average_active_weight": 0.05897473948571428,
    "max_active_weight": 0.09081796647609852,
    "execution_mode": "next_open",
    "cost_model": {
      "mode": "next_open",
      "spread_bps": 2.0,
      "slippage_bps": 1.0,
      "commission_per_share": 0.0,
      "min_commission": 0.0,
      "sec_fees_bps_sell": 0.0
    },
    "selection_dates": 4,
    "selection_rows": 12,
    "mean_selected_forward_excess": -0.2881819571218753,
    "min_score_z": 1.0,
    "max_candidate_vol": 0.0,
    "max_benchmark_vol": 0.0,
    "high_vol_scale": 1.0,
    "max_benchmark_drawdown": 0.0,
    "drawdown_scale": 1.0,
    "average_sleeve_scale": 1.0
  },
  "training": {
    "objective": "lambdarank",
    "train_rows": 84672,
    "validation_rows": 31668,
    "train_dates": 1008,
    "validation_dates": 377,
    "purged_dates": 126,
    "best_iteration": 5,
    "best_score": {
      "valid": {
        "ndcg@1": 0.4592396109637489,
        "ndcg@3": 0.4609142653729614,
        "ndcg@5": 0.4419763608763632
      }
    },
    "train_metrics": {
      "mean_top_excess": 0.22250382746856692,
      "mean_universe_excess": 0.016274162521286616,
      "mean_top_minus_universe": 0.2062296649472803,
      "top1_hit_rate": 0.8809523809523809,
      "mean_rank_ic": 0.2078709208101814,
      "dates": 1008.0
    },
    "validation_metrics": {
      "mean_top_excess": 0.04959378811886192,
      "mean_universe_excess": 0.00569788025426042,
      "mean_top_minus_universe": 0.0438959078646015,
      "top1_hit_rate": 0.636604774535809,
      "mean_rank_ic": 0.0698197856756161,
      "dates": 377.0
    }
  },
  "status": "rejected_under_benchmark",
  "model_file": "reports/batches/2026-06-03_yahoo100_daily_ranker_walkforward_slow_horizons_2018_2026/fold_artifacts/stocks_h126_s15_top3_reb63_z10/2022/model.txt"
}
