{
  "fold": "2024",
  "variant": {
    "variant": "stocks_h63_s10_top3_reb63_z10",
    "candidate_universe": "stocks",
    "horizon_bars": 63,
    "sleeve_fraction": 0.1,
    "top_k": 3,
    "max_name_weight": 0.04,
    "rebalance_every": 63,
    "min_score_z": 1.0,
    "max_candidate_vol": 0.0,
    "max_benchmark_vol": 0.0,
    "high_vol_scale": 1.0,
    "max_benchmark_drawdown": 0.0,
    "drawdown_scale": 1.0
  },
  "summary": {
    "benchmark": "VOO",
    "start_equity": 100000.0,
    "final_equity": 127933.50999466472,
    "total_return": 0.2793350999466473,
    "benchmark_return": 0.2577941551577565,
    "excess_return_vs_benchmark": 0.021540944788890792,
    "annualized_return": 0.2805913020843287,
    "benchmark_annualized_return": 0.2589440312788236,
    "volatility": 0.13225617369771425,
    "benchmark_volatility": 0.12565412299263526,
    "sharpe": 2.1215743223121697,
    "benchmark_sharpe": 2.0607682828998826,
    "sortino": 2.7909537144896497,
    "benchmark_sortino": 2.7101520694719996,
    "max_drawdown": 0.08958741055016017,
    "benchmark_max_drawdown": 0.08446361770731248,
    "total_cost": 5.838435250737396,
    "turnover": 0.2919217625368698,
    "num_rebalances": 3,
    "num_orders": 15,
    "num_alpha_symbols_traded": 6,
    "average_active_weight": 0.03956484055075254,
    "max_active_weight": 0.0649536593984067,
    "execution_mode": "next_open",
    "cost_model": {
      "mode": "next_open",
      "spread_bps": 2.0,
      "slippage_bps": 1.0,
      "commission_per_share": 0.0,
      "min_commission": 0.0,
      "sec_fees_bps_sell": 0.0
    },
    "selection_dates": 4,
    "selection_rows": 12,
    "mean_selected_forward_excess": 0.0004476310145804148,
    "min_score_z": 1.0,
    "max_candidate_vol": 0.0,
    "max_benchmark_vol": 0.0,
    "high_vol_scale": 1.0,
    "max_benchmark_drawdown": 0.0,
    "drawdown_scale": 1.0,
    "average_sleeve_scale": 1.0
  },
  "training": {
    "objective": "lambdarank",
    "train_rows": 121464,
    "validation_rows": 42252,
    "train_dates": 1446,
    "validation_dates": 503,
    "purged_dates": 63,
    "best_iteration": 6,
    "best_score": {
      "valid": {
        "ndcg@1": 0.49065606361829023,
        "ndcg@3": 0.49156229132335505,
        "ndcg@5": 0.4938139797039189
      }
    },
    "train_metrics": {
      "mean_top_excess": 0.12165523075015036,
      "mean_universe_excess": 0.005899747596306163,
      "mean_top_minus_universe": 0.1157554831538442,
      "top1_hit_rate": 0.8609958506224067,
      "mean_rank_ic": 0.16271940729224071,
      "dates": 1446.0
    },
    "validation_metrics": {
      "mean_top_excess": 0.026403168926243732,
      "mean_universe_excess": -0.0012561081424849172,
      "mean_top_minus_universe": 0.027659277068728658,
      "top1_hit_rate": 0.5864811133200796,
      "mean_rank_ic": 0.08531445916928461,
      "dates": 503.0
    }
  },
  "status": "candidate",
  "model_file": "reports/batches/2026-06-03_yahoo100_daily_ranker_walkforward_slow_horizons_2018_2026/fold_artifacts/stocks_h63_s10_top3_reb63_z10/2024/model.txt"
}
