date,active_symbols,covered_symbols,missing_symbols,coverage_ratio
2015-01-02,499,77,422,0.15430861723446893
2015-01-05,499,77,422,0.15430861723446893
2015-01-06,499,77,422,0.15430861723446893
2015-01-07,499,77,422,0.15430861723446893
2015-01-08,499,77,422,0.15430861723446893
2015-01-09,499,77,422,0.15430861723446893
2015-01-12,499,77,422,0.15430861723446893
2015-01-13,499,77,422,0.15430861723446893
2015-01-14,499,77,422,0.15430861723446893
2015-01-15,499,77,422,0.15430861723446893
2015-01-16,499,77,422,0.15430861723446893
2015-01-20,499,77,422,0.15430861723446893
2015-01-21,499,77,422,0.15430861723446893
2015-01-22,499,77,422,0.15430861723446893
2015-01-23,499,77,422,0.15430861723446893
2015-01-26,499,77,422,0.15430861723446893
2015-01-27,501,77,424,0.1536926147704591
2015-01-28,499,77,422,0.15430861723446893
2015-01-29,499,77,422,0.15430861723446893
2015-01-30,499,77,422,0.15430861723446893
2015-02-02,499,77,422,0.15430861723446893
2015-02-03,499,77,422,0.15430861723446893
2015-02-04,499,77,422,0.15430861723446893
2015-02-05,499,77,422,0.15430861723446893
2015-02-06,499,77,422,0.15430861723446893
2015-02-09,499,77,422,0.15430861723446893
2015-02-10,499,77,422,0.15430861723446893
2015-02-11,499,77,422,0.15430861723446893
2015-02-12,499,77,422,0.15430861723446893
2015-02-13,499,77,422,0.15430861723446893
2015-02-17,499,77,422,0.15430861723446893
2015-02-18,499,77,422,0.15430861723446893
2015-02-19,499,77,422,0.15430861723446893
2015-02-20,499,77,422,0.15430861723446893
2015-02-23,499,77,422,0.15430861723446893
2015-02-24,499,77,422,0.15430861723446893
2015-02-25,499,77,422,0.15430861723446893
2015-02-26,499,77,422,0.15430861723446893
2015-02-27,499,77,422,0.15430861723446893
2015-03-02,499,77,422,0.15430861723446893
2015-03-03,499,77,422,0.15430861723446893
2015-03-04,499,77,422,0.15430861723446893
2015-03-05,499,77,422,0.15430861723446893
2015-03-06,499,77,422,0.15430861723446893
2015-03-09,499,77,422,0.15430861723446893
2015-03-10,499,77,422,0.15430861723446893
2015-03-11,499,77,422,0.15430861723446893
2015-03-12,500,77,423,0.154
2015-03-13,499,77,422,0.15430861723446893
2015-03-16,499,77,422,0.15430861723446893
2015-03-17,499,77,422,0.15430861723446893
2015-03-18,499,77,422,0.15430861723446893
2015-03-19,499,77,422,0.15430861723446893
2015-03-20,499,77,422,0.15430861723446893
2015-03-23,503,77,426,0.15308151093439365
2015-03-24,500,77,423,0.154
2015-03-25,500,77,423,0.154
2015-03-26,500,77,423,0.154
2015-03-27,500,77,423,0.154
2015-03-30,500,77,423,0.154
2015-03-31,500,77,423,0.154
2015-04-01,500,77,423,0.154
2015-04-02,500,77,423,0.154
2015-04-06,500,77,423,0.154
2015-04-07,501,77,424,0.1536926147704591
2015-04-08,500,77,423,0.154
2015-04-09,500,77,423,0.154
2015-04-10,500,77,423,0.154
2015-04-13,500,77,423,0.154
2015-04-14,500,77,423,0.154
2015-04-15,500,77,423,0.154
2015-04-16,500,77,423,0.154
2015-04-17,500,77,423,0.154
2015-04-20,500,77,423,0.154
2015-04-21,500,77,423,0.154
2015-04-22,500,77,423,0.154
2015-04-23,500,77,423,0.154
2015-04-24,500,77,423,0.154
2015-04-27,500,77,423,0.154
2015-04-28,500,77,423,0.154
2015-04-29,500,77,423,0.154
2015-04-30,500,77,423,0.154
2015-05-01,500,77,423,0.154
2015-05-04,500,77,423,0.154
2015-05-05,500,77,423,0.154
2015-05-06,500,77,423,0.154
2015-05-07,500,77,423,0.154
2015-05-08,500,77,423,0.154
2015-05-11,500,77,423,0.154
2015-05-12,500,77,423,0.154
2015-05-13,500,77,423,0.154
2015-05-14,500,77,423,0.154
2015-05-15,500,77,423,0.154
2015-05-18,500,77,423,0.154
2015-05-19,500,77,423,0.154
2015-05-20,500,77,423,0.154
2015-05-21,500,77,423,0.154
2015-05-22,500,77,423,0.154
2015-05-26,500,77,423,0.154
2015-05-27,500,77,423,0.154
2015-05-28,500,77,423,0.154
2015-05-29,500,77,423,0.154
2015-06-01,500,77,423,0.154
2015-06-02,500,77,423,0.154
2015-06-03,500,77,423,0.154
2015-06-04,500,77,423,0.154
2015-06-05,500,77,423,0.154
2015-06-08,500,77,423,0.154
2015-06-09,500,77,423,0.154
2015-06-10,500,77,423,0.154
2015-06-11,500,77,423,0.154
2015-06-12,501,77,424,0.1536926147704591
2015-06-15,500,77,423,0.154
2015-06-16,500,77,423,0.154
2015-06-17,500,77,423,0.154
2015-06-18,500,77,423,0.154
2015-06-19,500,77,423,0.154
2015-06-22,500,77,423,0.154
2015-06-23,500,77,423,0.154
2015-06-24,500,77,423,0.154
2015-06-25,500,77,423,0.154
2015-06-26,500,77,423,0.154
2015-06-29,500,77,423,0.154
2015-06-30,500,77,423,0.154
2015-07-01,501,77,424,0.1536926147704591
2015-07-02,502,77,425,0.15338645418326693
2015-07-06,501,77,424,0.1536926147704591
2015-07-07,500,77,423,0.154
2015-07-08,499,77,422,0.15430861723446893
2015-07-09,500,77,423,0.154
2015-07-10,500,77,423,0.154
2015-07-13,500,77,423,0.154
2015-07-14,500,77,423,0.154
2015-07-15,500,77,423,0.154
2015-07-16,500,77,423,0.154
2015-07-17,500,77,423,0.154
2015-07-20,501,77,424,0.1536926147704591
2015-07-21,500,77,423,0.154
2015-07-22,500,77,423,0.154
2015-07-23,500,77,423,0.154
2015-07-24,500,77,423,0.154
2015-07-27,500,77,423,0.154
2015-07-28,499,77,422,0.15430861723446893
2015-07-29,500,77,423,0.154
2015-07-30,500,77,423,0.154
2015-07-31,500,77,423,0.154
2015-08-03,500,77,423,0.154
2015-08-04,500,77,423,0.154
2015-08-05,500,77,423,0.154
2015-08-06,500,77,423,0.154
2015-08-07,500,77,423,0.154
2015-08-10,500,77,423,0.154
2015-08-11,500,77,423,0.154
2015-08-12,500,77,423,0.154
2015-08-13,500,77,423,0.154
2015-08-14,500,77,423,0.154
2015-08-17,500,77,423,0.154
2015-08-18,500,77,423,0.154
2015-08-19,500,77,423,0.154
2015-08-20,500,77,423,0.154
2015-08-21,500,77,423,0.154
2015-08-24,500,77,423,0.154
2015-08-25,500,77,423,0.154
2015-08-26,500,77,423,0.154
2015-08-27,500,77,423,0.154
2015-08-28,500,77,423,0.154
2015-08-31,501,77,424,0.1536926147704591
2015-09-01,500,77,423,0.154
2015-09-02,500,77,423,0.154
2015-09-03,501,77,424,0.1536926147704591
2015-09-04,500,77,423,0.154
2015-09-08,500,77,423,0.154
2015-09-09,500,77,423,0.154
2015-09-10,500,77,423,0.154
2015-09-11,500,77,423,0.154
2015-09-14,500,77,423,0.154
2015-09-15,500,77,423,0.154
2015-09-16,500,77,423,0.154
2015-09-17,500,77,423,0.154
2015-09-18,500,77,423,0.154
2015-09-21,503,77,426,0.15308151093439365
2015-09-22,503,77,426,0.15308151093439365
2015-09-23,503,77,426,0.15308151093439365
2015-09-24,503,77,426,0.15308151093439365
2015-09-25,503,77,426,0.15308151093439365
2015-09-28,503,77,426,0.15308151093439365
2015-09-29,503,77,426,0.15308151093439365
2015-09-30,503,77,426,0.15308151093439365
2015-10-01,503,77,426,0.15308151093439365
2015-10-02,503,77,426,0.15308151093439365
2015-10-05,503,77,426,0.15308151093439365
2015-10-06,503,77,426,0.15308151093439365
2015-10-07,503,77,426,0.15308151093439365
2015-10-08,504,77,427,0.1527777777777778
2015-10-09,503,77,426,0.15308151093439365
2015-10-12,503,77,426,0.15308151093439365
2015-10-13,503,77,426,0.15308151093439365
2015-10-14,503,77,426,0.15308151093439365
2015-10-15,503,77,426,0.15308151093439365
2015-10-16,503,77,426,0.15308151093439365
2015-10-19,503,77,426,0.15308151093439365
2015-10-20,503,77,426,0.15308151093439365
2015-10-21,503,77,426,0.15308151093439365
2015-10-22,503,77,426,0.15308151093439365
2015-10-23,503,77,426,0.15308151093439365
2015-10-26,503,77,426,0.15308151093439365
2015-10-27,503,77,426,0.15308151093439365
2015-10-28,503,77,426,0.15308151093439365
2015-10-29,503,77,426,0.15308151093439365
2015-10-30,503,77,426,0.15308151093439365
2015-11-02,504,77,427,0.1527777777777778
2015-11-03,503,77,426,0.15308151093439365
2015-11-04,503,77,426,0.15308151093439365
2015-11-05,503,77,426,0.15308151093439365
2015-11-06,503,77,426,0.15308151093439365
2015-11-09,503,77,426,0.15308151093439365
2015-11-10,504,77,427,0.1527777777777778
2015-11-11,504,77,427,0.1527777777777778
2015-11-12,504,77,427,0.1527777777777778
2015-11-13,504,77,427,0.1527777777777778
2015-11-16,504,77,427,0.1527777777777778
2015-11-17,504,77,427,0.1527777777777778
2015-11-18,504,77,427,0.1527777777777778
2015-11-19,503,77,426,0.15308151093439365
2015-11-20,503,77,426,0.15308151093439365
2015-11-23,503,77,426,0.15308151093439365
2015-11-24,503,77,426,0.15308151093439365
2015-11-25,503,77,426,0.15308151093439365
2015-11-27,503,77,426,0.15308151093439365
2015-11-30,504,77,427,0.1527777777777778
2015-12-01,504,77,427,0.1527777777777778
2015-12-02,503,77,426,0.15308151093439365
2015-12-03,503,77,426,0.15308151093439365
2015-12-04,503,77,426,0.15308151093439365
2015-12-07,503,77,426,0.15308151093439365
2015-12-08,503,77,426,0.15308151093439365
2015-12-09,503,77,426,0.15308151093439365
2015-12-10,503,77,426,0.15308151093439365
2015-12-11,503,77,426,0.15308151093439365
2015-12-14,503,77,426,0.15308151093439365
2015-12-15,502,77,425,0.15338645418326693
2015-12-16,502,77,425,0.15338645418326693
2015-12-17,502,77,425,0.15338645418326693
2015-12-18,502,77,425,0.15338645418326693
2015-12-21,502,77,425,0.15338645418326693
2015-12-22,502,77,425,0.15338645418326693
2015-12-23,502,77,425,0.15338645418326693
2015-12-24,502,77,425,0.15338645418326693
2015-12-28,502,77,425,0.15338645418326693
2015-12-29,502,77,425,0.15338645418326693
2015-12-30,502,77,425,0.15338645418326693
2015-12-31,502,77,425,0.15338645418326693
2016-01-04,504,77,427,0.1527777777777778
2016-01-05,505,77,428,0.15247524752475247
2016-01-06,504,77,427,0.1527777777777778
2016-01-07,504,77,427,0.1527777777777778
2016-01-08,504,77,427,0.1527777777777778
2016-01-11,504,77,427,0.1527777777777778
2016-01-12,504,77,427,0.1527777777777778
2016-01-13,504,77,427,0.1527777777777778
2016-01-14,504,77,427,0.1527777777777778
2016-01-15,504,77,427,0.1527777777777778
2016-01-19,505,77,428,0.15247524752475247
2016-01-20,505,77,428,0.15247524752475247
2016-01-21,505,77,428,0.15247524752475247
2016-01-22,505,77,428,0.15247524752475247
2016-01-25,505,77,428,0.15247524752475247
2016-01-26,505,77,428,0.15247524752475247
2016-01-27,505,77,428,0.15247524752475247
2016-01-28,505,77,428,0.15247524752475247
2016-01-29,505,77,428,0.15247524752475247
2016-02-01,507,77,430,0.15187376725838264
2016-02-02,505,77,428,0.15247524752475247
2016-02-03,505,77,428,0.15247524752475247
2016-02-04,505,77,428,0.15247524752475247
2016-02-05,505,77,428,0.15247524752475247
2016-02-08,505,77,428,0.15247524752475247
2016-02-09,505,77,428,0.15247524752475247
2016-02-10,505,77,428,0.15247524752475247
2016-02-11,505,77,428,0.15247524752475247
2016-02-12,505,77,428,0.15247524752475247
2016-02-16,505,77,428,0.15247524752475247
2016-02-17,505,77,428,0.15247524752475247
2016-02-18,505,77,428,0.15247524752475247
2016-02-19,505,77,428,0.15247524752475247
2016-02-22,506,77,429,0.15217391304347827
2016-02-23,505,77,428,0.15247524752475247
2016-02-24,505,77,428,0.15247524752475247
2016-02-25,505,77,428,0.15247524752475247
2016-02-26,505,77,428,0.15247524752475247
2016-02-29,505,77,428,0.15247524752475247
2016-03-01,505,77,428,0.15247524752475247
2016-03-02,505,77,428,0.15247524752475247
2016-03-03,505,77,428,0.15247524752475247
2016-03-04,505,77,428,0.15247524752475247
2016-03-07,505,77,428,0.15247524752475247
2016-03-08,505,77,428,0.15247524752475247
2016-03-09,505,77,428,0.15247524752475247
2016-03-10,505,77,428,0.15247524752475247
2016-03-11,505,77,428,0.15247524752475247
2016-03-14,505,77,428,0.15247524752475247
2016-03-15,505,77,428,0.15247524752475247
2016-03-16,505,77,428,0.15247524752475247
2016-03-17,505,77,428,0.15247524752475247
2016-03-18,505,77,428,0.15247524752475247
2016-03-21,505,77,428,0.15247524752475247
2016-03-22,505,77,428,0.15247524752475247
2016-03-23,505,77,428,0.15247524752475247
2016-03-24,505,77,428,0.15247524752475247
2016-03-28,504,77,427,0.1527777777777778
2016-03-29,504,77,427,0.1527777777777778
2016-03-30,506,77,429,0.15217391304347827
2016-03-31,505,77,428,0.15247524752475247
2016-04-01,505,77,428,0.15247524752475247
2016-04-04,506,77,429,0.15217391304347827
2016-04-05,505,77,428,0.15247524752475247
2016-04-06,505,77,428,0.15247524752475247
2016-04-07,505,77,428,0.15247524752475247
2016-04-08,506,77,429,0.15217391304347827
2016-04-11,506,77,429,0.15217391304347827
2016-04-12,506,77,429,0.15217391304347827
2016-04-13,506,77,429,0.15217391304347827
2016-04-14,506,77,429,0.15217391304347827
2016-04-15,506,77,429,0.15217391304347827
2016-04-18,507,77,430,0.15187376725838264
2016-04-19,506,77,429,0.15217391304347827
2016-04-20,506,77,429,0.15217391304347827
2016-04-21,506,77,429,0.15217391304347827
2016-04-22,506,77,429,0.15217391304347827
2016-04-25,507,77,430,0.15187376725838264
2016-04-26,506,77,429,0.15217391304347827
2016-04-27,506,77,429,0.15217391304347827
2016-04-28,506,77,429,0.15217391304347827
2016-04-29,506,77,429,0.15217391304347827
2016-05-02,506,77,429,0.15217391304347827
2016-05-03,506,77,429,0.15217391304347827
2016-05-04,506,77,429,0.15217391304347827
2016-05-05,506,77,429,0.15217391304347827
2016-05-06,506,77,429,0.15217391304347827
2016-05-09,506,77,429,0.15217391304347827
2016-05-10,506,77,429,0.15217391304347827
2016-05-11,506,77,429,0.15217391304347827
2016-05-12,506,77,429,0.15217391304347827
2016-05-13,506,77,429,0.15217391304347827
2016-05-16,506,77,429,0.15217391304347827
2016-05-17,506,77,429,0.15217391304347827
2016-05-18,507,77,430,0.15187376725838264
2016-05-19,506,77,429,0.15217391304347827
2016-05-20,506,77,429,0.15217391304347827
2016-05-23,507,77,430,0.15187376725838264
2016-05-24,506,77,429,0.15217391304347827
2016-05-25,506,77,429,0.15217391304347827
2016-05-26,506,77,429,0.15217391304347827
2016-05-27,506,77,429,0.15217391304347827
2016-05-31,507,77,430,0.15187376725838264
2016-06-01,505,77,428,0.15247524752475247
2016-06-02,505,77,428,0.15247524752475247
2016-06-03,506,77,429,0.15217391304347827
2016-06-06,505,77,428,0.15247524752475247
2016-06-07,505,77,428,0.15247524752475247
2016-06-08,505,77,428,0.15247524752475247
2016-06-09,505,77,428,0.15247524752475247
2016-06-10,505,77,428,0.15247524752475247
2016-06-13,505,77,428,0.15247524752475247
2016-06-14,505,77,428,0.15247524752475247
2016-06-15,505,77,428,0.15247524752475247
2016-06-16,505,77,428,0.15247524752475247
2016-06-17,505,77,428,0.15247524752475247
2016-06-20,505,77,428,0.15247524752475247
2016-06-21,505,77,428,0.15247524752475247
2016-06-22,504,77,427,0.1527777777777778
2016-06-23,504,77,427,0.1527777777777778
2016-06-24,505,77,428,0.15247524752475247
2016-06-27,505,77,428,0.15247524752475247
2016-06-28,505,77,428,0.15247524752475247
2016-06-29,505,77,428,0.15247524752475247
2016-06-30,505,77,428,0.15247524752475247
2016-07-01,507,77,430,0.15187376725838264
2016-07-05,505,77,428,0.15247524752475247
2016-07-06,505,77,428,0.15247524752475247
2016-07-07,505,77,428,0.15247524752475247
2016-07-08,505,77,428,0.15247524752475247
2016-07-11,505,77,428,0.15247524752475247
2016-07-12,505,77,428,0.15247524752475247
2016-07-13,505,77,428,0.15247524752475247
2016-07-14,505,77,428,0.15247524752475247
2016-07-15,505,77,428,0.15247524752475247
2016-07-18,505,77,428,0.15247524752475247
2016-07-19,505,77,428,0.15247524752475247
2016-07-20,505,77,428,0.15247524752475247
2016-07-21,505,77,428,0.15247524752475247
2016-07-22,505,77,428,0.15247524752475247
2016-07-25,505,77,428,0.15247524752475247
2016-07-26,505,77,428,0.15247524752475247
2016-07-27,505,77,428,0.15247524752475247
2016-07-28,505,77,428,0.15247524752475247
2016-07-29,505,77,428,0.15247524752475247
2016-08-01,505,77,428,0.15247524752475247
2016-08-02,505,77,428,0.15247524752475247
2016-08-03,505,77,428,0.15247524752475247
2016-08-04,505,77,428,0.15247524752475247
2016-08-05,505,77,428,0.15247524752475247
2016-08-08,505,77,428,0.15247524752475247
2016-08-09,505,77,428,0.15247524752475247
2016-08-10,505,77,428,0.15247524752475247
2016-08-11,505,77,428,0.15247524752475247
2016-08-12,505,77,428,0.15247524752475247
2016-08-15,505,77,428,0.15247524752475247
2016-08-16,505,77,428,0.15247524752475247
2016-08-17,505,77,428,0.15247524752475247
2016-08-18,505,77,428,0.15247524752475247
2016-08-19,505,77,428,0.15247524752475247
2016-08-22,505,77,428,0.15247524752475247
2016-08-23,505,77,428,0.15247524752475247
2016-08-24,505,77,428,0.15247524752475247
2016-08-25,505,77,428,0.15247524752475247
2016-08-26,505,77,428,0.15247524752475247
2016-08-29,505,77,428,0.15247524752475247
2016-08-30,505,77,428,0.15247524752475247
2016-08-31,505,77,428,0.15247524752475247
2016-09-01,505,77,428,0.15247524752475247
2016-09-02,505,77,428,0.15247524752475247
2016-09-06,506,77,429,0.15217391304347827
2016-09-07,506,77,429,0.15217391304347827
2016-09-08,506,77,429,0.15217391304347827
2016-09-09,506,77,429,0.15217391304347827
2016-09-12,506,77,429,0.15217391304347827
2016-09-13,506,77,429,0.15217391304347827
2016-09-14,506,77,429,0.15217391304347827
2016-09-15,506,77,429,0.15217391304347827
2016-09-16,506,77,429,0.15217391304347827
2016-09-19,506,77,429,0.15217391304347827
2016-09-20,506,77,429,0.15217391304347827
2016-09-21,506,77,429,0.15217391304347827
2016-09-22,506,77,429,0.15217391304347827
2016-09-23,507,77,430,0.15187376725838264
2016-09-26,506,77,429,0.15217391304347827
2016-09-27,506,77,429,0.15217391304347827
2016-09-28,506,77,429,0.15217391304347827
2016-09-29,506,77,429,0.15217391304347827
2016-09-30,506,77,429,0.15217391304347827
2016-10-03,507,77,430,0.15187376725838264
2016-10-04,506,77,429,0.15217391304347827
2016-10-05,506,77,429,0.15217391304347827
2016-10-06,506,77,429,0.15217391304347827
2016-10-07,506,77,429,0.15217391304347827
2016-10-10,506,77,429,0.15217391304347827
2016-10-11,506,77,429,0.15217391304347827
2016-10-12,506,77,429,0.15217391304347827
2016-10-13,506,77,429,0.15217391304347827
2016-10-14,506,77,429,0.15217391304347827
2016-10-17,506,77,429,0.15217391304347827
2016-10-18,506,77,429,0.15217391304347827
2016-10-19,506,77,429,0.15217391304347827
2016-10-20,506,77,429,0.15217391304347827
2016-10-21,506,77,429,0.15217391304347827
2016-10-24,506,77,429,0.15217391304347827
2016-10-25,506,77,429,0.15217391304347827
2016-10-26,506,77,429,0.15217391304347827
2016-10-27,506,77,429,0.15217391304347827
2016-10-28,506,77,429,0.15217391304347827
2016-10-31,506,77,429,0.15217391304347827
2016-11-01,506,77,429,0.15217391304347827
2016-11-02,506,77,429,0.15217391304347827
2016-11-03,506,77,429,0.15217391304347827
2016-11-04,506,77,429,0.15217391304347827
2016-11-07,506,77,429,0.15217391304347827
2016-11-08,506,77,429,0.15217391304347827
2016-11-09,506,77,429,0.15217391304347827
2016-11-10,506,77,429,0.15217391304347827
2016-11-11,506,77,429,0.15217391304347827
2016-11-14,506,77,429,0.15217391304347827
2016-11-15,506,77,429,0.15217391304347827
2016-11-16,506,77,429,0.15217391304347827
2016-11-17,506,77,429,0.15217391304347827
2016-11-18,506,77,429,0.15217391304347827
2016-11-21,506,77,429,0.15217391304347827
2016-11-22,506,77,429,0.15217391304347827
2016-11-23,506,77,429,0.15217391304347827
2016-11-25,506,77,429,0.15217391304347827
2016-11-28,506,77,429,0.15217391304347827
2016-11-29,506,77,429,0.15217391304347827
2016-11-30,506,77,429,0.15217391304347827
2016-12-01,506,77,429,0.15217391304347827
2016-12-02,508,77,431,0.1515748031496063
2016-12-05,506,77,429,0.15217391304347827
2016-12-06,506,77,429,0.15217391304347827
2016-12-07,506,77,429,0.15217391304347827
2016-12-08,506,77,429,0.15217391304347827
2016-12-09,506,77,429,0.15217391304347827
2016-12-12,506,77,429,0.15217391304347827
2016-12-13,506,77,429,0.15217391304347827
2016-12-14,506,77,429,0.15217391304347827
2016-12-15,506,77,429,0.15217391304347827
2016-12-16,506,77,429,0.15217391304347827
2016-12-19,506,77,429,0.15217391304347827
2016-12-20,506,77,429,0.15217391304347827
2016-12-21,506,77,429,0.15217391304347827
2016-12-22,506,77,429,0.15217391304347827
2016-12-23,506,77,429,0.15217391304347827
2016-12-27,506,77,429,0.15217391304347827
2016-12-28,506,77,429,0.15217391304347827
2016-12-29,506,77,429,0.15217391304347827
2016-12-30,506,77,429,0.15217391304347827
2017-01-03,506,77,429,0.15217391304347827
2017-01-04,506,77,429,0.15217391304347827
2017-01-05,507,77,430,0.15187376725838264
2017-01-06,506,77,429,0.15217391304347827
2017-01-09,506,77,429,0.15217391304347827
2017-01-10,506,77,429,0.15217391304347827
2017-01-11,506,77,429,0.15217391304347827
2017-01-12,506,77,429,0.15217391304347827
2017-01-13,506,77,429,0.15217391304347827
2017-01-17,506,77,429,0.15217391304347827
2017-01-18,506,77,429,0.15217391304347827
2017-01-19,506,77,429,0.15217391304347827
2017-01-20,506,77,429,0.15217391304347827
2017-01-23,506,77,429,0.15217391304347827
2017-01-24,506,77,429,0.15217391304347827
2017-01-25,506,77,429,0.15217391304347827
2017-01-26,506,77,429,0.15217391304347827
2017-01-27,506,77,429,0.15217391304347827
2017-01-30,506,77,429,0.15217391304347827
2017-01-31,506,77,429,0.15217391304347827
2017-02-01,506,77,429,0.15217391304347827
2017-02-02,506,77,429,0.15217391304347827
2017-02-03,506,77,429,0.15217391304347827
2017-02-06,506,77,429,0.15217391304347827
2017-02-07,506,77,429,0.15217391304347827
2017-02-08,506,77,429,0.15217391304347827
2017-02-09,506,77,429,0.15217391304347827
2017-02-10,506,77,429,0.15217391304347827
2017-02-13,506,77,429,0.15217391304347827
2017-02-14,506,77,429,0.15217391304347827
2017-02-15,506,77,429,0.15217391304347827
2017-02-16,506,77,429,0.15217391304347827
2017-02-17,506,77,429,0.15217391304347827
2017-02-21,506,77,429,0.15217391304347827
2017-02-22,506,77,429,0.15217391304347827
2017-02-23,506,77,429,0.15217391304347827
2017-02-24,506,77,429,0.15217391304347827
2017-02-27,506,77,429,0.15217391304347827
2017-02-28,506,77,429,0.15217391304347827
2017-03-01,507,77,430,0.15187376725838264
2017-03-02,507,77,430,0.15187376725838264
2017-03-03,506,77,429,0.15217391304347827
2017-03-06,506,77,429,0.15217391304347827
2017-03-07,506,77,429,0.15217391304347827
2017-03-08,506,77,429,0.15217391304347827
2017-03-09,506,77,429,0.15217391304347827
2017-03-10,506,77,429,0.15217391304347827
2017-03-13,507,77,430,0.15187376725838264
2017-03-14,505,77,428,0.15247524752475247
2017-03-15,505,77,428,0.15247524752475247
2017-03-16,506,77,429,0.15217391304347827
2017-03-17,506,77,429,0.15217391304347827
2017-03-20,509,78,431,0.15324165029469547
2017-03-21,506,78,428,0.1541501976284585
2017-03-22,506,78,428,0.1541501976284585
2017-03-23,506,78,428,0.1541501976284585
2017-03-24,506,78,428,0.1541501976284585
2017-03-27,506,78,428,0.1541501976284585
2017-03-28,506,78,428,0.1541501976284585
2017-03-29,506,78,428,0.1541501976284585
2017-03-30,506,78,428,0.1541501976284585
2017-03-31,506,78,428,0.1541501976284585
2017-04-03,506,78,428,0.1541501976284585
2017-04-04,507,78,429,0.15384615384615385
2017-04-05,507,78,429,0.15384615384615385
2017-04-06,506,78,428,0.1541501976284585
2017-04-07,506,78,428,0.1541501976284585
2017-04-10,506,78,428,0.1541501976284585
2017-04-11,506,78,428,0.1541501976284585
2017-04-12,506,78,428,0.1541501976284585
2017-04-13,506,78,428,0.1541501976284585
2017-04-17,506,78,428,0.1541501976284585
2017-04-18,506,78,428,0.1541501976284585
2017-04-19,506,78,428,0.1541501976284585
2017-04-20,506,78,428,0.1541501976284585
2017-04-21,506,78,428,0.1541501976284585
2017-04-24,506,78,428,0.1541501976284585
2017-04-25,506,78,428,0.1541501976284585
2017-04-26,506,78,428,0.1541501976284585
2017-04-27,506,78,428,0.1541501976284585
2017-04-28,506,78,428,0.1541501976284585
2017-05-01,506,78,428,0.1541501976284585
2017-05-02,506,78,428,0.1541501976284585
2017-05-03,506,78,428,0.1541501976284585
2017-05-04,506,78,428,0.1541501976284585
2017-05-05,506,78,428,0.1541501976284585
2017-05-08,506,78,428,0.1541501976284585
2017-05-09,506,78,428,0.1541501976284585
2017-05-10,506,78,428,0.1541501976284585
2017-05-11,506,78,428,0.1541501976284585
2017-05-12,506,78,428,0.1541501976284585
2017-05-15,506,78,428,0.1541501976284585
2017-05-16,506,78,428,0.1541501976284585
2017-05-17,506,78,428,0.1541501976284585
2017-05-18,506,78,428,0.1541501976284585
2017-05-19,506,78,428,0.1541501976284585
2017-05-22,506,78,428,0.1541501976284585
2017-05-23,506,78,428,0.1541501976284585
2017-05-24,506,78,428,0.1541501976284585
2017-05-25,506,78,428,0.1541501976284585
2017-05-26,506,78,428,0.1541501976284585
2017-05-30,506,78,428,0.1541501976284585
2017-05-31,506,78,428,0.1541501976284585
2017-06-01,506,78,428,0.1541501976284585
2017-06-02,507,78,429,0.15384615384615385
2017-06-05,506,78,428,0.1541501976284585
2017-06-06,506,78,428,0.1541501976284585
2017-06-07,506,78,428,0.1541501976284585
2017-06-08,506,78,428,0.1541501976284585
2017-06-09,506,78,428,0.1541501976284585
2017-06-12,506,78,428,0.1541501976284585
2017-06-13,506,78,428,0.1541501976284585
2017-06-14,506,78,428,0.1541501976284585
2017-06-15,506,78,428,0.1541501976284585
2017-06-16,505,78,427,0.15445544554455445
2017-06-19,509,78,431,0.15324165029469547
2017-06-20,506,78,428,0.1541501976284585
2017-06-21,506,78,428,0.1541501976284585
2017-06-22,506,78,428,0.1541501976284585
2017-06-23,506,78,428,0.1541501976284585
2017-06-26,506,78,428,0.1541501976284585
2017-06-27,506,78,428,0.1541501976284585
2017-06-28,506,78,428,0.1541501976284585
2017-06-29,506,78,428,0.1541501976284585
2017-06-30,506,78,428,0.1541501976284585
2017-07-03,506,78,428,0.1541501976284585
2017-07-05,506,78,428,0.1541501976284585
2017-07-06,506,78,428,0.1541501976284585
2017-07-07,506,78,428,0.1541501976284585
2017-07-10,506,78,428,0.1541501976284585
2017-07-11,506,78,428,0.1541501976284585
2017-07-12,506,78,428,0.1541501976284585
2017-07-13,506,78,428,0.1541501976284585
2017-07-14,506,78,428,0.1541501976284585
2017-07-17,506,78,428,0.1541501976284585
2017-07-18,506,78,428,0.1541501976284585
2017-07-19,506,78,428,0.1541501976284585
2017-07-20,506,78,428,0.1541501976284585
2017-07-21,506,78,428,0.1541501976284585
2017-07-24,506,78,428,0.1541501976284585
2017-07-25,506,78,428,0.1541501976284585
2017-07-26,510,78,432,0.15294117647058825
2017-07-27,506,78,428,0.1541501976284585
2017-07-28,506,78,428,0.1541501976284585
2017-07-31,506,78,428,0.1541501976284585
2017-08-01,506,78,428,0.1541501976284585
2017-08-02,506,78,428,0.1541501976284585
2017-08-03,506,78,428,0.1541501976284585
2017-08-04,506,78,428,0.1541501976284585
2017-08-07,507,78,429,0.15384615384615385
2017-08-08,507,78,429,0.15384615384615385
2017-08-09,506,78,428,0.1541501976284585
2017-08-10,506,78,428,0.1541501976284585
2017-08-11,506,78,428,0.1541501976284585
2017-08-14,506,78,428,0.1541501976284585
2017-08-15,506,78,428,0.1541501976284585
2017-08-16,506,78,428,0.1541501976284585
2017-08-17,506,78,428,0.1541501976284585
2017-08-18,506,78,428,0.1541501976284585
2017-08-21,506,78,428,0.1541501976284585
2017-08-22,506,78,428,0.1541501976284585
2017-08-23,506,78,428,0.1541501976284585
2017-08-24,506,78,428,0.1541501976284585
2017-08-25,506,78,428,0.1541501976284585
2017-08-28,506,78,428,0.1541501976284585
2017-08-29,506,78,428,0.1541501976284585
2017-08-30,506,78,428,0.1541501976284585
2017-08-31,506,78,428,0.1541501976284585
2017-09-01,508,78,430,0.15354330708661418
2017-09-05,506,78,428,0.1541501976284585
2017-09-06,506,78,428,0.1541501976284585
2017-09-07,506,78,428,0.1541501976284585
2017-09-08,506,78,428,0.1541501976284585
2017-09-11,506,78,428,0.1541501976284585
2017-09-12,506,78,428,0.1541501976284585
2017-09-13,506,78,428,0.1541501976284585
2017-09-14,505,78,427,0.15445544554455445
2017-09-15,505,78,427,0.15445544554455445
2017-09-18,506,78,428,0.1541501976284585
2017-09-19,506,78,428,0.1541501976284585
2017-09-20,506,78,428,0.1541501976284585
2017-09-21,506,78,428,0.1541501976284585
2017-09-22,506,78,428,0.1541501976284585
2017-09-25,506,78,428,0.1541501976284585
2017-09-26,506,78,428,0.1541501976284585
2017-09-27,506,78,428,0.1541501976284585
2017-09-28,506,78,428,0.1541501976284585
2017-09-29,506,78,428,0.1541501976284585
2017-10-02,506,78,428,0.1541501976284585
2017-10-03,506,78,428,0.1541501976284585
2017-10-04,506,78,428,0.1541501976284585
2017-10-05,506,78,428,0.1541501976284585
2017-10-06,506,78,428,0.1541501976284585
2017-10-09,506,78,428,0.1541501976284585
2017-10-10,506,78,428,0.1541501976284585
2017-10-11,506,78,428,0.1541501976284585
2017-10-12,506,78,428,0.1541501976284585
2017-10-13,507,78,429,0.15384615384615385
2017-10-16,506,78,428,0.1541501976284585
2017-10-17,506,78,428,0.1541501976284585
2017-10-18,506,78,428,0.1541501976284585
2017-10-19,506,78,428,0.1541501976284585
2017-10-20,506,78,428,0.1541501976284585
2017-10-23,506,78,428,0.1541501976284585
2017-10-24,506,78,428,0.1541501976284585
2017-10-25,506,78,428,0.1541501976284585
2017-10-26,506,78,428,0.1541501976284585
2017-10-27,506,78,428,0.1541501976284585
2017-10-30,506,78,428,0.1541501976284585
2017-10-31,506,78,428,0.1541501976284585
2017-11-01,506,78,428,0.1541501976284585
2017-11-02,506,78,428,0.1541501976284585
2017-11-03,506,78,428,0.1541501976284585
2017-11-06,506,78,428,0.1541501976284585
2017-11-07,506,78,428,0.1541501976284585
2017-11-08,506,78,428,0.1541501976284585
2017-11-09,506,78,428,0.1541501976284585
2017-11-10,506,78,428,0.1541501976284585
2017-11-13,506,78,428,0.1541501976284585
2017-11-14,506,78,428,0.1541501976284585
2017-11-15,506,78,428,0.1541501976284585
2017-11-16,506,78,428,0.1541501976284585
2017-11-17,506,78,428,0.1541501976284585
2017-11-20,506,78,428,0.1541501976284585
2017-11-21,506,78,428,0.1541501976284585
2017-11-22,506,78,428,0.1541501976284585
2017-11-24,506,78,428,0.1541501976284585
2017-11-27,506,78,428,0.1541501976284585
2017-11-28,506,78,428,0.1541501976284585
2017-11-29,506,78,428,0.1541501976284585
2017-11-30,506,78,428,0.1541501976284585
2017-12-01,506,78,428,0.1541501976284585
2017-12-04,506,78,428,0.1541501976284585
2017-12-05,506,78,428,0.1541501976284585
2017-12-06,506,78,428,0.1541501976284585
2017-12-07,506,78,428,0.1541501976284585
2017-12-08,506,78,428,0.1541501976284585
2017-12-11,506,78,428,0.1541501976284585
2017-12-12,506,78,428,0.1541501976284585
2017-12-13,506,78,428,0.1541501976284585
2017-12-14,506,78,428,0.1541501976284585
2017-12-15,506,78,428,0.1541501976284585
2017-12-18,506,78,428,0.1541501976284585
2017-12-19,506,78,428,0.1541501976284585
2017-12-20,506,78,428,0.1541501976284585
2017-12-21,506,78,428,0.1541501976284585
2017-12-22,506,78,428,0.1541501976284585
2017-12-26,506,78,428,0.1541501976284585
2017-12-27,506,78,428,0.1541501976284585
2017-12-28,506,78,428,0.1541501976284585
2017-12-29,506,78,428,0.1541501976284585
2018-01-02,505,78,427,0.15445544554455445
2018-01-03,506,78,428,0.1541501976284585
2018-01-04,506,78,428,0.1541501976284585
2018-01-05,506,78,428,0.1541501976284585
2018-01-08,506,78,428,0.1541501976284585
2018-01-09,506,78,428,0.1541501976284585
2018-01-10,506,78,428,0.1541501976284585
2018-01-11,506,78,428,0.1541501976284585
2018-01-12,506,78,428,0.1541501976284585
2018-01-16,506,78,428,0.1541501976284585
2018-01-17,506,78,428,0.1541501976284585
2018-01-18,506,78,428,0.1541501976284585
2018-01-19,506,78,428,0.1541501976284585
2018-01-22,506,78,428,0.1541501976284585
2018-01-23,506,78,428,0.1541501976284585
2018-01-24,506,78,428,0.1541501976284585
2018-01-25,506,78,428,0.1541501976284585
2018-01-26,506,78,428,0.1541501976284585
2018-01-29,506,78,428,0.1541501976284585
2018-01-30,506,78,428,0.1541501976284585
2018-01-31,506,78,428,0.1541501976284585
2018-02-01,506,78,428,0.1541501976284585
2018-02-02,506,78,428,0.1541501976284585
2018-02-05,506,78,428,0.1541501976284585
2018-02-06,506,78,428,0.1541501976284585
2018-02-07,506,78,428,0.1541501976284585
2018-02-08,506,78,428,0.1541501976284585
2018-02-09,506,78,428,0.1541501976284585
2018-02-12,506,78,428,0.1541501976284585
2018-02-13,506,78,428,0.1541501976284585
2018-02-14,506,78,428,0.1541501976284585
2018-02-15,506,78,428,0.1541501976284585
2018-02-16,506,78,428,0.1541501976284585
2018-02-20,506,78,428,0.1541501976284585
2018-02-21,506,78,428,0.1541501976284585
2018-02-22,506,78,428,0.1541501976284585
2018-02-23,506,78,428,0.1541501976284585
2018-02-26,506,78,428,0.1541501976284585
2018-02-27,506,78,428,0.1541501976284585
2018-02-28,506,78,428,0.1541501976284585
2018-03-01,506,78,428,0.1541501976284585
2018-03-02,506,78,428,0.1541501976284585
2018-03-05,506,78,428,0.1541501976284585
2018-03-06,506,78,428,0.1541501976284585
2018-03-07,507,78,429,0.15384615384615385
2018-03-08,506,78,428,0.1541501976284585
2018-03-09,506,78,428,0.1541501976284585
2018-03-12,506,78,428,0.1541501976284585
2018-03-13,506,78,428,0.1541501976284585
2018-03-14,506,78,428,0.1541501976284585
2018-03-15,506,78,428,0.1541501976284585
2018-03-16,506,78,428,0.1541501976284585
2018-03-19,509,78,431,0.15324165029469547
2018-03-20,506,78,428,0.1541501976284585
2018-03-21,506,78,428,0.1541501976284585
2018-03-22,506,78,428,0.1541501976284585
2018-03-23,506,78,428,0.1541501976284585
2018-03-26,506,78,428,0.1541501976284585
2018-03-27,506,78,428,0.1541501976284585
2018-03-28,506,78,428,0.1541501976284585
2018-03-29,506,78,428,0.1541501976284585
2018-04-02,506,78,428,0.1541501976284585
2018-04-03,506,78,428,0.1541501976284585
2018-04-04,507,78,429,0.15384615384615385
2018-04-05,506,78,428,0.1541501976284585
2018-04-06,506,78,428,0.1541501976284585
2018-04-09,506,78,428,0.1541501976284585
2018-04-10,506,78,428,0.1541501976284585
2018-04-11,506,78,428,0.1541501976284585
2018-04-12,506,78,428,0.1541501976284585
2018-04-13,506,78,428,0.1541501976284585
2018-04-16,506,78,428,0.1541501976284585
2018-04-17,506,78,428,0.1541501976284585
2018-04-18,506,78,428,0.1541501976284585
2018-04-19,506,78,428,0.1541501976284585
2018-04-20,506,78,428,0.1541501976284585
2018-04-23,506,78,428,0.1541501976284585
2018-04-24,506,78,428,0.1541501976284585
2018-04-25,506,78,428,0.1541501976284585
2018-04-26,506,78,428,0.1541501976284585
2018-04-27,506,78,428,0.1541501976284585
2018-04-30,506,78,428,0.1541501976284585
2018-05-01,506,78,428,0.1541501976284585
2018-05-02,506,78,428,0.1541501976284585
2018-05-03,506,78,428,0.1541501976284585
2018-05-04,506,78,428,0.1541501976284585
2018-05-07,506,78,428,0.1541501976284585
2018-05-08,506,78,428,0.1541501976284585
2018-05-09,506,78,428,0.1541501976284585
2018-05-10,506,78,428,0.1541501976284585
2018-05-11,506,78,428,0.1541501976284585
2018-05-14,506,78,428,0.1541501976284585
2018-05-15,506,78,428,0.1541501976284585
2018-05-16,506,78,428,0.1541501976284585
2018-05-17,506,78,428,0.1541501976284585
2018-05-18,506,78,428,0.1541501976284585
2018-05-21,506,78,428,0.1541501976284585
2018-05-22,506,78,428,0.1541501976284585
2018-05-23,506,78,428,0.1541501976284585
2018-05-24,506,78,428,0.1541501976284585
2018-05-25,506,78,428,0.1541501976284585
2018-05-29,506,78,428,0.1541501976284585
2018-05-30,506,78,428,0.1541501976284585
2018-05-31,507,78,429,0.15384615384615385
2018-06-01,506,78,428,0.1541501976284585
2018-06-04,506,78,428,0.1541501976284585
2018-06-05,507,78,429,0.15384615384615385
2018-06-06,506,78,428,0.1541501976284585
2018-06-07,507,78,429,0.15384615384615385
2018-06-08,506,78,428,0.1541501976284585
2018-06-11,506,78,428,0.1541501976284585
2018-06-12,506,78,428,0.1541501976284585
2018-06-13,506,78,428,0.1541501976284585
2018-06-14,506,78,428,0.1541501976284585
2018-06-15,506,78,428,0.1541501976284585
2018-06-18,507,78,429,0.15384615384615385
2018-06-19,505,78,427,0.15445544554455445
2018-06-20,506,78,428,0.1541501976284585
2018-06-21,506,78,428,0.1541501976284585
2018-06-22,506,78,428,0.1541501976284585
2018-06-25,506,78,428,0.1541501976284585
2018-06-26,506,78,428,0.1541501976284585
2018-06-27,506,78,428,0.1541501976284585
2018-06-28,506,78,428,0.1541501976284585
2018-06-29,506,78,428,0.1541501976284585
2018-07-02,507,78,429,0.15384615384615385
2018-07-03,506,78,428,0.1541501976284585
2018-07-05,506,78,428,0.1541501976284585
2018-07-06,506,78,428,0.1541501976284585
2018-07-09,506,78,428,0.1541501976284585
2018-07-10,506,78,428,0.1541501976284585
2018-07-11,506,78,428,0.1541501976284585
2018-07-12,506,78,428,0.1541501976284585
2018-07-13,506,78,428,0.1541501976284585
2018-07-16,506,78,428,0.1541501976284585
2018-07-17,506,78,428,0.1541501976284585
2018-07-18,506,78,428,0.1541501976284585
2018-07-19,506,78,428,0.1541501976284585
2018-07-20,506,78,428,0.1541501976284585
2018-07-23,506,78,428,0.1541501976284585
2018-07-24,506,78,428,0.1541501976284585
2018-07-25,506,78,428,0.1541501976284585
2018-07-26,506,78,428,0.1541501976284585
2018-07-27,506,78,428,0.1541501976284585
2018-07-30,506,78,428,0.1541501976284585
2018-07-31,506,78,428,0.1541501976284585
2018-08-01,506,78,428,0.1541501976284585
2018-08-02,506,78,428,0.1541501976284585
2018-08-03,506,78,428,0.1541501976284585
2018-08-06,506,78,428,0.1541501976284585
2018-08-07,506,78,428,0.1541501976284585
2018-08-08,506,78,428,0.1541501976284585
2018-08-09,506,78,428,0.1541501976284585
2018-08-10,506,78,428,0.1541501976284585
2018-08-13,506,78,428,0.1541501976284585
2018-08-14,506,78,428,0.1541501976284585
2018-08-15,506,78,428,0.1541501976284585
2018-08-16,506,78,428,0.1541501976284585
2018-08-17,506,78,428,0.1541501976284585
2018-08-20,506,78,428,0.1541501976284585
2018-08-21,506,78,428,0.1541501976284585
2018-08-22,506,78,428,0.1541501976284585
2018-08-23,506,78,428,0.1541501976284585
2018-08-24,506,78,428,0.1541501976284585
2018-08-27,506,78,428,0.1541501976284585
2018-08-28,507,78,429,0.15384615384615385
2018-08-29,506,78,428,0.1541501976284585
2018-08-30,506,78,428,0.1541501976284585
2018-08-31,506,78,428,0.1541501976284585
2018-09-04,506,78,428,0.1541501976284585
2018-09-05,506,78,428,0.1541501976284585
2018-09-06,506,78,428,0.1541501976284585
2018-09-07,506,78,428,0.1541501976284585
2018-09-10,506,78,428,0.1541501976284585
2018-09-11,506,78,428,0.1541501976284585
2018-09-12,506,78,428,0.1541501976284585
2018-09-13,505,78,427,0.15445544554455445
2018-09-14,505,78,427,0.15445544554455445
2018-09-17,506,78,428,0.1541501976284585
2018-09-18,506,78,428,0.1541501976284585
2018-09-19,506,78,428,0.1541501976284585
2018-09-20,505,78,427,0.15445544554455445
2018-09-21,505,78,427,0.15445544554455445
2018-09-24,505,78,427,0.15445544554455445
2018-09-25,505,78,427,0.15445544554455445
2018-09-26,505,78,427,0.15445544554455445
2018-09-27,505,78,427,0.15445544554455445
2018-09-28,505,78,427,0.15445544554455445
2018-10-01,506,78,428,0.1541501976284585
2018-10-02,505,78,427,0.15445544554455445
2018-10-03,505,78,427,0.15445544554455445
2018-10-04,505,78,427,0.15445544554455445
2018-10-05,505,78,427,0.15445544554455445
2018-10-08,505,78,427,0.15445544554455445
2018-10-09,505,78,427,0.15445544554455445
2018-10-10,505,78,427,0.15445544554455445
2018-10-11,506,78,428,0.1541501976284585
2018-10-12,505,78,427,0.15445544554455445
2018-10-15,505,78,427,0.15445544554455445
2018-10-16,505,78,427,0.15445544554455445
2018-10-17,505,78,427,0.15445544554455445
2018-10-18,505,78,427,0.15445544554455445
2018-10-19,505,78,427,0.15445544554455445
2018-10-22,505,78,427,0.15445544554455445
2018-10-23,505,78,427,0.15445544554455445
2018-10-24,505,78,427,0.15445544554455445
2018-10-25,505,78,427,0.15445544554455445
2018-10-26,505,78,427,0.15445544554455445
2018-10-29,505,78,427,0.15445544554455445
2018-10-30,505,78,427,0.15445544554455445
2018-10-31,505,78,427,0.15445544554455445
2018-11-01,504,78,426,0.15476190476190477
2018-11-02,504,78,426,0.15476190476190477
2018-11-05,504,78,426,0.15476190476190477
2018-11-06,506,79,427,0.15612648221343872
2018-11-07,505,79,426,0.15643564356435644
2018-11-08,505,79,426,0.15643564356435644
2018-11-09,505,79,426,0.15643564356435644
2018-11-12,505,79,426,0.15643564356435644
2018-11-13,506,79,427,0.15612648221343872
2018-11-14,505,79,426,0.15643564356435644
2018-11-15,505,79,426,0.15643564356435644
2018-11-16,505,79,426,0.15643564356435644
2018-11-19,505,79,426,0.15643564356435644
2018-11-20,505,79,426,0.15643564356435644
2018-11-21,505,79,426,0.15643564356435644
2018-11-23,505,79,426,0.15643564356435644
2018-11-26,505,79,426,0.15643564356435644
2018-11-27,505,79,426,0.15643564356435644
2018-11-28,504,79,425,0.15674603174603174
2018-11-29,504,79,425,0.15674603174603174
2018-11-30,503,79,424,0.15705765407554673
2018-12-03,506,79,427,0.15612648221343872
2018-12-04,505,79,426,0.15643564356435644
2018-12-06,505,79,426,0.15643564356435644
2018-12-07,505,79,426,0.15643564356435644
2018-12-10,505,79,426,0.15643564356435644
2018-12-11,505,79,426,0.15643564356435644
2018-12-12,505,79,426,0.15643564356435644
2018-12-13,505,79,426,0.15643564356435644
2018-12-14,505,79,426,0.15643564356435644
2018-12-17,505,79,426,0.15643564356435644
2018-12-18,505,79,426,0.15643564356435644
2018-12-19,505,79,426,0.15643564356435644
2018-12-20,505,79,426,0.15643564356435644
2018-12-21,505,79,426,0.15643564356435644
2018-12-24,505,79,426,0.15643564356435644
2018-12-26,505,79,426,0.15643564356435644
2018-12-27,505,79,426,0.15643564356435644
2018-12-28,505,79,426,0.15643564356435644
2018-12-31,505,79,426,0.15643564356435644
2019-01-02,506,79,427,0.15612648221343872
2019-01-03,505,79,426,0.15643564356435644
2019-01-04,505,79,426,0.15643564356435644
2019-01-07,505,79,426,0.15643564356435644
2019-01-08,505,79,426,0.15643564356435644
2019-01-09,505,79,426,0.15643564356435644
2019-01-10,505,79,426,0.15643564356435644
2019-01-11,505,79,426,0.15643564356435644
2019-01-14,505,79,426,0.15643564356435644
2019-01-15,505,79,426,0.15643564356435644
2019-01-16,505,79,426,0.15643564356435644
2019-01-17,505,79,426,0.15643564356435644
2019-01-18,506,79,427,0.15612648221343872
2019-01-22,505,79,426,0.15643564356435644
2019-01-23,505,79,426,0.15643564356435644
2019-01-24,505,79,426,0.15643564356435644
2019-01-25,505,79,426,0.15643564356435644
2019-01-28,505,79,426,0.15643564356435644
2019-01-29,505,79,426,0.15643564356435644
2019-01-30,505,79,426,0.15643564356435644
2019-01-31,505,79,426,0.15643564356435644
2019-02-01,505,79,426,0.15643564356435644
2019-02-04,505,79,426,0.15643564356435644
2019-02-05,505,79,426,0.15643564356435644
2019-02-06,505,79,426,0.15643564356435644
2019-02-07,505,79,426,0.15643564356435644
2019-02-08,505,79,426,0.15643564356435644
2019-02-11,505,79,426,0.15643564356435644
2019-02-12,505,79,426,0.15643564356435644
2019-02-13,505,79,426,0.15643564356435644
2019-02-14,505,79,426,0.15643564356435644
2019-02-15,506,79,427,0.15612648221343872
2019-02-19,505,79,426,0.15643564356435644
2019-02-20,505,79,426,0.15643564356435644
2019-02-21,505,79,426,0.15643564356435644
2019-02-22,505,79,426,0.15643564356435644
2019-02-25,505,79,426,0.15643564356435644
2019-02-26,505,79,426,0.15643564356435644
2019-02-27,506,79,427,0.15612648221343872
2019-02-28,505,79,426,0.15643564356435644
2019-03-01,505,79,426,0.15643564356435644
2019-03-04,505,79,426,0.15643564356435644
2019-03-05,505,79,426,0.15643564356435644
2019-03-06,505,79,426,0.15643564356435644
2019-03-07,505,79,426,0.15643564356435644
2019-03-08,505,79,426,0.15643564356435644
2019-03-11,505,79,426,0.15643564356435644
2019-03-12,505,79,426,0.15643564356435644
2019-03-13,505,79,426,0.15643564356435644
2019-03-14,505,79,426,0.15643564356435644
2019-03-15,505,79,426,0.15643564356435644
2019-03-18,505,79,426,0.15643564356435644
2019-03-19,505,79,426,0.15643564356435644
2019-03-20,505,79,426,0.15643564356435644
2019-03-21,505,79,426,0.15643564356435644
2019-03-22,505,79,426,0.15643564356435644
2019-03-25,505,79,426,0.15643564356435644
2019-03-26,505,79,426,0.15643564356435644
2019-03-27,505,79,426,0.15643564356435644
2019-03-28,505,79,426,0.15643564356435644
2019-03-29,505,79,426,0.15643564356435644
2019-04-01,505,79,426,0.15643564356435644
2019-04-02,506,79,427,0.15612648221343872
2019-04-03,505,79,426,0.15643564356435644
2019-04-04,505,79,426,0.15643564356435644
2019-04-05,505,79,426,0.15643564356435644
2019-04-08,505,79,426,0.15643564356435644
2019-04-09,505,79,426,0.15643564356435644
2019-04-10,505,79,426,0.15643564356435644
2019-04-11,505,79,426,0.15643564356435644
2019-04-12,505,79,426,0.15643564356435644
2019-04-15,505,79,426,0.15643564356435644
2019-04-16,505,79,426,0.15643564356435644
2019-04-17,505,79,426,0.15643564356435644
2019-04-18,505,79,426,0.15643564356435644
2019-04-22,505,79,426,0.15643564356435644
2019-04-23,505,79,426,0.15643564356435644
2019-04-24,505,79,426,0.15643564356435644
2019-04-25,505,79,426,0.15643564356435644
2019-04-26,505,79,426,0.15643564356435644
2019-04-29,505,79,426,0.15643564356435644
2019-04-30,505,79,426,0.15643564356435644
2019-05-01,505,79,426,0.15643564356435644
2019-05-02,505,79,426,0.15643564356435644
2019-05-03,505,79,426,0.15643564356435644
2019-05-06,505,79,426,0.15643564356435644
2019-05-07,505,79,426,0.15643564356435644
2019-05-08,505,79,426,0.15643564356435644
2019-05-09,505,79,426,0.15643564356435644
2019-05-10,505,79,426,0.15643564356435644
2019-05-13,505,79,426,0.15643564356435644
2019-05-14,505,79,426,0.15643564356435644
2019-05-15,505,79,426,0.15643564356435644
2019-05-16,505,79,426,0.15643564356435644
2019-05-17,505,79,426,0.15643564356435644
2019-05-20,505,79,426,0.15643564356435644
2019-05-21,505,79,426,0.15643564356435644
2019-05-22,505,79,426,0.15643564356435644
2019-05-23,505,79,426,0.15643564356435644
2019-05-24,505,79,426,0.15643564356435644
2019-05-28,505,79,426,0.15643564356435644
2019-05-29,505,79,426,0.15643564356435644
2019-05-30,505,79,426,0.15643564356435644
2019-05-31,505,79,426,0.15643564356435644
2019-06-03,507,79,428,0.15581854043392504
2019-06-04,505,79,426,0.15643564356435644
2019-06-05,505,79,426,0.15643564356435644
2019-06-06,505,79,426,0.15643564356435644
2019-06-07,506,79,427,0.15612648221343872
2019-06-10,505,79,426,0.15643564356435644
2019-06-11,505,79,426,0.15643564356435644
2019-06-12,505,79,426,0.15643564356435644
2019-06-13,505,79,426,0.15643564356435644
2019-06-14,505,79,426,0.15643564356435644
2019-06-17,505,79,426,0.15643564356435644
2019-06-18,505,79,426,0.15643564356435644
2019-06-19,505,79,426,0.15643564356435644
2019-06-20,505,79,426,0.15643564356435644
2019-06-21,505,79,426,0.15643564356435644
2019-06-24,505,79,426,0.15643564356435644
2019-06-25,505,79,426,0.15643564356435644
2019-06-26,505,79,426,0.15643564356435644
2019-06-27,505,79,426,0.15643564356435644
2019-06-28,505,79,426,0.15643564356435644
2019-07-01,506,79,427,0.15612648221343872
2019-07-02,505,79,426,0.15643564356435644
2019-07-03,505,79,426,0.15643564356435644
2019-07-05,505,79,426,0.15643564356435644
2019-07-08,505,79,426,0.15643564356435644
2019-07-09,505,79,426,0.15643564356435644
2019-07-10,505,79,426,0.15643564356435644
2019-07-11,505,79,426,0.15643564356435644
2019-07-12,505,79,426,0.15643564356435644
2019-07-15,506,79,427,0.15612648221343872
2019-07-16,505,79,426,0.15643564356435644
2019-07-17,505,79,426,0.15643564356435644
2019-07-18,505,79,426,0.15643564356435644
2019-07-19,505,79,426,0.15643564356435644
2019-07-22,505,79,426,0.15643564356435644
2019-07-23,505,79,426,0.15643564356435644
2019-07-24,505,79,426,0.15643564356435644
2019-07-25,505,79,426,0.15643564356435644
2019-07-26,505,79,426,0.15643564356435644
2019-07-29,505,79,426,0.15643564356435644
2019-07-30,505,79,426,0.15643564356435644
2019-07-31,505,79,426,0.15643564356435644
2019-08-01,505,79,426,0.15643564356435644
2019-08-02,505,79,426,0.15643564356435644
2019-08-05,505,79,426,0.15643564356435644
2019-08-06,505,79,426,0.15643564356435644
2019-08-07,505,79,426,0.15643564356435644
2019-08-08,506,79,427,0.15612648221343872
2019-08-09,507,79,428,0.15581854043392504
2019-08-12,505,79,426,0.15643564356435644
2019-08-13,505,79,426,0.15643564356435644
2019-08-14,505,79,426,0.15643564356435644
2019-08-15,505,79,426,0.15643564356435644
2019-08-16,505,79,426,0.15643564356435644
2019-08-19,505,79,426,0.15643564356435644
2019-08-20,505,79,426,0.15643564356435644
2019-08-21,505,79,426,0.15643564356435644
2019-08-22,505,79,426,0.15643564356435644
2019-08-23,505,79,426,0.15643564356435644
2019-08-26,505,79,426,0.15643564356435644
2019-08-27,505,79,426,0.15643564356435644
2019-08-28,505,79,426,0.15643564356435644
2019-08-29,505,79,426,0.15643564356435644
2019-08-30,505,79,426,0.15643564356435644
2019-09-03,505,79,426,0.15643564356435644
2019-09-04,505,79,426,0.15643564356435644
2019-09-05,505,79,426,0.15643564356435644
2019-09-06,505,79,426,0.15643564356435644
2019-09-09,505,79,426,0.15643564356435644
2019-09-10,505,79,426,0.15643564356435644
2019-09-11,505,79,426,0.15643564356435644
2019-09-12,505,79,426,0.15643564356435644
2019-09-13,505,79,426,0.15643564356435644
2019-09-16,505,79,426,0.15643564356435644
2019-09-17,505,79,426,0.15643564356435644
2019-09-18,505,79,426,0.15643564356435644
2019-09-19,505,79,426,0.15643564356435644
2019-09-20,505,79,426,0.15643564356435644
2019-09-23,506,79,427,0.15612648221343872
2019-09-24,505,79,426,0.15643564356435644
2019-09-25,505,79,426,0.15643564356435644
2019-09-26,506,79,427,0.15612648221343872
2019-09-27,505,79,426,0.15643564356435644
2019-09-30,505,79,426,0.15643564356435644
2019-10-01,505,79,426,0.15643564356435644
2019-10-02,505,79,426,0.15643564356435644
2019-10-03,506,79,427,0.15612648221343872
2019-10-04,505,79,426,0.15643564356435644
2019-10-07,505,79,426,0.15643564356435644
2019-10-08,505,79,426,0.15643564356435644
2019-10-09,505,79,426,0.15643564356435644
2019-10-10,505,79,426,0.15643564356435644
2019-10-11,505,79,426,0.15643564356435644
2019-10-14,505,79,426,0.15643564356435644
2019-10-15,505,79,426,0.15643564356435644
2019-10-16,505,79,426,0.15643564356435644
2019-10-17,505,79,426,0.15643564356435644
2019-10-18,506,79,427,0.15612648221343872
2019-10-21,505,79,426,0.15643564356435644
2019-10-22,505,79,426,0.15643564356435644
2019-10-23,505,79,426,0.15643564356435644
2019-10-24,505,79,426,0.15643564356435644
2019-10-25,505,79,426,0.15643564356435644
2019-10-28,505,79,426,0.15643564356435644
2019-10-29,505,79,426,0.15643564356435644
2019-10-30,505,79,426,0.15643564356435644
2019-10-31,505,79,426,0.15643564356435644
2019-11-01,505,79,426,0.15643564356435644
2019-11-04,505,79,426,0.15643564356435644
2019-11-05,507,79,428,0.15581854043392504
2019-11-06,505,79,426,0.15643564356435644
2019-11-07,505,79,426,0.15643564356435644
2019-11-08,505,79,426,0.15643564356435644
2019-11-11,505,79,426,0.15643564356435644
2019-11-12,505,79,426,0.15643564356435644
2019-11-13,505,79,426,0.15643564356435644
2019-11-14,505,79,426,0.15643564356435644
2019-11-15,505,79,426,0.15643564356435644
2019-11-18,505,79,426,0.15643564356435644
2019-11-19,505,79,426,0.15643564356435644
2019-11-20,505,79,426,0.15643564356435644
2019-11-21,506,80,426,0.15810276679841898
2019-11-22,505,80,425,0.15841584158415842
2019-11-25,505,80,425,0.15841584158415842
2019-11-26,505,80,425,0.15841584158415842
2019-11-27,505,80,425,0.15841584158415842
2019-11-29,505,80,425,0.15841584158415842
2019-12-02,505,80,425,0.15841584158415842
2019-12-03,505,80,425,0.15841584158415842
2019-12-04,505,80,425,0.15841584158415842
2019-12-05,507,80,427,0.15779092702169625
2019-12-06,505,80,425,0.15841584158415842
2019-12-09,507,80,427,0.15779092702169625
2019-12-10,506,80,426,0.15810276679841898
2019-12-11,505,80,425,0.15841584158415842
2019-12-12,505,80,425,0.15841584158415842
2019-12-13,505,80,425,0.15841584158415842
2019-12-16,505,80,425,0.15841584158415842
2019-12-17,505,80,425,0.15841584158415842
2019-12-18,505,80,425,0.15841584158415842
2019-12-19,505,80,425,0.15841584158415842
2019-12-20,505,80,425,0.15841584158415842
2019-12-23,508,80,428,0.15748031496062992
2019-12-24,505,80,425,0.15841584158415842
2019-12-26,505,80,425,0.15841584158415842
2019-12-27,505,80,425,0.15841584158415842
2019-12-30,505,80,425,0.15841584158415842
2019-12-31,505,80,425,0.15841584158415842
2020-01-02,505,80,425,0.15841584158415842
2020-01-03,505,80,425,0.15841584158415842
2020-01-06,505,80,425,0.15841584158415842
2020-01-07,505,80,425,0.15841584158415842
2020-01-08,505,80,425,0.15841584158415842
2020-01-09,505,80,425,0.15841584158415842
2020-01-10,505,80,425,0.15841584158415842
2020-01-13,505,80,425,0.15841584158415842
2020-01-14,505,80,425,0.15841584158415842
2020-01-15,505,80,425,0.15841584158415842
2020-01-16,505,80,425,0.15841584158415842
2020-01-17,505,80,425,0.15841584158415842
2020-01-21,505,80,425,0.15841584158415842
2020-01-22,505,80,425,0.15841584158415842
2020-01-23,505,80,425,0.15841584158415842
2020-01-24,505,80,425,0.15841584158415842
2020-01-27,505,80,425,0.15841584158415842
2020-01-28,506,80,426,0.15810276679841898
2020-01-29,505,80,425,0.15841584158415842
2020-01-30,505,80,425,0.15841584158415842
2020-01-31,505,80,425,0.15841584158415842
2020-02-03,505,80,425,0.15841584158415842
2020-02-04,505,80,425,0.15841584158415842
2020-02-05,505,80,425,0.15841584158415842
2020-02-06,505,80,425,0.15841584158415842
2020-02-07,505,80,425,0.15841584158415842
2020-02-10,505,80,425,0.15841584158415842
2020-02-11,505,80,425,0.15841584158415842
2020-02-12,505,80,425,0.15841584158415842
2020-02-13,505,80,425,0.15841584158415842
2020-02-14,505,80,425,0.15841584158415842
2020-02-18,505,80,425,0.15841584158415842
2020-02-19,505,80,425,0.15841584158415842
2020-02-20,505,80,425,0.15841584158415842
2020-02-21,505,80,425,0.15841584158415842
2020-02-24,505,80,425,0.15841584158415842
2020-02-25,505,80,425,0.15841584158415842
2020-02-26,505,80,425,0.15841584158415842
2020-02-27,505,80,425,0.15841584158415842
2020-02-28,505,80,425,0.15841584158415842
2020-03-02,505,80,425,0.15841584158415842
2020-03-03,506,80,426,0.15810276679841898
2020-03-04,505,80,425,0.15841584158415842
2020-03-05,505,80,425,0.15841584158415842
2020-03-06,505,80,425,0.15841584158415842
2020-03-09,505,80,425,0.15841584158415842
2020-03-10,505,80,425,0.15841584158415842
2020-03-11,505,80,425,0.15841584158415842
2020-03-12,505,80,425,0.15841584158415842
2020-03-13,505,80,425,0.15841584158415842
2020-03-16,505,80,425,0.15841584158415842
2020-03-17,505,80,425,0.15841584158415842
2020-03-18,505,80,425,0.15841584158415842
2020-03-19,505,80,425,0.15841584158415842
2020-03-20,505,80,425,0.15841584158415842
2020-03-23,505,80,425,0.15841584158415842
2020-03-24,505,80,425,0.15841584158415842
2020-03-25,505,80,425,0.15841584158415842
2020-03-26,505,80,425,0.15841584158415842
2020-03-27,505,80,425,0.15841584158415842
2020-03-30,505,80,425,0.15841584158415842
2020-03-31,505,80,425,0.15841584158415842
2020-04-01,505,80,425,0.15841584158415842
2020-04-02,505,80,425,0.15841584158415842
2020-04-03,508,81,427,0.1594488188976378
2020-04-06,508,81,427,0.1594488188976378
2020-04-07,505,81,424,0.1603960396039604
2020-04-08,505,81,424,0.1603960396039604
2020-04-09,505,81,424,0.1603960396039604
2020-04-13,505,81,424,0.1603960396039604
2020-04-14,505,81,424,0.1603960396039604
2020-04-15,505,81,424,0.1603960396039604
2020-04-16,505,81,424,0.1603960396039604
2020-04-17,505,81,424,0.1603960396039604
2020-04-20,505,81,424,0.1603960396039604
2020-04-21,505,81,424,0.1603960396039604
2020-04-22,505,81,424,0.1603960396039604
2020-04-23,505,81,424,0.1603960396039604
2020-04-24,505,81,424,0.1603960396039604
2020-04-27,505,81,424,0.1603960396039604
2020-04-28,505,81,424,0.1603960396039604
2020-04-29,505,81,424,0.1603960396039604
2020-04-30,505,81,424,0.1603960396039604
2020-05-01,505,81,424,0.1603960396039604
2020-05-04,505,81,424,0.1603960396039604
2020-05-05,505,81,424,0.1603960396039604
2020-05-06,505,81,424,0.1603960396039604
2020-05-07,505,81,424,0.1603960396039604
2020-05-08,505,81,424,0.1603960396039604
2020-05-11,505,81,424,0.1603960396039604
2020-05-12,507,81,426,0.15976331360946747
2020-05-13,505,81,424,0.1603960396039604
2020-05-14,505,81,424,0.1603960396039604
2020-05-15,505,81,424,0.1603960396039604
2020-05-18,505,81,424,0.1603960396039604
2020-05-19,505,81,424,0.1603960396039604
2020-05-20,505,81,424,0.1603960396039604
2020-05-21,505,81,424,0.1603960396039604
2020-05-22,506,81,425,0.1600790513833992
2020-05-26,505,81,424,0.1603960396039604
2020-05-27,505,81,424,0.1603960396039604
2020-05-28,505,81,424,0.1603960396039604
2020-05-29,505,81,424,0.1603960396039604
2020-06-01,505,81,424,0.1603960396039604
2020-06-02,505,81,424,0.1603960396039604
2020-06-03,505,81,424,0.1603960396039604
2020-06-04,505,81,424,0.1603960396039604
2020-06-05,505,81,424,0.1603960396039604
2020-06-08,505,81,424,0.1603960396039604
2020-06-09,505,81,424,0.1603960396039604
2020-06-10,505,81,424,0.1603960396039604
2020-06-11,505,81,424,0.1603960396039604
2020-06-12,505,81,424,0.1603960396039604
2020-06-15,505,81,424,0.1603960396039604
2020-06-16,505,81,424,0.1603960396039604
2020-06-17,505,81,424,0.1603960396039604
2020-06-18,505,81,424,0.1603960396039604
2020-06-19,505,81,424,0.1603960396039604
2020-06-22,508,81,427,0.1594488188976378
2020-06-23,505,81,424,0.1603960396039604
2020-06-24,505,81,424,0.1603960396039604
2020-06-25,505,81,424,0.1603960396039604
2020-06-26,505,81,424,0.1603960396039604
2020-06-29,505,81,424,0.1603960396039604
2020-06-30,505,81,424,0.1603960396039604
2020-07-01,505,81,424,0.1603960396039604
2020-07-02,505,81,424,0.1603960396039604
2020-07-06,505,81,424,0.1603960396039604
2020-07-07,505,81,424,0.1603960396039604
2020-07-08,505,81,424,0.1603960396039604
2020-07-09,505,81,424,0.1603960396039604
2020-07-10,505,81,424,0.1603960396039604
2020-07-13,505,81,424,0.1603960396039604
2020-07-14,505,81,424,0.1603960396039604
2020-07-15,505,81,424,0.1603960396039604
2020-07-16,505,81,424,0.1603960396039604
2020-07-17,505,81,424,0.1603960396039604
2020-07-20,505,81,424,0.1603960396039604
2020-07-21,505,81,424,0.1603960396039604
2020-07-22,505,81,424,0.1603960396039604
2020-07-23,505,81,424,0.1603960396039604
2020-07-24,505,81,424,0.1603960396039604
2020-07-27,505,81,424,0.1603960396039604
2020-07-28,505,81,424,0.1603960396039604
2020-07-29,505,81,424,0.1603960396039604
2020-07-30,505,81,424,0.1603960396039604
2020-07-31,505,81,424,0.1603960396039604
2020-08-03,505,81,424,0.1603960396039604
2020-08-04,505,81,424,0.1603960396039604
2020-08-05,505,81,424,0.1603960396039604
2020-08-06,505,81,424,0.1603960396039604
2020-08-07,505,81,424,0.1603960396039604
2020-08-10,505,81,424,0.1603960396039604
2020-08-11,505,81,424,0.1603960396039604
2020-08-12,505,81,424,0.1603960396039604
2020-08-13,505,81,424,0.1603960396039604
2020-08-14,505,81,424,0.1603960396039604
2020-08-17,505,81,424,0.1603960396039604
2020-08-18,505,81,424,0.1603960396039604
2020-08-19,505,81,424,0.1603960396039604
2020-08-20,505,81,424,0.1603960396039604
2020-08-21,505,81,424,0.1603960396039604
2020-08-24,505,81,424,0.1603960396039604
2020-08-25,505,81,424,0.1603960396039604
2020-08-26,505,81,424,0.1603960396039604
2020-08-27,505,81,424,0.1603960396039604
2020-08-28,505,81,424,0.1603960396039604
2020-08-31,505,81,424,0.1603960396039604
2020-09-01,505,81,424,0.1603960396039604
2020-09-02,505,81,424,0.1603960396039604
2020-09-03,505,81,424,0.1603960396039604
2020-09-04,505,81,424,0.1603960396039604
2020-09-08,505,81,424,0.1603960396039604
2020-09-09,505,81,424,0.1603960396039604
2020-09-10,505,81,424,0.1603960396039604
2020-09-11,505,81,424,0.1603960396039604
2020-09-14,505,81,424,0.1603960396039604
2020-09-15,505,81,424,0.1603960396039604
2020-09-16,505,81,424,0.1603960396039604
2020-09-17,505,81,424,0.1603960396039604
2020-09-18,506,81,425,0.1600790513833992
2020-09-21,508,81,427,0.1594488188976378
2020-09-22,505,81,424,0.1603960396039604
2020-09-23,505,81,424,0.1603960396039604
2020-09-24,505,81,424,0.1603960396039604
2020-09-25,505,81,424,0.1603960396039604
2020-09-28,505,81,424,0.1603960396039604
2020-09-29,505,81,424,0.1603960396039604
2020-09-30,505,81,424,0.1603960396039604
2020-10-01,505,81,424,0.1603960396039604
2020-10-02,505,81,424,0.1603960396039604
2020-10-05,505,81,424,0.1603960396039604
2020-10-06,505,81,424,0.1603960396039604
2020-10-07,506,81,425,0.1600790513833992
2020-10-08,505,81,424,0.1603960396039604
2020-10-09,505,81,424,0.1603960396039604
2020-10-12,506,81,425,0.1600790513833992
2020-10-13,505,81,424,0.1603960396039604
2020-10-14,505,81,424,0.1603960396039604
2020-10-15,505,81,424,0.1603960396039604
2020-10-16,505,81,424,0.1603960396039604
2020-10-19,505,81,424,0.1603960396039604
2020-10-20,505,81,424,0.1603960396039604
2020-10-21,505,81,424,0.1603960396039604
2020-10-22,505,81,424,0.1603960396039604
2020-10-23,505,81,424,0.1603960396039604
2020-10-26,505,81,424,0.1603960396039604
2020-10-27,505,81,424,0.1603960396039604
2020-10-28,505,81,424,0.1603960396039604
2020-10-29,505,81,424,0.1603960396039604
2020-10-30,505,81,424,0.1603960396039604
2020-11-02,505,81,424,0.1603960396039604
2020-11-03,505,81,424,0.1603960396039604
2020-11-04,505,81,424,0.1603960396039604
2020-11-05,505,81,424,0.1603960396039604
2020-11-06,505,81,424,0.1603960396039604
2020-11-09,505,81,424,0.1603960396039604
2020-11-10,505,81,424,0.1603960396039604
2020-11-11,505,81,424,0.1603960396039604
2020-11-12,505,81,424,0.1603960396039604
2020-11-13,505,81,424,0.1603960396039604
2020-11-16,505,81,424,0.1603960396039604
2020-11-17,506,81,425,0.1600790513833992
2020-11-18,505,81,424,0.1603960396039604
2020-11-19,505,81,424,0.1603960396039604
2020-11-20,505,81,424,0.1603960396039604
2020-11-23,505,81,424,0.1603960396039604
2020-11-24,505,81,424,0.1603960396039604
2020-11-25,505,81,424,0.1603960396039604
2020-11-27,505,81,424,0.1603960396039604
2020-11-30,505,81,424,0.1603960396039604
2020-12-01,505,81,424,0.1603960396039604
2020-12-02,505,81,424,0.1603960396039604
2020-12-03,505,81,424,0.1603960396039604
2020-12-04,505,81,424,0.1603960396039604
2020-12-07,505,81,424,0.1603960396039604
2020-12-08,505,81,424,0.1603960396039604
2020-12-09,505,81,424,0.1603960396039604
2020-12-10,505,81,424,0.1603960396039604
2020-12-11,505,81,424,0.1603960396039604
2020-12-14,505,81,424,0.1603960396039604
2020-12-15,505,81,424,0.1603960396039604
2020-12-16,505,81,424,0.1603960396039604
2020-12-17,505,81,424,0.1603960396039604
2020-12-18,505,81,424,0.1603960396039604
2020-12-21,506,82,424,0.16205533596837945
2020-12-22,505,82,423,0.16237623762376238
2020-12-23,505,82,423,0.16237623762376238
2020-12-24,505,82,423,0.16237623762376238
2020-12-28,505,82,423,0.16237623762376238
2020-12-29,505,82,423,0.16237623762376238
2020-12-30,505,82,423,0.16237623762376238
2020-12-31,505,82,423,0.16237623762376238
2021-01-04,505,82,423,0.16237623762376238
2021-01-05,505,82,423,0.16237623762376238
2021-01-06,505,82,423,0.16237623762376238
2021-01-07,506,82,424,0.16205533596837945
2021-01-08,505,82,423,0.16237623762376238
2021-01-11,505,82,423,0.16237623762376238
2021-01-12,505,82,423,0.16237623762376238
2021-01-13,505,82,423,0.16237623762376238
2021-01-14,505,82,423,0.16237623762376238
2021-01-15,505,82,423,0.16237623762376238
2021-01-19,505,82,423,0.16237623762376238
2021-01-20,505,82,423,0.16237623762376238
2021-01-21,506,82,424,0.16205533596837945
2021-01-22,505,82,423,0.16237623762376238
2021-01-25,505,82,423,0.16237623762376238
2021-01-26,505,82,423,0.16237623762376238
2021-01-27,505,82,423,0.16237623762376238
2021-01-28,505,82,423,0.16237623762376238
2021-01-29,505,82,423,0.16237623762376238
2021-02-01,505,82,423,0.16237623762376238
2021-02-02,505,82,423,0.16237623762376238
2021-02-03,505,82,423,0.16237623762376238
2021-02-04,505,82,423,0.16237623762376238
2021-02-05,505,82,423,0.16237623762376238
2021-02-08,505,82,423,0.16237623762376238
2021-02-09,505,82,423,0.16237623762376238
2021-02-10,505,82,423,0.16237623762376238
2021-02-11,505,82,423,0.16237623762376238
2021-02-12,506,82,424,0.16205533596837945
2021-02-16,505,82,423,0.16237623762376238
2021-02-17,505,82,423,0.16237623762376238
2021-02-18,505,82,423,0.16237623762376238
2021-02-19,505,82,423,0.16237623762376238
2021-02-22,505,82,423,0.16237623762376238
2021-02-23,505,82,423,0.16237623762376238
2021-02-24,505,82,423,0.16237623762376238
2021-02-25,505,82,423,0.16237623762376238
2021-02-26,505,82,423,0.16237623762376238
2021-03-01,505,82,423,0.16237623762376238
2021-03-02,505,82,423,0.16237623762376238
2021-03-03,505,82,423,0.16237623762376238
2021-03-04,505,82,423,0.16237623762376238
2021-03-05,505,82,423,0.16237623762376238
2021-03-08,505,82,423,0.16237623762376238
2021-03-09,505,82,423,0.16237623762376238
2021-03-10,505,82,423,0.16237623762376238
2021-03-11,505,82,423,0.16237623762376238
2021-03-12,505,82,423,0.16237623762376238
2021-03-15,505,82,423,0.16237623762376238
2021-03-16,505,82,423,0.16237623762376238
2021-03-17,505,82,423,0.16237623762376238
2021-03-18,505,82,423,0.16237623762376238
2021-03-19,505,82,423,0.16237623762376238
2021-03-22,509,82,427,0.16110019646365423
2021-03-23,505,82,423,0.16237623762376238
2021-03-24,505,82,423,0.16237623762376238
2021-03-25,505,82,423,0.16237623762376238
2021-03-26,505,82,423,0.16237623762376238
2021-03-29,505,82,423,0.16237623762376238
2021-03-30,505,82,423,0.16237623762376238
2021-03-31,505,82,423,0.16237623762376238
2021-04-01,505,82,423,0.16237623762376238
2021-04-05,505,82,423,0.16237623762376238
2021-04-06,505,82,423,0.16237623762376238
2021-04-07,505,82,423,0.16237623762376238
2021-04-08,505,82,423,0.16237623762376238
2021-04-09,505,82,423,0.16237623762376238
2021-04-12,505,82,423,0.16237623762376238
2021-04-13,505,82,423,0.16237623762376238
2021-04-14,505,82,423,0.16237623762376238
2021-04-15,505,82,423,0.16237623762376238
2021-04-16,505,82,423,0.16237623762376238
2021-04-19,505,82,423,0.16237623762376238
2021-04-20,506,82,424,0.16205533596837945
2021-04-21,505,82,423,0.16237623762376238
2021-04-22,505,82,423,0.16237623762376238
2021-04-23,505,82,423,0.16237623762376238
2021-04-26,505,82,423,0.16237623762376238
2021-04-27,505,82,423,0.16237623762376238
2021-04-28,505,82,423,0.16237623762376238
2021-04-29,505,82,423,0.16237623762376238
2021-04-30,505,82,423,0.16237623762376238
2021-05-03,505,82,423,0.16237623762376238
2021-05-04,505,82,423,0.16237623762376238
2021-05-05,505,82,423,0.16237623762376238
2021-05-06,505,82,423,0.16237623762376238
2021-05-07,505,82,423,0.16237623762376238
2021-05-10,505,82,423,0.16237623762376238
2021-05-11,505,82,423,0.16237623762376238
2021-05-12,505,82,423,0.16237623762376238
2021-05-13,505,82,423,0.16237623762376238
2021-05-14,506,82,424,0.16205533596837945
2021-05-17,505,82,423,0.16237623762376238
2021-05-18,505,82,423,0.16237623762376238
2021-05-19,505,82,423,0.16237623762376238
2021-05-20,505,82,423,0.16237623762376238
2021-05-21,505,82,423,0.16237623762376238
2021-05-24,505,82,423,0.16237623762376238
2021-05-25,505,82,423,0.16237623762376238
2021-05-26,505,82,423,0.16237623762376238
2021-05-27,505,82,423,0.16237623762376238
2021-05-28,505,82,423,0.16237623762376238
2021-06-01,505,82,423,0.16237623762376238
2021-06-02,505,82,423,0.16237623762376238
2021-06-03,505,82,423,0.16237623762376238
2021-06-04,506,82,424,0.16205533596837945
2021-06-07,505,82,423,0.16237623762376238
2021-06-08,505,82,423,0.16237623762376238
2021-06-09,505,82,423,0.16237623762376238
2021-06-10,505,82,423,0.16237623762376238
2021-06-11,505,82,423,0.16237623762376238
2021-06-14,505,82,423,0.16237623762376238
2021-06-15,505,82,423,0.16237623762376238
2021-06-16,505,82,423,0.16237623762376238
2021-06-17,505,82,423,0.16237623762376238
2021-06-18,505,82,423,0.16237623762376238
2021-06-21,505,82,423,0.16237623762376238
2021-06-22,505,82,423,0.16237623762376238
2021-06-23,505,82,423,0.16237623762376238
2021-06-24,505,82,423,0.16237623762376238
2021-06-25,505,82,423,0.16237623762376238
2021-06-28,505,82,423,0.16237623762376238
2021-06-29,505,82,423,0.16237623762376238
2021-06-30,505,82,423,0.16237623762376238
2021-07-01,505,82,423,0.16237623762376238
2021-07-02,505,82,423,0.16237623762376238
2021-07-06,505,82,423,0.16237623762376238
2021-07-07,505,82,423,0.16237623762376238
2021-07-08,505,82,423,0.16237623762376238
2021-07-09,505,82,423,0.16237623762376238
2021-07-12,505,82,423,0.16237623762376238
2021-07-13,505,82,423,0.16237623762376238
2021-07-14,505,82,423,0.16237623762376238
2021-07-15,505,82,423,0.16237623762376238
2021-07-16,505,82,423,0.16237623762376238
2021-07-19,505,82,423,0.16237623762376238
2021-07-20,505,82,423,0.16237623762376238
2021-07-21,506,82,424,0.16205533596837945
2021-07-22,505,82,423,0.16237623762376238
2021-07-23,505,82,423,0.16237623762376238
2021-07-26,505,82,423,0.16237623762376238
2021-07-27,505,82,423,0.16237623762376238
2021-07-28,505,82,423,0.16237623762376238
2021-07-29,505,82,423,0.16237623762376238
2021-07-30,505,82,423,0.16237623762376238
2021-08-02,505,82,423,0.16237623762376238
2021-08-03,506,82,424,0.16205533596837945
2021-08-04,505,82,423,0.16237623762376238
2021-08-05,505,82,423,0.16237623762376238
2021-08-06,505,82,423,0.16237623762376238
2021-08-09,505,82,423,0.16237623762376238
2021-08-10,505,82,423,0.16237623762376238
2021-08-11,505,82,423,0.16237623762376238
2021-08-12,505,82,423,0.16237623762376238
2021-08-13,505,82,423,0.16237623762376238
2021-08-16,505,82,423,0.16237623762376238
2021-08-17,505,82,423,0.16237623762376238
2021-08-18,505,82,423,0.16237623762376238
2021-08-19,505,82,423,0.16237623762376238
2021-08-20,505,82,423,0.16237623762376238
2021-08-23,505,82,423,0.16237623762376238
2021-08-24,505,82,423,0.16237623762376238
2021-08-25,505,82,423,0.16237623762376238
2021-08-26,505,82,423,0.16237623762376238
2021-08-27,505,82,423,0.16237623762376238
2021-08-30,506,82,424,0.16205533596837945
2021-08-31,505,82,423,0.16237623762376238
2021-09-01,505,82,423,0.16237623762376238
2021-09-02,505,82,423,0.16237623762376238
2021-09-03,505,82,423,0.16237623762376238
2021-09-07,505,82,423,0.16237623762376238
2021-09-08,505,82,423,0.16237623762376238
2021-09-09,505,82,423,0.16237623762376238
2021-09-10,505,82,423,0.16237623762376238
2021-09-13,505,82,423,0.16237623762376238
2021-09-14,505,82,423,0.16237623762376238
2021-09-15,505,82,423,0.16237623762376238
2021-09-16,505,82,423,0.16237623762376238
2021-09-17,505,82,423,0.16237623762376238
2021-09-20,508,82,426,0.16141732283464566
2021-09-21,505,82,423,0.16237623762376238
2021-09-22,505,82,423,0.16237623762376238
2021-09-23,505,82,423,0.16237623762376238
2021-09-24,505,82,423,0.16237623762376238
2021-09-27,505,82,423,0.16237623762376238
2021-09-28,505,82,423,0.16237623762376238
2021-09-29,505,82,423,0.16237623762376238
2021-09-30,505,82,423,0.16237623762376238
2021-10-01,505,82,423,0.16237623762376238
2021-10-04,506,82,424,0.16205533596837945
2021-10-05,505,82,423,0.16237623762376238
2021-10-06,505,82,423,0.16237623762376238
2021-10-07,505,82,423,0.16237623762376238
2021-10-08,505,82,423,0.16237623762376238
2021-10-11,505,82,423,0.16237623762376238
2021-10-12,505,82,423,0.16237623762376238
2021-10-13,505,82,423,0.16237623762376238
2021-10-14,505,82,423,0.16237623762376238
2021-10-15,505,82,423,0.16237623762376238
2021-10-18,505,82,423,0.16237623762376238
2021-10-19,505,82,423,0.16237623762376238
2021-10-20,505,82,423,0.16237623762376238
2021-10-21,505,82,423,0.16237623762376238
2021-10-22,505,82,423,0.16237623762376238
2021-10-25,505,82,423,0.16237623762376238
2021-10-26,505,82,423,0.16237623762376238
2021-10-27,505,82,423,0.16237623762376238
2021-10-28,505,82,423,0.16237623762376238
2021-10-29,505,82,423,0.16237623762376238
2021-11-01,505,82,423,0.16237623762376238
2021-11-02,505,82,423,0.16237623762376238
2021-11-03,505,82,423,0.16237623762376238
2021-11-04,505,82,423,0.16237623762376238
2021-11-05,505,82,423,0.16237623762376238
2021-11-08,505,82,423,0.16237623762376238
2021-11-09,505,82,423,0.16237623762376238
2021-11-10,505,82,423,0.16237623762376238
2021-11-11,505,82,423,0.16237623762376238
2021-11-12,505,82,423,0.16237623762376238
2021-11-15,505,82,423,0.16237623762376238
2021-11-16,505,82,423,0.16237623762376238
2021-11-17,505,82,423,0.16237623762376238
2021-11-18,505,82,423,0.16237623762376238
2021-11-19,505,82,423,0.16237623762376238
2021-11-22,505,82,423,0.16237623762376238
2021-11-23,505,82,423,0.16237623762376238
2021-11-24,505,82,423,0.16237623762376238
2021-11-26,505,82,423,0.16237623762376238
2021-11-29,505,82,423,0.16237623762376238
2021-11-30,505,82,423,0.16237623762376238
2021-12-01,505,82,423,0.16237623762376238
2021-12-02,505,82,423,0.16237623762376238
2021-12-03,505,82,423,0.16237623762376238
2021-12-06,505,82,423,0.16237623762376238
2021-12-07,505,82,423,0.16237623762376238
2021-12-08,505,82,423,0.16237623762376238
2021-12-09,505,82,423,0.16237623762376238
2021-12-10,505,82,423,0.16237623762376238
2021-12-13,505,82,423,0.16237623762376238
2021-12-14,506,82,424,0.16205533596837945
2021-12-15,505,82,423,0.16237623762376238
2021-12-16,505,82,423,0.16237623762376238
2021-12-17,505,82,423,0.16237623762376238
2021-12-20,508,82,426,0.16141732283464566
2021-12-21,505,82,423,0.16237623762376238
2021-12-22,505,82,423,0.16237623762376238
2021-12-23,505,82,423,0.16237623762376238
2021-12-27,505,82,423,0.16237623762376238
2021-12-28,505,82,423,0.16237623762376238
2021-12-29,505,82,423,0.16237623762376238
2021-12-30,505,82,423,0.16237623762376238
2021-12-31,505,82,423,0.16237623762376238
2022-01-03,505,82,423,0.16237623762376238
2022-01-04,505,82,423,0.16237623762376238
2022-01-05,505,82,423,0.16237623762376238
2022-01-06,505,82,423,0.16237623762376238
2022-01-07,505,82,423,0.16237623762376238
2022-01-10,506,82,424,0.16205533596837945
2022-01-11,505,82,423,0.16237623762376238
2022-01-12,505,82,423,0.16237623762376238
2022-01-13,505,82,423,0.16237623762376238
2022-01-14,505,82,423,0.16237623762376238
2022-01-18,505,82,423,0.16237623762376238
2022-01-19,505,82,423,0.16237623762376238
2022-01-20,505,82,423,0.16237623762376238
2022-01-21,505,82,423,0.16237623762376238
2022-01-24,505,82,423,0.16237623762376238
2022-01-25,505,82,423,0.16237623762376238
2022-01-26,505,82,423,0.16237623762376238
2022-01-27,505,82,423,0.16237623762376238
2022-01-28,505,82,423,0.16237623762376238
2022-01-31,505,82,423,0.16237623762376238
2022-02-01,505,82,423,0.16237623762376238
2022-02-02,506,82,424,0.16205533596837945
2022-02-03,505,82,423,0.16237623762376238
2022-02-04,505,82,423,0.16237623762376238
2022-02-07,505,82,423,0.16237623762376238
2022-02-08,505,82,423,0.16237623762376238
2022-02-09,505,82,423,0.16237623762376238
2022-02-10,505,82,423,0.16237623762376238
2022-02-11,505,82,423,0.16237623762376238
2022-02-14,505,82,423,0.16237623762376238
2022-02-15,506,82,424,0.16205533596837945
2022-02-16,505,82,423,0.16237623762376238
2022-02-17,506,82,424,0.16205533596837945
2022-02-18,505,82,423,0.16237623762376238
2022-02-22,505,82,423,0.16237623762376238
2022-02-23,505,82,423,0.16237623762376238
2022-02-24,505,82,423,0.16237623762376238
2022-02-25,505,82,423,0.16237623762376238
2022-02-28,505,82,423,0.16237623762376238
2022-03-01,505,82,423,0.16237623762376238
2022-03-02,506,82,424,0.16205533596837945
2022-03-03,505,82,423,0.16237623762376238
2022-03-04,505,82,423,0.16237623762376238
2022-03-07,505,82,423,0.16237623762376238
2022-03-08,505,82,423,0.16237623762376238
2022-03-09,505,82,423,0.16237623762376238
2022-03-10,505,82,423,0.16237623762376238
2022-03-11,505,82,423,0.16237623762376238
2022-03-14,505,82,423,0.16237623762376238
2022-03-15,505,82,423,0.16237623762376238
2022-03-16,505,82,423,0.16237623762376238
2022-03-17,505,82,423,0.16237623762376238
2022-03-18,505,82,423,0.16237623762376238
2022-03-21,505,82,423,0.16237623762376238
2022-03-22,505,82,423,0.16237623762376238
2022-03-23,505,82,423,0.16237623762376238
2022-03-24,505,82,423,0.16237623762376238
2022-03-25,505,82,423,0.16237623762376238
2022-03-28,505,82,423,0.16237623762376238
2022-03-29,505,82,423,0.16237623762376238
2022-03-30,505,82,423,0.16237623762376238
2022-03-31,505,82,423,0.16237623762376238
2022-04-01,505,82,423,0.16237623762376238
2022-04-04,506,82,424,0.16205533596837945
2022-04-05,505,82,423,0.16237623762376238
2022-04-06,505,82,423,0.16237623762376238
2022-04-07,505,82,423,0.16237623762376238
2022-04-08,505,82,423,0.16237623762376238
2022-04-11,506,82,424,0.16205533596837945
2022-04-12,504,82,422,0.1626984126984127
2022-04-13,504,82,422,0.1626984126984127
2022-04-14,504,82,422,0.1626984126984127
2022-04-18,504,82,422,0.1626984126984127
2022-04-19,504,82,422,0.1626984126984127
2022-04-20,504,82,422,0.1626984126984127
2022-04-21,504,82,422,0.1626984126984127
2022-04-22,504,82,422,0.1626984126984127
2022-04-25,504,82,422,0.1626984126984127
2022-04-26,504,82,422,0.1626984126984127
2022-04-27,504,82,422,0.1626984126984127
2022-04-28,504,82,422,0.1626984126984127
2022-04-29,504,82,422,0.1626984126984127
2022-05-02,504,82,422,0.1626984126984127
2022-05-03,504,82,422,0.1626984126984127
2022-05-04,504,82,422,0.1626984126984127
2022-05-05,504,82,422,0.1626984126984127
2022-05-06,504,82,422,0.1626984126984127
2022-05-09,504,82,422,0.1626984126984127
2022-05-10,505,82,423,0.16237623762376238
2022-05-11,504,82,422,0.1626984126984127
2022-05-12,504,82,422,0.1626984126984127
2022-05-13,504,82,422,0.1626984126984127
2022-05-16,504,82,422,0.1626984126984127
2022-05-17,504,82,422,0.1626984126984127
2022-05-18,504,82,422,0.1626984126984127
2022-05-19,504,82,422,0.1626984126984127
2022-05-20,504,82,422,0.1626984126984127
2022-05-23,504,82,422,0.1626984126984127
2022-05-24,504,82,422,0.1626984126984127
2022-05-25,504,82,422,0.1626984126984127
2022-05-26,504,82,422,0.1626984126984127
2022-05-27,504,82,422,0.1626984126984127
2022-05-31,504,82,422,0.1626984126984127
2022-06-01,504,82,422,0.1626984126984127
2022-06-02,504,82,422,0.1626984126984127
2022-06-03,504,82,422,0.1626984126984127
2022-06-06,504,82,422,0.1626984126984127
2022-06-07,504,82,422,0.1626984126984127
2022-06-08,505,82,423,0.16237623762376238
2022-06-09,505,83,422,0.16435643564356436
2022-06-10,504,83,421,0.16468253968253968
2022-06-13,504,83,421,0.16468253968253968
2022-06-14,504,83,421,0.16468253968253968
2022-06-15,504,83,421,0.16468253968253968
2022-06-16,504,83,421,0.16468253968253968
2022-06-17,504,83,421,0.16468253968253968
2022-06-21,506,83,423,0.16403162055335968
2022-06-22,503,83,420,0.16500994035785288
2022-06-23,503,83,420,0.16500994035785288
2022-06-24,503,83,420,0.16500994035785288
2022-06-27,503,83,420,0.16500994035785288
2022-06-28,504,84,420,0.16666666666666666
2022-06-29,503,84,419,0.16699801192842942
2022-06-30,503,84,419,0.16699801192842942
2022-07-01,503,84,419,0.16699801192842942
2022-07-05,503,84,419,0.16699801192842942
2022-07-06,503,84,419,0.16699801192842942
2022-07-07,503,84,419,0.16699801192842942
2022-07-08,503,84,419,0.16699801192842942
2022-07-11,503,84,419,0.16699801192842942
2022-07-12,503,84,419,0.16699801192842942
2022-07-13,503,84,419,0.16699801192842942
2022-07-14,503,84,419,0.16699801192842942
2022-07-15,503,84,419,0.16699801192842942
2022-07-18,503,84,419,0.16699801192842942
2022-07-19,503,84,419,0.16699801192842942
2022-07-20,503,84,419,0.16699801192842942
2022-07-21,503,84,419,0.16699801192842942
2022-07-22,503,84,419,0.16699801192842942
2022-07-25,503,84,419,0.16699801192842942
2022-07-26,503,84,419,0.16699801192842942
2022-07-27,503,84,419,0.16699801192842942
2022-07-28,503,84,419,0.16699801192842942
2022-07-29,503,84,419,0.16699801192842942
2022-08-01,503,84,419,0.16699801192842942
2022-08-02,503,84,419,0.16699801192842942
2022-08-03,503,84,419,0.16699801192842942
2022-08-04,503,84,419,0.16699801192842942
2022-08-05,503,84,419,0.16699801192842942
2022-08-08,503,84,419,0.16699801192842942
2022-08-09,503,84,419,0.16699801192842942
2022-08-10,503,84,419,0.16699801192842942
2022-08-11,503,84,419,0.16699801192842942
2022-08-12,503,84,419,0.16699801192842942
2022-08-15,503,84,419,0.16699801192842942
2022-08-16,503,84,419,0.16699801192842942
2022-08-17,503,84,419,0.16699801192842942
2022-08-18,503,84,419,0.16699801192842942
2022-08-19,503,84,419,0.16699801192842942
2022-08-22,503,84,419,0.16699801192842942
2022-08-23,503,84,419,0.16699801192842942
2022-08-24,503,84,419,0.16699801192842942
2022-08-25,503,84,419,0.16699801192842942
2022-08-26,503,84,419,0.16699801192842942
2022-08-29,503,84,419,0.16699801192842942
2022-08-30,503,84,419,0.16699801192842942
2022-08-31,503,84,419,0.16699801192842942
2022-09-01,503,84,419,0.16699801192842942
2022-09-02,503,84,419,0.16699801192842942
2022-09-06,503,84,419,0.16699801192842942
2022-09-07,503,84,419,0.16699801192842942
2022-09-08,503,84,419,0.16699801192842942
2022-09-09,503,84,419,0.16699801192842942
2022-09-12,503,84,419,0.16699801192842942
2022-09-13,503,84,419,0.16699801192842942
2022-09-14,503,84,419,0.16699801192842942
2022-09-15,503,84,419,0.16699801192842942
2022-09-16,503,84,419,0.16699801192842942
2022-09-19,505,84,421,0.16633663366336635
2022-09-20,503,84,419,0.16699801192842942
2022-09-21,503,84,419,0.16699801192842942
2022-09-22,503,84,419,0.16699801192842942
2022-09-23,503,84,419,0.16699801192842942
2022-09-26,503,84,419,0.16699801192842942
2022-09-27,503,84,419,0.16699801192842942
2022-09-28,503,84,419,0.16699801192842942
2022-09-29,503,84,419,0.16699801192842942
2022-09-30,503,84,419,0.16699801192842942
2022-10-03,505,84,421,0.16633663366336635
2022-10-04,503,84,419,0.16699801192842942
2022-10-05,503,84,419,0.16699801192842942
2022-10-06,503,84,419,0.16699801192842942
2022-10-07,503,84,419,0.16699801192842942
2022-10-10,503,84,419,0.16699801192842942
2022-10-11,503,84,419,0.16699801192842942
2022-10-12,504,84,420,0.16666666666666666
2022-10-13,503,84,419,0.16699801192842942
2022-10-14,503,84,419,0.16699801192842942
2022-10-17,503,84,419,0.16699801192842942
2022-10-18,503,84,419,0.16699801192842942
2022-10-19,503,84,419,0.16699801192842942
2022-10-20,503,84,419,0.16699801192842942
2022-10-21,503,84,419,0.16699801192842942
2022-10-24,503,84,419,0.16699801192842942
2022-10-25,503,84,419,0.16699801192842942
2022-10-26,503,84,419,0.16699801192842942
2022-10-27,503,84,419,0.16699801192842942
2022-10-28,503,84,419,0.16699801192842942
2022-10-31,503,84,419,0.16699801192842942
2022-11-01,504,84,420,0.16666666666666666
2022-11-02,503,84,419,0.16699801192842942
2022-11-03,503,84,419,0.16699801192842942
2022-11-04,503,84,419,0.16699801192842942
2022-11-07,503,84,419,0.16699801192842942
2022-11-08,504,84,420,0.16666666666666666
2022-11-09,503,84,419,0.16699801192842942
2022-11-10,503,84,419,0.16699801192842942
2022-11-11,503,84,419,0.16699801192842942
2022-11-14,503,84,419,0.16699801192842942
2022-11-15,503,84,419,0.16699801192842942
2022-11-16,503,84,419,0.16699801192842942
2022-11-17,503,84,419,0.16699801192842942
2022-11-18,503,84,419,0.16699801192842942
2022-11-21,503,84,419,0.16699801192842942
2022-11-22,503,84,419,0.16699801192842942
2022-11-23,503,84,419,0.16699801192842942
2022-11-25,503,84,419,0.16699801192842942
2022-11-28,503,84,419,0.16699801192842942
2022-11-29,503,84,419,0.16699801192842942
2022-11-30,503,84,419,0.16699801192842942
2022-12-01,503,84,419,0.16699801192842942
2022-12-02,503,84,419,0.16699801192842942
2022-12-05,503,84,419,0.16699801192842942
2022-12-06,503,84,419,0.16699801192842942
2022-12-07,503,84,419,0.16699801192842942
2022-12-08,503,84,419,0.16699801192842942
2022-12-09,503,84,419,0.16699801192842942
2022-12-12,503,84,419,0.16699801192842942
2022-12-13,503,84,419,0.16699801192842942
2022-12-14,503,84,419,0.16699801192842942
2022-12-15,503,84,419,0.16699801192842942
2022-12-16,503,84,419,0.16699801192842942
2022-12-19,504,84,420,0.16666666666666666
2022-12-20,503,84,419,0.16699801192842942
2022-12-21,503,84,419,0.16699801192842942
2022-12-22,504,84,420,0.16666666666666666
2022-12-23,503,84,419,0.16699801192842942
2022-12-27,503,84,419,0.16699801192842942
2022-12-28,503,84,419,0.16699801192842942
2022-12-29,503,84,419,0.16699801192842942
2022-12-30,503,84,419,0.16699801192842942
2023-01-03,503,84,419,0.16699801192842942
2023-01-04,504,84,420,0.16666666666666666
2023-01-05,503,84,419,0.16699801192842942
2023-01-06,503,84,419,0.16699801192842942
2023-01-09,503,84,419,0.16699801192842942
2023-01-10,503,84,419,0.16699801192842942
2023-01-11,503,84,419,0.16699801192842942
2023-01-12,503,84,419,0.16699801192842942
2023-01-13,503,84,419,0.16699801192842942
2023-01-17,503,84,419,0.16699801192842942
2023-01-18,503,84,419,0.16699801192842942
2023-01-19,503,84,419,0.16699801192842942
2023-01-20,503,84,419,0.16699801192842942
2023-01-23,503,84,419,0.16699801192842942
2023-01-24,503,84,419,0.16699801192842942
2023-01-25,503,84,419,0.16699801192842942
2023-01-26,503,84,419,0.16699801192842942
2023-01-27,503,84,419,0.16699801192842942
2023-01-30,503,84,419,0.16699801192842942
2023-01-31,503,84,419,0.16699801192842942
2023-02-01,503,84,419,0.16699801192842942
2023-02-02,503,84,419,0.16699801192842942
2023-02-03,503,84,419,0.16699801192842942
2023-02-06,503,84,419,0.16699801192842942
2023-02-07,503,84,419,0.16699801192842942
2023-02-08,503,84,419,0.16699801192842942
2023-02-09,503,84,419,0.16699801192842942
2023-02-10,503,84,419,0.16699801192842942
2023-02-13,503,84,419,0.16699801192842942
2023-02-14,503,84,419,0.16699801192842942
2023-02-15,503,84,419,0.16699801192842942
2023-02-16,503,84,419,0.16699801192842942
2023-02-17,503,84,419,0.16699801192842942
2023-02-21,503,84,419,0.16699801192842942
2023-02-22,503,84,419,0.16699801192842942
2023-02-23,503,84,419,0.16699801192842942
2023-02-24,503,84,419,0.16699801192842942
2023-02-27,503,84,419,0.16699801192842942
2023-02-28,503,84,419,0.16699801192842942
2023-03-01,503,84,419,0.16699801192842942
2023-03-02,503,84,419,0.16699801192842942
2023-03-03,503,84,419,0.16699801192842942
2023-03-06,503,84,419,0.16699801192842942
2023-03-07,503,84,419,0.16699801192842942
2023-03-08,503,84,419,0.16699801192842942
2023-03-09,503,84,419,0.16699801192842942
2023-03-10,503,84,419,0.16699801192842942
2023-03-13,503,84,419,0.16699801192842942
2023-03-14,503,84,419,0.16699801192842942
2023-03-15,505,84,421,0.16633663366336635
2023-03-16,503,84,419,0.16699801192842942
2023-03-17,503,84,419,0.16699801192842942
2023-03-20,504,84,420,0.16666666666666666
2023-03-21,503,84,419,0.16699801192842942
2023-03-22,503,84,419,0.16699801192842942
2023-03-23,503,84,419,0.16699801192842942
2023-03-24,503,84,419,0.16699801192842942
2023-03-27,503,84,419,0.16699801192842942
2023-03-28,503,84,419,0.16699801192842942
2023-03-29,503,84,419,0.16699801192842942
2023-03-30,503,84,419,0.16699801192842942
2023-03-31,503,84,419,0.16699801192842942
2023-04-03,503,84,419,0.16699801192842942
2023-04-04,503,84,419,0.16699801192842942
2023-04-05,503,84,419,0.16699801192842942
2023-04-06,503,84,419,0.16699801192842942
2023-04-10,503,84,419,0.16699801192842942
2023-04-11,503,84,419,0.16699801192842942
2023-04-12,503,84,419,0.16699801192842942
2023-04-13,503,84,419,0.16699801192842942
2023-04-14,503,84,419,0.16699801192842942
2023-04-17,503,84,419,0.16699801192842942
2023-04-18,503,84,419,0.16699801192842942
2023-04-19,503,84,419,0.16699801192842942
2023-04-20,503,84,419,0.16699801192842942
2023-04-21,503,84,419,0.16699801192842942
2023-04-24,503,84,419,0.16699801192842942
2023-04-25,503,84,419,0.16699801192842942
2023-04-26,503,84,419,0.16699801192842942
2023-04-27,503,84,419,0.16699801192842942
2023-04-28,503,84,419,0.16699801192842942
2023-05-01,503,84,419,0.16699801192842942
2023-05-02,503,84,419,0.16699801192842942
2023-05-03,503,84,419,0.16699801192842942
2023-05-04,504,84,420,0.16666666666666666
2023-05-05,503,84,419,0.16699801192842942
2023-05-08,503,84,419,0.16699801192842942
2023-05-09,503,84,419,0.16699801192842942
2023-05-10,503,84,419,0.16699801192842942
2023-05-11,503,84,419,0.16699801192842942
2023-05-12,503,84,419,0.16699801192842942
2023-05-15,503,84,419,0.16699801192842942
2023-05-16,504,84,420,0.16666666666666666
2023-05-17,503,84,419,0.16699801192842942
2023-05-18,503,84,419,0.16699801192842942
2023-05-19,503,84,419,0.16699801192842942
2023-05-22,503,84,419,0.16699801192842942
2023-05-23,503,84,419,0.16699801192842942
2023-05-24,503,84,419,0.16699801192842942
2023-05-25,503,84,419,0.16699801192842942
2023-05-26,503,84,419,0.16699801192842942
2023-05-30,503,84,419,0.16699801192842942
2023-05-31,503,84,419,0.16699801192842942
2023-06-01,503,84,419,0.16699801192842942
2023-06-02,503,84,419,0.16699801192842942
2023-06-05,503,84,419,0.16699801192842942
2023-06-06,503,84,419,0.16699801192842942
2023-06-07,504,84,420,0.16666666666666666
2023-06-08,503,84,419,0.16699801192842942
2023-06-09,503,84,419,0.16699801192842942
2023-06-12,503,84,419,0.16699801192842942
2023-06-13,503,84,419,0.16699801192842942
2023-06-14,503,84,419,0.16699801192842942
2023-06-15,503,84,419,0.16699801192842942
2023-06-16,503,84,419,0.16699801192842942
2023-06-20,504,84,420,0.16666666666666666
2023-06-21,503,84,419,0.16699801192842942
2023-06-22,503,84,419,0.16699801192842942
2023-06-23,503,84,419,0.16699801192842942
2023-06-26,503,84,419,0.16699801192842942
2023-06-27,503,84,419,0.16699801192842942
2023-06-28,503,84,419,0.16699801192842942
2023-06-29,503,84,419,0.16699801192842942
2023-06-30,503,84,419,0.16699801192842942
2023-07-03,503,84,419,0.16699801192842942
2023-07-05,503,84,419,0.16699801192842942
2023-07-06,503,84,419,0.16699801192842942
2023-07-07,503,84,419,0.16699801192842942
2023-07-10,504,84,420,0.16666666666666666
2023-07-11,503,84,419,0.16699801192842942
2023-07-12,503,84,419,0.16699801192842942
2023-07-13,503,84,419,0.16699801192842942
2023-07-14,503,84,419,0.16699801192842942
2023-07-17,503,84,419,0.16699801192842942
2023-07-18,503,84,419,0.16699801192842942
2023-07-19,503,84,419,0.16699801192842942
2023-07-20,503,84,419,0.16699801192842942
2023-07-21,503,84,419,0.16699801192842942
2023-07-24,503,84,419,0.16699801192842942
2023-07-25,503,84,419,0.16699801192842942
2023-07-26,503,84,419,0.16699801192842942
2023-07-27,503,84,419,0.16699801192842942
2023-07-28,503,84,419,0.16699801192842942
2023-07-31,503,84,419,0.16699801192842942
2023-08-01,503,84,419,0.16699801192842942
2023-08-02,503,84,419,0.16699801192842942
2023-08-03,503,84,419,0.16699801192842942
2023-08-04,503,84,419,0.16699801192842942
2023-08-07,503,84,419,0.16699801192842942
2023-08-08,503,84,419,0.16699801192842942
2023-08-09,503,84,419,0.16699801192842942
2023-08-10,503,84,419,0.16699801192842942
2023-08-11,503,84,419,0.16699801192842942
2023-08-14,503,84,419,0.16699801192842942
2023-08-15,503,84,419,0.16699801192842942
2023-08-16,503,84,419,0.16699801192842942
2023-08-17,503,84,419,0.16699801192842942
2023-08-18,503,84,419,0.16699801192842942
2023-08-21,503,84,419,0.16699801192842942
2023-08-22,503,84,419,0.16699801192842942
2023-08-23,503,84,419,0.16699801192842942
2023-08-24,503,84,419,0.16699801192842942
2023-08-25,504,84,420,0.16666666666666666
2023-08-28,503,84,419,0.16699801192842942
2023-08-29,503,84,419,0.16699801192842942
2023-08-30,504,84,420,0.16666666666666666
2023-08-31,503,84,419,0.16699801192842942
2023-09-01,503,84,419,0.16699801192842942
2023-09-05,503,84,419,0.16699801192842942
2023-09-06,503,84,419,0.16699801192842942
2023-09-07,503,84,419,0.16699801192842942
2023-09-08,503,84,419,0.16699801192842942
2023-09-11,503,84,419,0.16699801192842942
2023-09-12,503,84,419,0.16699801192842942
2023-09-13,503,84,419,0.16699801192842942
2023-09-14,503,84,419,0.16699801192842942
2023-09-15,503,84,419,0.16699801192842942
2023-09-18,505,84,421,0.16633663366336635
2023-09-19,503,84,419,0.16699801192842942
2023-09-20,503,84,419,0.16699801192842942
2023-09-21,503,84,419,0.16699801192842942
2023-09-22,503,84,419,0.16699801192842942
2023-09-25,503,84,419,0.16699801192842942
2023-09-26,503,84,419,0.16699801192842942
2023-09-27,503,84,419,0.16699801192842942
2023-09-28,503,84,419,0.16699801192842942
2023-09-29,503,84,419,0.16699801192842942
2023-10-02,504,84,420,0.16666666666666666
2023-10-03,503,84,419,0.16699801192842942
2023-10-04,503,84,419,0.16699801192842942
2023-10-05,503,84,419,0.16699801192842942
2023-10-06,503,84,419,0.16699801192842942
2023-10-09,503,84,419,0.16699801192842942
2023-10-10,503,84,419,0.16699801192842942
2023-10-11,503,84,419,0.16699801192842942
2023-10-12,503,84,419,0.16699801192842942
2023-10-13,503,84,419,0.16699801192842942
2023-10-16,503,84,419,0.16699801192842942
2023-10-17,503,84,419,0.16699801192842942
2023-10-18,508,84,424,0.16535433070866143
2023-10-19,503,84,419,0.16699801192842942
2023-10-20,503,84,419,0.16699801192842942
2023-10-23,503,84,419,0.16699801192842942
2023-10-24,503,84,419,0.16699801192842942
2023-10-25,503,84,419,0.16699801192842942
2023-10-26,503,84,419,0.16699801192842942
2023-10-27,503,84,419,0.16699801192842942
2023-10-30,503,84,419,0.16699801192842942
2023-10-31,503,84,419,0.16699801192842942
2023-11-01,503,84,419,0.16699801192842942
2023-11-02,503,84,419,0.16699801192842942
2023-11-03,503,84,419,0.16699801192842942
2023-11-06,503,84,419,0.16699801192842942
2023-11-07,503,84,419,0.16699801192842942
2023-11-08,503,84,419,0.16699801192842942
2023-11-09,503,84,419,0.16699801192842942
2023-11-10,503,84,419,0.16699801192842942
2023-11-13,503,84,419,0.16699801192842942
2023-11-14,503,84,419,0.16699801192842942
2023-11-15,503,84,419,0.16699801192842942
2023-11-16,503,84,419,0.16699801192842942
2023-11-17,503,84,419,0.16699801192842942
2023-11-20,503,84,419,0.16699801192842942
2023-11-21,503,84,419,0.16699801192842942
2023-11-22,503,84,419,0.16699801192842942
2023-11-24,503,84,419,0.16699801192842942
2023-11-27,503,84,419,0.16699801192842942
2023-11-28,503,84,419,0.16699801192842942
2023-11-29,503,84,419,0.16699801192842942
2023-11-30,503,84,419,0.16699801192842942
2023-12-01,503,84,419,0.16699801192842942
2023-12-04,503,84,419,0.16699801192842942
2023-12-05,503,84,419,0.16699801192842942
2023-12-06,503,84,419,0.16699801192842942
2023-12-07,503,84,419,0.16699801192842942
2023-12-08,503,84,419,0.16699801192842942
2023-12-11,503,84,419,0.16699801192842942
2023-12-12,503,84,419,0.16699801192842942
2023-12-13,503,84,419,0.16699801192842942
2023-12-14,503,84,419,0.16699801192842942
2023-12-15,503,84,419,0.16699801192842942
2023-12-18,503,84,419,0.16699801192842942
2023-12-19,503,84,419,0.16699801192842942
2023-12-20,503,84,419,0.16699801192842942
2023-12-21,503,84,419,0.16699801192842942
2023-12-22,503,84,419,0.16699801192842942
2023-12-26,503,84,419,0.16699801192842942
2023-12-27,503,84,419,0.16699801192842942
2023-12-28,503,84,419,0.16699801192842942
2023-12-29,503,84,419,0.16699801192842942
2024-01-02,503,84,419,0.16699801192842942
2024-01-03,503,84,419,0.16699801192842942
2024-01-04,503,84,419,0.16699801192842942
2024-01-05,503,84,419,0.16699801192842942
2024-01-08,503,84,419,0.16699801192842942
2024-01-09,503,84,419,0.16699801192842942
2024-01-10,503,84,419,0.16699801192842942
2024-01-11,503,84,419,0.16699801192842942
2024-01-12,503,84,419,0.16699801192842942
2024-01-16,503,84,419,0.16699801192842942
2024-01-17,503,84,419,0.16699801192842942
2024-01-18,503,84,419,0.16699801192842942
2024-01-19,503,84,419,0.16699801192842942
2024-01-22,503,84,419,0.16699801192842942
2024-01-23,503,84,419,0.16699801192842942
2024-01-24,503,84,419,0.16699801192842942
2024-01-25,503,84,419,0.16699801192842942
2024-01-26,503,84,419,0.16699801192842942
2024-01-29,503,84,419,0.16699801192842942
2024-01-30,503,84,419,0.16699801192842942
2024-01-31,503,84,419,0.16699801192842942
2024-02-01,504,84,420,0.16666666666666666
2024-02-02,503,84,419,0.16699801192842942
2024-02-05,503,84,419,0.16699801192842942
2024-02-06,503,84,419,0.16699801192842942
2024-02-07,503,84,419,0.16699801192842942
2024-02-08,503,84,419,0.16699801192842942
2024-02-09,503,84,419,0.16699801192842942
2024-02-12,503,84,419,0.16699801192842942
2024-02-13,503,84,419,0.16699801192842942
2024-02-14,503,84,419,0.16699801192842942
2024-02-15,503,84,419,0.16699801192842942
2024-02-16,503,84,419,0.16699801192842942
2024-02-20,503,84,419,0.16699801192842942
2024-02-21,503,84,419,0.16699801192842942
2024-02-22,503,84,419,0.16699801192842942
2024-02-23,503,84,419,0.16699801192842942
2024-02-26,503,84,419,0.16699801192842942
2024-02-27,503,84,419,0.16699801192842942
2024-02-28,503,84,419,0.16699801192842942
2024-02-29,503,84,419,0.16699801192842942
2024-03-01,503,84,419,0.16699801192842942
2024-03-04,504,84,420,0.16666666666666666
2024-03-05,503,84,419,0.16699801192842942
2024-03-06,503,84,419,0.16699801192842942
2024-03-07,503,84,419,0.16699801192842942
2024-03-08,503,84,419,0.16699801192842942
2024-03-11,503,84,419,0.16699801192842942
2024-03-12,503,84,419,0.16699801192842942
2024-03-13,503,84,419,0.16699801192842942
2024-03-14,503,84,419,0.16699801192842942
2024-03-15,503,84,419,0.16699801192842942
2024-03-18,505,84,421,0.16633663366336635
2024-03-19,503,84,419,0.16699801192842942
2024-03-20,503,84,419,0.16699801192842942
2024-03-21,503,84,419,0.16699801192842942
2024-03-22,503,84,419,0.16699801192842942
2024-03-25,504,84,420,0.16666666666666666
2024-03-26,503,84,419,0.16699801192842942
2024-03-27,503,84,419,0.16699801192842942
2024-03-28,503,84,419,0.16699801192842942
2024-04-01,503,84,419,0.16699801192842942
2024-04-02,503,84,419,0.16699801192842942
2024-04-03,505,84,421,0.16633663366336635
2024-04-04,503,84,419,0.16699801192842942
2024-04-05,503,84,419,0.16699801192842942
2024-04-08,503,84,419,0.16699801192842942
2024-04-09,503,84,419,0.16699801192842942
2024-04-10,503,84,419,0.16699801192842942
2024-04-11,503,84,419,0.16699801192842942
2024-04-12,503,84,419,0.16699801192842942
2024-04-15,503,84,419,0.16699801192842942
2024-04-16,503,84,419,0.16699801192842942
2024-04-17,503,84,419,0.16699801192842942
2024-04-18,503,84,419,0.16699801192842942
2024-04-19,503,84,419,0.16699801192842942
2024-04-22,503,84,419,0.16699801192842942
2024-04-23,503,84,419,0.16699801192842942
2024-04-24,503,84,419,0.16699801192842942
2024-04-25,503,84,419,0.16699801192842942
2024-04-26,503,84,419,0.16699801192842942
2024-04-29,503,84,419,0.16699801192842942
2024-04-30,503,84,419,0.16699801192842942
2024-05-01,503,84,419,0.16699801192842942
2024-05-02,503,84,419,0.16699801192842942
2024-05-03,503,84,419,0.16699801192842942
2024-05-06,503,84,419,0.16699801192842942
2024-05-07,503,84,419,0.16699801192842942
2024-05-08,504,84,420,0.16666666666666666
2024-05-09,503,84,419,0.16699801192842942
2024-05-10,503,84,419,0.16699801192842942
2024-05-13,503,84,419,0.16699801192842942
2024-05-14,503,84,419,0.16699801192842942
2024-05-15,503,84,419,0.16699801192842942
2024-05-16,503,84,419,0.16699801192842942
2024-05-17,503,84,419,0.16699801192842942
2024-05-20,503,84,419,0.16699801192842942
2024-05-21,503,84,419,0.16699801192842942
2024-05-22,503,84,419,0.16699801192842942
2024-05-23,503,84,419,0.16699801192842942
2024-05-24,503,84,419,0.16699801192842942
2024-05-28,503,84,419,0.16699801192842942
2024-05-29,503,84,419,0.16699801192842942
2024-05-30,503,84,419,0.16699801192842942
2024-05-31,503,84,419,0.16699801192842942
2024-06-03,503,84,419,0.16699801192842942
2024-06-04,503,84,419,0.16699801192842942
2024-06-05,503,84,419,0.16699801192842942
2024-06-06,503,84,419,0.16699801192842942
2024-06-07,503,84,419,0.16699801192842942
2024-06-10,503,84,419,0.16699801192842942
2024-06-11,503,84,419,0.16699801192842942
2024-06-12,503,84,419,0.16699801192842942
2024-06-13,503,84,419,0.16699801192842942
2024-06-14,503,84,419,0.16699801192842942
2024-06-17,503,84,419,0.16699801192842942
2024-06-18,503,84,419,0.16699801192842942
2024-06-20,503,84,419,0.16699801192842942
2024-06-21,503,84,419,0.16699801192842942
2024-06-24,506,84,422,0.16600790513833993
2024-06-25,503,84,419,0.16699801192842942
2024-06-26,503,84,419,0.16699801192842942
2024-06-27,503,84,419,0.16699801192842942
2024-06-28,503,84,419,0.16699801192842942
2024-07-01,503,84,419,0.16699801192842942
2024-07-02,503,84,419,0.16699801192842942
2024-07-03,503,84,419,0.16699801192842942
2024-07-05,503,84,419,0.16699801192842942
2024-07-08,504,84,420,0.16666666666666666
2024-07-09,503,84,419,0.16699801192842942
2024-07-10,503,84,419,0.16699801192842942
2024-07-11,503,84,419,0.16699801192842942
2024-07-12,503,84,419,0.16699801192842942
2024-07-15,503,84,419,0.16699801192842942
2024-07-16,503,84,419,0.16699801192842942
2024-07-17,503,84,419,0.16699801192842942
2024-07-18,503,84,419,0.16699801192842942
2024-07-19,503,84,419,0.16699801192842942
2024-07-22,503,84,419,0.16699801192842942
2024-07-23,503,84,419,0.16699801192842942
2024-07-24,503,84,419,0.16699801192842942
2024-07-25,503,84,419,0.16699801192842942
2024-07-26,503,84,419,0.16699801192842942
2024-07-29,503,84,419,0.16699801192842942
2024-07-30,503,84,419,0.16699801192842942
2024-07-31,503,84,419,0.16699801192842942
2024-08-01,503,84,419,0.16699801192842942
2024-08-02,503,84,419,0.16699801192842942
2024-08-05,503,84,419,0.16699801192842942
2024-08-06,503,84,419,0.16699801192842942
2024-08-07,503,84,419,0.16699801192842942
2024-08-08,503,84,419,0.16699801192842942
2024-08-09,503,84,419,0.16699801192842942
2024-08-12,503,84,419,0.16699801192842942
2024-08-13,503,84,419,0.16699801192842942
2024-08-14,503,84,419,0.16699801192842942
2024-08-15,503,84,419,0.16699801192842942
2024-08-16,503,84,419,0.16699801192842942
2024-08-19,503,84,419,0.16699801192842942
2024-08-20,503,84,419,0.16699801192842942
2024-08-21,503,84,419,0.16699801192842942
2024-08-22,503,84,419,0.16699801192842942
2024-08-23,503,84,419,0.16699801192842942
2024-08-26,503,84,419,0.16699801192842942
2024-08-27,503,84,419,0.16699801192842942
2024-08-28,503,84,419,0.16699801192842942
2024-08-29,503,84,419,0.16699801192842942
2024-08-30,503,84,419,0.16699801192842942
2024-09-03,503,84,419,0.16699801192842942
2024-09-04,503,84,419,0.16699801192842942
2024-09-05,503,84,419,0.16699801192842942
2024-09-06,503,84,419,0.16699801192842942
2024-09-09,503,84,419,0.16699801192842942
2024-09-10,503,84,419,0.16699801192842942
2024-09-11,503,84,419,0.16699801192842942
2024-09-12,503,84,419,0.16699801192842942
2024-09-13,503,84,419,0.16699801192842942
2024-09-16,503,84,419,0.16699801192842942
2024-09-17,503,84,419,0.16699801192842942
2024-09-18,503,84,419,0.16699801192842942
2024-09-19,503,84,419,0.16699801192842942
2024-09-20,503,84,419,0.16699801192842942
2024-09-23,506,84,422,0.16600790513833993
2024-09-24,503,84,419,0.16699801192842942
2024-09-25,503,84,419,0.16699801192842942
2024-09-26,503,84,419,0.16699801192842942
2024-09-27,503,84,419,0.16699801192842942
2024-09-30,504,84,420,0.16666666666666666
2024-10-01,504,84,420,0.16666666666666666
2024-10-02,503,84,419,0.16699801192842942
2024-10-03,503,84,419,0.16699801192842942
2024-10-04,503,84,419,0.16699801192842942
2024-10-07,503,84,419,0.16699801192842942
2024-10-08,503,84,419,0.16699801192842942
2024-10-09,503,84,419,0.16699801192842942
2024-10-10,503,84,419,0.16699801192842942
2024-10-11,503,84,419,0.16699801192842942
2024-10-14,503,84,419,0.16699801192842942
2024-10-15,503,84,419,0.16699801192842942
2024-10-16,503,84,419,0.16699801192842942
2024-10-17,503,84,419,0.16699801192842942
2024-10-18,503,84,419,0.16699801192842942
2024-10-21,503,84,419,0.16699801192842942
2024-10-22,503,84,419,0.16699801192842942
2024-10-23,503,84,419,0.16699801192842942
2024-10-24,503,84,419,0.16699801192842942
2024-10-25,503,84,419,0.16699801192842942
2024-10-28,503,84,419,0.16699801192842942
2024-10-29,503,84,419,0.16699801192842942
2024-10-30,503,84,419,0.16699801192842942
2024-10-31,503,84,419,0.16699801192842942
2024-11-01,503,84,419,0.16699801192842942
2024-11-04,503,84,419,0.16699801192842942
2024-11-05,503,84,419,0.16699801192842942
2024-11-06,503,84,419,0.16699801192842942
2024-11-07,503,84,419,0.16699801192842942
2024-11-08,503,84,419,0.16699801192842942
2024-11-11,503,84,419,0.16699801192842942
2024-11-12,503,84,419,0.16699801192842942
2024-11-13,503,84,419,0.16699801192842942
2024-11-14,503,84,419,0.16699801192842942
2024-11-15,503,84,419,0.16699801192842942
2024-11-18,503,84,419,0.16699801192842942
2024-11-19,503,84,419,0.16699801192842942
2024-11-20,503,84,419,0.16699801192842942
2024-11-21,503,84,419,0.16699801192842942
2024-11-22,503,84,419,0.16699801192842942
2024-11-25,503,84,419,0.16699801192842942
2024-11-26,504,84,420,0.16666666666666666
2024-11-27,503,84,419,0.16699801192842942
2024-11-29,503,84,419,0.16699801192842942
2024-12-02,503,84,419,0.16699801192842942
2024-12-03,503,84,419,0.16699801192842942
2024-12-04,503,84,419,0.16699801192842942
2024-12-05,503,84,419,0.16699801192842942
2024-12-06,503,84,419,0.16699801192842942
2024-12-09,503,84,419,0.16699801192842942
2024-12-10,503,84,419,0.16699801192842942
2024-12-11,503,84,419,0.16699801192842942
2024-12-12,503,84,419,0.16699801192842942
2024-12-13,503,84,419,0.16699801192842942
2024-12-16,503,84,419,0.16699801192842942
2024-12-17,503,84,419,0.16699801192842942
2024-12-18,503,84,419,0.16699801192842942
2024-12-19,503,84,419,0.16699801192842942
2024-12-20,503,84,419,0.16699801192842942
2024-12-23,506,84,422,0.16600790513833993
2024-12-24,503,84,419,0.16699801192842942
2024-12-26,503,84,419,0.16699801192842942
2024-12-27,503,84,419,0.16699801192842942
2024-12-30,503,84,419,0.16699801192842942
2024-12-31,503,84,419,0.16699801192842942
2025-01-02,503,84,419,0.16699801192842942
2025-01-03,503,84,419,0.16699801192842942
2025-01-06,503,84,419,0.16699801192842942
2025-01-07,503,84,419,0.16699801192842942
2025-01-08,503,84,419,0.16699801192842942
2025-01-10,503,84,419,0.16699801192842942
2025-01-13,503,84,419,0.16699801192842942
2025-01-14,503,84,419,0.16699801192842942
2025-01-15,503,84,419,0.16699801192842942
2025-01-16,503,84,419,0.16699801192842942
2025-01-17,503,84,419,0.16699801192842942
2025-01-21,503,84,419,0.16699801192842942
2025-01-22,503,84,419,0.16699801192842942
2025-01-23,503,84,419,0.16699801192842942
2025-01-24,503,84,419,0.16699801192842942
2025-01-27,503,84,419,0.16699801192842942
2025-01-28,503,84,419,0.16699801192842942
2025-01-29,503,84,419,0.16699801192842942
2025-01-30,503,84,419,0.16699801192842942
2025-01-31,503,84,419,0.16699801192842942
2025-02-03,503,84,419,0.16699801192842942
2025-02-04,503,84,419,0.16699801192842942
2025-02-05,503,84,419,0.16699801192842942
2025-02-06,503,84,419,0.16699801192842942
2025-02-07,503,84,419,0.16699801192842942
2025-02-10,503,84,419,0.16699801192842942
2025-02-11,503,84,419,0.16699801192842942
2025-02-12,503,84,419,0.16699801192842942
2025-02-13,503,84,419,0.16699801192842942
2025-02-14,503,84,419,0.16699801192842942
2025-02-18,503,84,419,0.16699801192842942
2025-02-19,503,84,419,0.16699801192842942
2025-02-20,503,84,419,0.16699801192842942
2025-02-21,503,84,419,0.16699801192842942
2025-02-24,503,84,419,0.16699801192842942
2025-02-25,503,84,419,0.16699801192842942
2025-02-26,503,84,419,0.16699801192842942
2025-02-27,503,84,419,0.16699801192842942
2025-02-28,503,84,419,0.16699801192842942
2025-03-03,503,84,419,0.16699801192842942
2025-03-04,503,84,419,0.16699801192842942
2025-03-05,503,84,419,0.16699801192842942
2025-03-06,503,84,419,0.16699801192842942
2025-03-07,503,84,419,0.16699801192842942
2025-03-10,503,84,419,0.16699801192842942
2025-03-11,503,84,419,0.16699801192842942
2025-03-12,503,84,419,0.16699801192842942
2025-03-13,503,84,419,0.16699801192842942
2025-03-14,503,84,419,0.16699801192842942
2025-03-17,503,84,419,0.16699801192842942
2025-03-18,503,84,419,0.16699801192842942
2025-03-19,503,84,419,0.16699801192842942
2025-03-20,503,84,419,0.16699801192842942
2025-03-21,503,84,419,0.16699801192842942
2025-03-24,503,84,419,0.16699801192842942
2025-03-25,503,84,419,0.16699801192842942
2025-03-26,503,84,419,0.16699801192842942
2025-03-27,503,84,419,0.16699801192842942
2025-03-28,503,84,419,0.16699801192842942
2025-03-31,503,84,419,0.16699801192842942
2025-04-01,503,84,419,0.16699801192842942
2025-04-02,503,84,419,0.16699801192842942
2025-04-03,503,84,419,0.16699801192842942
2025-04-04,503,84,419,0.16699801192842942
2025-04-07,503,84,419,0.16699801192842942
2025-04-08,503,84,419,0.16699801192842942
2025-04-09,503,84,419,0.16699801192842942
2025-04-10,503,84,419,0.16699801192842942
2025-04-11,503,84,419,0.16699801192842942
2025-04-14,503,84,419,0.16699801192842942
2025-04-15,503,84,419,0.16699801192842942
2025-04-16,503,84,419,0.16699801192842942
2025-04-17,503,84,419,0.16699801192842942
2025-04-21,503,84,419,0.16699801192842942
2025-04-22,503,84,419,0.16699801192842942
2025-04-23,503,84,419,0.16699801192842942
2025-04-24,507,84,423,0.16568047337278108
2025-04-25,503,84,419,0.16699801192842942
2025-04-28,503,84,419,0.16699801192842942
2025-04-29,503,84,419,0.16699801192842942
2025-04-30,503,84,419,0.16699801192842942
2025-05-01,503,84,419,0.16699801192842942
2025-05-02,503,84,419,0.16699801192842942
2025-05-05,503,84,419,0.16699801192842942
2025-05-06,503,84,419,0.16699801192842942
2025-05-07,503,84,419,0.16699801192842942
2025-05-08,503,84,419,0.16699801192842942
2025-05-09,503,84,419,0.16699801192842942
2025-05-12,503,84,419,0.16699801192842942
2025-05-13,503,84,419,0.16699801192842942
2025-05-14,503,84,419,0.16699801192842942
2025-05-15,503,84,419,0.16699801192842942
2025-05-16,503,84,419,0.16699801192842942
2025-05-19,504,84,420,0.16666666666666666
2025-05-20,503,84,419,0.16699801192842942
2025-05-21,503,84,419,0.16699801192842942
2025-05-22,503,84,419,0.16699801192842942
2025-05-23,503,84,419,0.16699801192842942
2025-05-27,503,84,419,0.16699801192842942
2025-05-28,503,84,419,0.16699801192842942
2025-05-29,503,84,419,0.16699801192842942
2025-05-30,503,84,419,0.16699801192842942
2025-06-02,503,84,419,0.16699801192842942
2025-06-03,503,84,419,0.16699801192842942
2025-06-04,503,84,419,0.16699801192842942
2025-06-05,503,84,419,0.16699801192842942
2025-06-06,503,84,419,0.16699801192842942
2025-06-09,503,84,419,0.16699801192842942
2025-06-10,503,84,419,0.16699801192842942
2025-06-11,503,84,419,0.16699801192842942
2025-06-12,503,84,419,0.16699801192842942
2025-06-13,503,84,419,0.16699801192842942
2025-06-16,503,84,419,0.16699801192842942
2025-06-17,503,84,419,0.16699801192842942
2025-06-18,503,84,419,0.16699801192842942
2025-06-20,503,84,419,0.16699801192842942
2025-06-23,503,84,419,0.16699801192842942
2025-06-24,503,84,419,0.16699801192842942
2025-06-25,503,84,419,0.16699801192842942
2025-06-26,503,84,419,0.16699801192842942
2025-06-27,503,84,419,0.16699801192842942
2025-06-30,503,84,419,0.16699801192842942
2025-07-01,503,84,419,0.16699801192842942
2025-07-02,503,84,419,0.16699801192842942
2025-07-03,503,84,419,0.16699801192842942
2025-07-07,503,84,419,0.16699801192842942
2025-07-08,503,84,419,0.16699801192842942
2025-07-09,504,84,420,0.16666666666666666
2025-07-10,503,84,419,0.16699801192842942
2025-07-11,503,84,419,0.16699801192842942
2025-07-14,503,84,419,0.16699801192842942
2025-07-15,503,84,419,0.16699801192842942
2025-07-16,503,84,419,0.16699801192842942
2025-07-17,503,84,419,0.16699801192842942
2025-07-18,504,84,420,0.16666666666666666
2025-07-21,503,84,419,0.16699801192842942
2025-07-22,503,84,419,0.16699801192842942
2025-07-23,504,84,420,0.16666666666666666
2025-07-24,503,84,419,0.16699801192842942
2025-07-25,503,84,419,0.16699801192842942
2025-07-28,503,84,419,0.16699801192842942
2025-07-29,503,84,419,0.16699801192842942
2025-07-30,503,84,419,0.16699801192842942
2025-07-31,503,84,419,0.16699801192842942
2025-08-01,503,84,419,0.16699801192842942
2025-08-04,503,84,419,0.16699801192842942
2025-08-05,503,84,419,0.16699801192842942
2025-08-06,503,84,419,0.16699801192842942
2025-08-07,503,84,419,0.16699801192842942
2025-08-08,504,84,420,0.16666666666666666
2025-08-11,503,84,419,0.16699801192842942
2025-08-12,503,84,419,0.16699801192842942
2025-08-13,503,84,419,0.16699801192842942
2025-08-14,503,84,419,0.16699801192842942
2025-08-15,503,84,419,0.16699801192842942
2025-08-18,503,84,419,0.16699801192842942
2025-08-19,503,84,419,0.16699801192842942
2025-08-20,503,84,419,0.16699801192842942
2025-08-21,503,84,419,0.16699801192842942
2025-08-22,503,84,419,0.16699801192842942
2025-08-25,503,84,419,0.16699801192842942
2025-08-26,503,84,419,0.16699801192842942
2025-08-27,503,84,419,0.16699801192842942
2025-08-28,504,84,420,0.16666666666666666
2025-08-29,503,84,419,0.16699801192842942
2025-09-02,503,84,419,0.16699801192842942
2025-09-03,503,84,419,0.16699801192842942
2025-09-04,503,84,419,0.16699801192842942
2025-09-05,503,84,419,0.16699801192842942
2025-09-08,503,84,419,0.16699801192842942
2025-09-09,503,84,419,0.16699801192842942
2025-09-10,503,84,419,0.16699801192842942
2025-09-11,503,84,419,0.16699801192842942
2025-09-12,503,84,419,0.16699801192842942
2025-09-15,503,84,419,0.16699801192842942
2025-09-16,503,84,419,0.16699801192842942
2025-09-17,503,84,419,0.16699801192842942
2025-09-18,503,84,419,0.16699801192842942
2025-09-19,503,84,419,0.16699801192842942
2025-09-22,506,84,422,0.16600790513833993
2025-09-23,503,84,419,0.16699801192842942
2025-09-24,503,84,419,0.16699801192842942
2025-09-25,503,84,419,0.16699801192842942
2025-09-26,503,84,419,0.16699801192842942
2025-09-29,503,84,419,0.16699801192842942
2025-09-30,503,84,419,0.16699801192842942
2025-10-01,503,84,419,0.16699801192842942
2025-10-02,503,84,419,0.16699801192842942
2025-10-03,503,84,419,0.16699801192842942
2025-10-06,503,84,419,0.16699801192842942
2025-10-07,503,84,419,0.16699801192842942
2025-10-08,503,84,419,0.16699801192842942
2025-10-09,503,84,419,0.16699801192842942
2025-10-10,503,84,419,0.16699801192842942
2025-10-13,503,84,419,0.16699801192842942
2025-10-14,503,84,419,0.16699801192842942
2025-10-15,503,84,419,0.16699801192842942
2025-10-16,503,84,419,0.16699801192842942
2025-10-17,503,84,419,0.16699801192842942
2025-10-20,503,84,419,0.16699801192842942
2025-10-21,503,84,419,0.16699801192842942
2025-10-22,503,84,419,0.16699801192842942
2025-10-23,503,84,419,0.16699801192842942
2025-10-24,503,84,419,0.16699801192842942
2025-10-27,503,84,419,0.16699801192842942
2025-10-28,503,84,419,0.16699801192842942
2025-10-29,503,84,419,0.16699801192842942
2025-10-30,504,84,420,0.16666666666666666
2025-10-31,504,84,420,0.16666666666666666
2025-11-03,504,84,420,0.16666666666666666
2025-11-04,504,84,420,0.16666666666666666
2025-11-05,503,84,419,0.16699801192842942
2025-11-06,503,84,419,0.16699801192842942
2025-11-07,503,84,419,0.16699801192842942
2025-11-10,503,84,419,0.16699801192842942
2025-11-11,504,84,420,0.16666666666666666
2025-11-12,503,84,419,0.16699801192842942
2025-11-13,503,84,419,0.16699801192842942
2025-11-14,503,84,419,0.16699801192842942
2025-11-17,503,84,419,0.16699801192842942
2025-11-18,503,84,419,0.16699801192842942
2025-11-19,503,84,419,0.16699801192842942
2025-11-20,503,84,419,0.16699801192842942
2025-11-21,503,84,419,0.16699801192842942
2025-11-24,503,84,419,0.16699801192842942
2025-11-25,503,84,419,0.16699801192842942
2025-11-26,503,84,419,0.16699801192842942
2025-11-28,504,84,420,0.16666666666666666
2025-12-01,503,84,419,0.16699801192842942
2025-12-02,503,84,419,0.16699801192842942
2025-12-03,503,84,419,0.16699801192842942
2025-12-04,503,84,419,0.16699801192842942
2025-12-05,503,84,419,0.16699801192842942
2025-12-08,503,84,419,0.16699801192842942
2025-12-09,503,84,419,0.16699801192842942
2025-12-10,503,84,419,0.16699801192842942
2025-12-11,504,84,420,0.16666666666666666
2025-12-12,503,84,419,0.16699801192842942
2025-12-15,503,84,419,0.16699801192842942
2025-12-16,503,84,419,0.16699801192842942
2025-12-17,503,84,419,0.16699801192842942
2025-12-18,503,84,419,0.16699801192842942
2025-12-19,503,84,419,0.16699801192842942
2025-12-22,506,84,422,0.16600790513833993
2025-12-23,503,84,419,0.16699801192842942
2025-12-24,503,84,419,0.16699801192842942
2025-12-26,503,84,419,0.16699801192842942
2025-12-29,503,84,419,0.16699801192842942
2025-12-30,503,84,419,0.16699801192842942
2025-12-31,503,84,419,0.16699801192842942
2026-01-02,503,84,419,0.16699801192842942
2026-01-05,503,84,419,0.16699801192842942
2026-01-06,503,84,419,0.16699801192842942
2026-01-07,503,84,419,0.16699801192842942
2026-01-08,503,84,419,0.16699801192842942
2026-01-09,503,84,419,0.16699801192842942
2026-01-12,503,84,419,0.16699801192842942
2026-01-13,503,84,419,0.16699801192842942
2026-01-14,504,84,420,0.16666666666666666
2026-01-15,503,84,419,0.16699801192842942
2026-01-16,503,84,419,0.16699801192842942
2026-01-20,503,84,419,0.16699801192842942
2026-01-21,503,84,419,0.16699801192842942
2026-01-22,503,84,419,0.16699801192842942
2026-01-23,503,84,419,0.16699801192842942
2026-01-26,503,84,419,0.16699801192842942
2026-01-27,503,84,419,0.16699801192842942
2026-01-28,503,84,419,0.16699801192842942
2026-01-29,503,84,419,0.16699801192842942
2026-01-30,503,84,419,0.16699801192842942
2026-02-02,503,84,419,0.16699801192842942
2026-02-03,503,84,419,0.16699801192842942
2026-02-04,503,84,419,0.16699801192842942
2026-02-05,503,84,419,0.16699801192842942
2026-02-06,503,84,419,0.16699801192842942
2026-02-09,503,84,419,0.16699801192842942
2026-02-10,503,84,419,0.16699801192842942
2026-02-11,503,84,419,0.16699801192842942
2026-02-12,503,84,419,0.16699801192842942
2026-02-13,503,84,419,0.16699801192842942
2026-02-17,503,84,419,0.16699801192842942
2026-02-18,503,84,419,0.16699801192842942
2026-02-19,503,84,419,0.16699801192842942
2026-02-20,503,84,419,0.16699801192842942
2026-02-23,503,84,419,0.16699801192842942
2026-02-24,503,84,419,0.16699801192842942
2026-02-25,503,84,419,0.16699801192842942
2026-02-26,503,84,419,0.16699801192842942
2026-02-27,503,84,419,0.16699801192842942
2026-03-02,503,84,419,0.16699801192842942
2026-03-03,503,84,419,0.16699801192842942
2026-03-04,503,84,419,0.16699801192842942
2026-03-05,503,84,419,0.16699801192842942
2026-03-06,503,84,419,0.16699801192842942
2026-03-09,503,84,419,0.16699801192842942
2026-03-10,503,84,419,0.16699801192842942
2026-03-11,503,84,419,0.16699801192842942
2026-03-12,503,84,419,0.16699801192842942
2026-03-13,503,84,419,0.16699801192842942
2026-03-16,503,84,419,0.16699801192842942
2026-03-17,503,84,419,0.16699801192842942
2026-03-18,503,84,419,0.16699801192842942
2026-03-19,503,84,419,0.16699801192842942
2026-03-20,503,84,419,0.16699801192842942
2026-03-23,503,84,419,0.16699801192842942
2026-03-24,503,84,419,0.16699801192842942
2026-03-25,503,84,419,0.16699801192842942
2026-03-26,503,84,419,0.16699801192842942
2026-03-27,503,84,419,0.16699801192842942
2026-03-30,503,84,419,0.16699801192842942
2026-03-31,503,84,419,0.16699801192842942
2026-04-01,503,84,419,0.16699801192842942
2026-04-02,503,84,419,0.16699801192842942
2026-04-06,503,84,419,0.16699801192842942
2026-04-07,503,84,419,0.16699801192842942
2026-04-08,503,84,419,0.16699801192842942
2026-04-09,503,84,419,0.16699801192842942
2026-04-10,503,84,419,0.16699801192842942
2026-04-13,503,84,419,0.16699801192842942
2026-04-14,503,84,419,0.16699801192842942
2026-04-15,503,84,419,0.16699801192842942
2026-04-16,503,84,419,0.16699801192842942
2026-04-17,503,84,419,0.16699801192842942
2026-04-20,503,84,419,0.16699801192842942
2026-04-21,503,84,419,0.16699801192842942
2026-04-22,503,84,419,0.16699801192842942
2026-04-23,503,84,419,0.16699801192842942
2026-04-24,503,84,419,0.16699801192842942
2026-04-27,503,84,419,0.16699801192842942
2026-04-28,503,84,419,0.16699801192842942
2026-04-29,503,84,419,0.16699801192842942
2026-04-30,503,84,419,0.16699801192842942
2026-05-01,503,84,419,0.16699801192842942
2026-05-04,503,84,419,0.16699801192842942
2026-05-05,503,84,419,0.16699801192842942
2026-05-06,503,84,419,0.16699801192842942
2026-05-07,503,84,419,0.16699801192842942
2026-05-08,503,84,419,0.16699801192842942
2026-05-11,503,84,419,0.16699801192842942
2026-05-12,503,84,419,0.16699801192842942
2026-05-13,503,84,419,0.16699801192842942
2026-05-14,503,84,419,0.16699801192842942
2026-05-15,503,84,419,0.16699801192842942
2026-05-18,503,84,419,0.16699801192842942
2026-05-19,503,84,419,0.16699801192842942
2026-05-20,503,84,419,0.16699801192842942
2026-05-21,503,84,419,0.16699801192842942
2026-05-22,503,84,419,0.16699801192842942
2026-05-26,503,84,419,0.16699801192842942
2026-05-27,503,84,419,0.16699801192842942
2026-05-28,503,84,419,0.16699801192842942
2026-05-29,503,84,419,0.16699801192842942
2026-06-01,503,84,419,0.16699801192842942
